ISO-10303-21;
HEADER;
FILE_DESCRIPTION(('Open CASCADE Model'),'2;1');
FILE_NAME('Open CASCADE Shape Model','2026-10-07T15:46:24',('Author'),(
    'Open CASCADE'),'Open CASCADE STEP processor 7.9','Open CASCADE 7.9'
  ,'Unknown');
FILE_SCHEMA(('AUTOMOTIVE_DESIGN { 1 0 10303 214 1 1 1 1 }'));
ENDSEC;
DATA;
#1 = APPLICATION_PROTOCOL_DEFINITION('international standard',
  'automotive_design',2000,#2);
#2 = APPLICATION_CONTEXT(
  'core data for automotive mechanical design processes');
#3 = SHAPE_DEFINITION_REPRESENTATION(#4,#10);
#4 = PRODUCT_DEFINITION_SHAPE('','',#5);
#5 = PRODUCT_DEFINITION('design','',#6,#9);
#6 = PRODUCT_DEFINITION_FORMATION('','',#7);
#7 = PRODUCT('Open CASCADE STEP translator 7.9 3',
  'Open CASCADE STEP translator 7.9 3','',(#8));
#8 = PRODUCT_CONTEXT('',#2,'mechanical');
#9 = PRODUCT_DEFINITION_CONTEXT('part definition',#2,'design');
#10 = ADVANCED_BREP_SHAPE_REPRESENTATION('',(#11,#15),#8485);
#11 = AXIS2_PLACEMENT_3D('',#12,#13,#14);
#12 = CARTESIAN_POINT('',(0.,0.,0.));
#13 = DIRECTION('',(0.,0.,1.));
#14 = DIRECTION('',(1.,0.,-0.));
#15 = MANIFOLD_SOLID_BREP('',#16);
#16 = CLOSED_SHELL('',(#17,#133,#3145,#3197,#5653,#5678,#5703,#5728,
    #5753,#5778,#5785,#5812,#5859,#5886,#5913,#5940,#5967,#5994,#6021,
    #6028,#6075,#6102,#6129,#6156,#6183,#6210,#6237,#6244,#6291,#6318,
    #6345,#6372,#6399,#6426,#6453,#6460,#6507,#6534,#6561,#6588,#6615,
    #6642,#6669,#6676,#6703,#6750,#6777,#6804,#6831,#6858,#6885,#6912,
    #6919,#6966,#6993,#7020,#7047,#7074,#7101,#7128,#7135,#7182,#7209,
    #7236,#7263,#7290,#7317,#7344,#7351,#7398,#7425,#7452,#7479,#7506,
    #7533,#7560,#7567,#7614,#7641,#7668,#7695,#7722,#7749,#7776,#7783,
    #7810,#7857,#7884,#7911,#7938,#7965,#7992,#8019,#8026,#8073,#8100,
    #8127,#8154,#8181,#8208,#8235,#8242,#8289,#8316,#8343,#8370,#8397,
    #8424,#8451,#8458));
#17 = ADVANCED_FACE('',(#18),#32,.F.);
#18 = FACE_BOUND('',#19,.F.);
#19 = EDGE_LOOP('',(#20,#55,#81,#109));
#20 = ORIENTED_EDGE('',*,*,#21,.F.);
#21 = EDGE_CURVE('',#22,#24,#26,.T.);
#22 = VERTEX_POINT('',#23);
#23 = CARTESIAN_POINT('',(8.,15.72606868832,3.));
#24 = VERTEX_POINT('',#25);
#25 = CARTESIAN_POINT('',(8.,174.27393131168,3.));
#26 = SURFACE_CURVE('',#27,(#31,#43),.PCURVE_S1.);
#27 = LINE('',#28,#29);
#28 = CARTESIAN_POINT('',(8.,8.,3.));
#29 = VECTOR('',#30,1.);
#30 = DIRECTION('',(0.,1.,0.));
#31 = PCURVE('',#32,#37);
#32 = PLANE('',#33);
#33 = AXIS2_PLACEMENT_3D('',#34,#35,#36);
#34 = CARTESIAN_POINT('',(8.,8.,0.));
#35 = DIRECTION('',(1.,0.,0.));
#36 = DIRECTION('',(0.,0.,1.));
#37 = DEFINITIONAL_REPRESENTATION('',(#38),#42);
#38 = LINE('',#39,#40);
#39 = CARTESIAN_POINT('',(3.,0.));
#40 = VECTOR('',#41,1.);
#41 = DIRECTION('',(0.,-1.));
#42 = ( GEOMETRIC_REPRESENTATION_CONTEXT(2) 
PARAMETRIC_REPRESENTATION_CONTEXT() REPRESENTATION_CONTEXT('2D SPACE',''
  ) );
#43 = PCURVE('',#44,#49);
#44 = PLANE('',#45);
#45 = AXIS2_PLACEMENT_3D('',#46,#47,#48);
#46 = CARTESIAN_POINT('',(8.,8.,3.));
#47 = DIRECTION('',(0.,0.,1.));
#48 = DIRECTION('',(1.,0.,0.));
#49 = DEFINITIONAL_REPRESENTATION('',(#50),#54);
#50 = LINE('',#51,#52);
#51 = CARTESIAN_POINT('',(0.,0.));
#52 = VECTOR('',#53,1.);
#53 = DIRECTION('',(0.,1.));
#54 = ( GEOMETRIC_REPRESENTATION_CONTEXT(2) 
PARAMETRIC_REPRESENTATION_CONTEXT() REPRESENTATION_CONTEXT('2D SPACE',''
  ) );
#55 = ORIENTED_EDGE('',*,*,#56,.T.);
#56 = EDGE_CURVE('',#22,#57,#59,.T.);
#57 = VERTEX_POINT('',#58);
#58 = CARTESIAN_POINT('',(8.,15.72606868832,0.));
#59 = SURFACE_CURVE('',#60,(#64,#70),.PCURVE_S1.);
#60 = LINE('',#61,#62);
#61 = CARTESIAN_POINT('',(8.,15.72606868832,-1.));
#62 = VECTOR('',#63,1.);
#63 = DIRECTION('',(-0.,-0.,-1.));
#64 = PCURVE('',#32,#65);
#65 = DEFINITIONAL_REPRESENTATION('',(#66),#69);
#66 = B_SPLINE_CURVE_WITH_KNOTS('',1,(#67,#68),.UNSPECIFIED.,.F.,.F.,(2,
    2),(-4.3,-0.7),.PIECEWISE_BEZIER_KNOTS.);
#67 = CARTESIAN_POINT('',(3.3,-7.72606868832));
#68 = CARTESIAN_POINT('',(-0.3,-7.72606868832));
#69 = ( GEOMETRIC_REPRESENTATION_CONTEXT(2) 
PARAMETRIC_REPRESENTATION_CONTEXT() REPRESENTATION_CONTEXT('2D SPACE',''
  ) );
#70 = PCURVE('',#71,#76);
#71 = CYLINDRICAL_SURFACE('',#72,6.8);
#72 = AXIS2_PLACEMENT_3D('',#73,#74,#75);
#73 = CARTESIAN_POINT('',(9.,9.,-1.));
#74 = DIRECTION('',(-0.,-0.,-1.));
#75 = DIRECTION('',(1.,0.,0.));
#76 = DEFINITIONAL_REPRESENTATION('',(#77),#80);
#77 = B_SPLINE_CURVE_WITH_KNOTS('',1,(#78,#79),.UNSPECIFIED.,.F.,.F.,(2,
    2),(-4.,-1.),.PIECEWISE_BEZIER_KNOTS.);
#78 = CARTESIAN_POINT('',(-8.001575739634,-4.));
#79 = CARTESIAN_POINT('',(-8.001575739634,-1.));
#80 = ( GEOMETRIC_REPRESENTATION_CONTEXT(2) 
PARAMETRIC_REPRESENTATION_CONTEXT() REPRESENTATION_CONTEXT('2D SPACE',''
  ) );
#81 = ORIENTED_EDGE('',*,*,#82,.T.);
#82 = EDGE_CURVE('',#57,#83,#85,.T.);
#83 = VERTEX_POINT('',#84);
#84 = CARTESIAN_POINT('',(8.,174.27393131168,0.));
#85 = SURFACE_CURVE('',#86,(#90,#97),.PCURVE_S1.);
#86 = LINE('',#87,#88);
#87 = CARTESIAN_POINT('',(8.,8.,0.));
#88 = VECTOR('',#89,1.);
#89 = DIRECTION('',(0.,1.,0.));
#90 = PCURVE('',#32,#91);
#91 = DEFINITIONAL_REPRESENTATION('',(#92),#96);
#92 = LINE('',#93,#94);
#93 = CARTESIAN_POINT('',(0.,0.));
#94 = VECTOR('',#95,1.);
#95 = DIRECTION('',(0.,-1.));
#96 = ( GEOMETRIC_REPRESENTATION_CONTEXT(2) 
PARAMETRIC_REPRESENTATION_CONTEXT() REPRESENTATION_CONTEXT('2D SPACE',''
  ) );
#97 = PCURVE('',#98,#103);
#98 = PLANE('',#99);
#99 = AXIS2_PLACEMENT_3D('',#100,#101,#102);
#100 = CARTESIAN_POINT('',(8.,8.,0.));
#101 = DIRECTION('',(0.,0.,1.));
#102 = DIRECTION('',(1.,0.,0.));
#103 = DEFINITIONAL_REPRESENTATION('',(#104),#108);
#104 = LINE('',#105,#106);
#105 = CARTESIAN_POINT('',(0.,0.));
#106 = VECTOR('',#107,1.);
#107 = DIRECTION('',(0.,1.));
#108 = ( GEOMETRIC_REPRESENTATION_CONTEXT(2) 
PARAMETRIC_REPRESENTATION_CONTEXT() REPRESENTATION_CONTEXT('2D SPACE',''
  ) );
#109 = ORIENTED_EDGE('',*,*,#110,.F.);
#110 = EDGE_CURVE('',#24,#83,#111,.T.);
#111 = SURFACE_CURVE('',#112,(#116,#122),.PCURVE_S1.);
#112 = LINE('',#113,#114);
#113 = CARTESIAN_POINT('',(8.,174.27393131168,-1.));
#114 = VECTOR('',#115,1.);
#115 = DIRECTION('',(-0.,-0.,-1.));
#116 = PCURVE('',#32,#117);
#117 = DEFINITIONAL_REPRESENTATION('',(#118),#121);
#118 = B_SPLINE_CURVE_WITH_KNOTS('',1,(#119,#120),.UNSPECIFIED.,.F.,.F.,
  (2,2),(-4.3,-0.7),.PIECEWISE_BEZIER_KNOTS.);
#119 = CARTESIAN_POINT('',(3.3,-166.2739313116));
#120 = CARTESIAN_POINT('',(-0.3,-166.2739313116));
#121 = ( GEOMETRIC_REPRESENTATION_CONTEXT(2) 
PARAMETRIC_REPRESENTATION_CONTEXT() REPRESENTATION_CONTEXT('2D SPACE',''
  ) );
#122 = PCURVE('',#123,#128);
#123 = CYLINDRICAL_SURFACE('',#124,6.8);
#124 = AXIS2_PLACEMENT_3D('',#125,#126,#127);
#125 = CARTESIAN_POINT('',(9.,181.,-1.));
#126 = DIRECTION('',(-0.,-0.,-1.));
#127 = DIRECTION('',(1.,0.,0.));
#128 = DEFINITIONAL_REPRESENTATION('',(#129),#132);
#129 = B_SPLINE_CURVE_WITH_KNOTS('',1,(#130,#131),.UNSPECIFIED.,.F.,.F.,
  (2,2),(-4.,-1.),.PIECEWISE_BEZIER_KNOTS.);
#130 = CARTESIAN_POINT('',(-4.564794874726,-4.));
#131 = CARTESIAN_POINT('',(-4.564794874726,-1.));
#132 = ( GEOMETRIC_REPRESENTATION_CONTEXT(2) 
PARAMETRIC_REPRESENTATION_CONTEXT() REPRESENTATION_CONTEXT('2D SPACE',''
  ) );
#133 = ADVANCED_FACE('',(#134,#341,#376,#598,#820,#1042,#1264,#1299,
    #1521,#1743,#1965,#2187,#2409,#2444,#2666,#2888,#3110),#44,.T.);
#134 = FACE_BOUND('',#135,.T.);
#135 = EDGE_LOOP('',(#136,#137,#165,#193,#226,#254,#287,#315));
#136 = ORIENTED_EDGE('',*,*,#21,.F.);
#137 = ORIENTED_EDGE('',*,*,#138,.T.);
#138 = EDGE_CURVE('',#22,#139,#141,.T.);
#139 = VERTEX_POINT('',#140);
#140 = CARTESIAN_POINT('',(15.72606868832,8.,3.));
#141 = SURFACE_CURVE('',#142,(#147,#158),.PCURVE_S1.);
#142 = CIRCLE('',#143,6.8);
#143 = AXIS2_PLACEMENT_3D('',#144,#145,#146);
#144 = CARTESIAN_POINT('',(9.,9.,3.));
#145 = DIRECTION('',(0.,0.,-1.));
#146 = DIRECTION('',(-0.147058823529,0.989127748282,0.));
#147 = PCURVE('',#44,#148);
#148 = DEFINITIONAL_REPRESENTATION('',(#149),#157);
#149 = ( BOUNDED_CURVE() B_SPLINE_CURVE(2,(#150,#151,#152,#153,#154,#155
,#156),.UNSPECIFIED.,.T.,.F.) B_SPLINE_CURVE_WITH_KNOTS((1,2,2,2,2,1),(
    -2.094395102393,0.,2.094395102393,4.188790204786,6.28318530718,
8.377580409573),.UNSPECIFIED.) CURVE() GEOMETRIC_REPRESENTATION_ITEM() 
RATIONAL_B_SPLINE_CURVE((1.,0.5,1.,0.5,1.,0.5,1.)) REPRESENTATION_ITEM(
  '') );
#150 = CARTESIAN_POINT('',(1.110223024625E-16,7.72606868832));
#151 = CARTESIAN_POINT('',(11.649892703369,9.458119495889));
#152 = CARTESIAN_POINT('',(7.324946351684,-1.497008940376));
#153 = CARTESIAN_POINT('',(3.,-12.45213737664));
#154 = CARTESIAN_POINT('',(-4.324946351684,-3.229059747944));
#155 = CARTESIAN_POINT('',(-11.64989270336,5.994017880751));
#156 = CARTESIAN_POINT('',(1.110223024625E-16,7.72606868832));
#157 = ( GEOMETRIC_REPRESENTATION_CONTEXT(2) 
PARAMETRIC_REPRESENTATION_CONTEXT() REPRESENTATION_CONTEXT('2D SPACE',''
  ) );
#158 = PCURVE('',#71,#159);
#159 = DEFINITIONAL_REPRESENTATION('',(#160),#164);
#160 = LINE('',#161,#162);
#161 = CARTESIAN_POINT('',(-8.001575739634,-4.));
#162 = VECTOR('',#163,1.);
#163 = DIRECTION('',(1.,-0.));
#164 = ( GEOMETRIC_REPRESENTATION_CONTEXT(2) 
PARAMETRIC_REPRESENTATION_CONTEXT() REPRESENTATION_CONTEXT('2D SPACE',''
  ) );
#165 = ORIENTED_EDGE('',*,*,#166,.T.);
#166 = EDGE_CURVE('',#139,#167,#169,.T.);
#167 = VERTEX_POINT('',#168);
#168 = CARTESIAN_POINT('',(114.27393131168,8.,3.));
#169 = SURFACE_CURVE('',#170,(#174,#181),.PCURVE_S1.);
#170 = LINE('',#171,#172);
#171 = CARTESIAN_POINT('',(8.,8.,3.));
#172 = VECTOR('',#173,1.);
#173 = DIRECTION('',(1.,0.,0.));
#174 = PCURVE('',#44,#175);
#175 = DEFINITIONAL_REPRESENTATION('',(#176),#180);
#176 = LINE('',#177,#178);
#177 = CARTESIAN_POINT('',(0.,0.));
#178 = VECTOR('',#179,1.);
#179 = DIRECTION('',(1.,0.));
#180 = ( GEOMETRIC_REPRESENTATION_CONTEXT(2) 
PARAMETRIC_REPRESENTATION_CONTEXT() REPRESENTATION_CONTEXT('2D SPACE',''
  ) );
#181 = PCURVE('',#182,#187);
#182 = PLANE('',#183);
#183 = AXIS2_PLACEMENT_3D('',#184,#185,#186);
#184 = CARTESIAN_POINT('',(8.,8.,0.));
#185 = DIRECTION('',(0.,1.,0.));
#186 = DIRECTION('',(0.,0.,1.));
#187 = DEFINITIONAL_REPRESENTATION('',(#188),#192);
#188 = LINE('',#189,#190);
#189 = CARTESIAN_POINT('',(3.,0.));
#190 = VECTOR('',#191,1.);
#191 = DIRECTION('',(0.,1.));
#192 = ( GEOMETRIC_REPRESENTATION_CONTEXT(2) 
PARAMETRIC_REPRESENTATION_CONTEXT() REPRESENTATION_CONTEXT('2D SPACE',''
  ) );
#193 = ORIENTED_EDGE('',*,*,#194,.T.);
#194 = EDGE_CURVE('',#167,#195,#197,.T.);
#195 = VERTEX_POINT('',#196);
#196 = CARTESIAN_POINT('',(122.,15.72606868832,3.));
#197 = SURFACE_CURVE('',#198,(#203,#214),.PCURVE_S1.);
#198 = CIRCLE('',#199,6.8);
#199 = AXIS2_PLACEMENT_3D('',#200,#201,#202);
#200 = CARTESIAN_POINT('',(121.,9.,3.));
#201 = DIRECTION('',(0.,0.,-1.));
#202 = DIRECTION('',(1.,0.,0.));
#203 = PCURVE('',#44,#204);
#204 = DEFINITIONAL_REPRESENTATION('',(#205),#213);
#205 = ( BOUNDED_CURVE() B_SPLINE_CURVE(2,(#206,#207,#208,#209,#210,#211
,#212),.UNSPECIFIED.,.T.,.F.) B_SPLINE_CURVE_WITH_KNOTS((1,2,2,2,2,1),(
    -2.094395102393,0.,2.094395102393,4.188790204786,6.28318530718,
8.377580409573),.UNSPECIFIED.) CURVE() GEOMETRIC_REPRESENTATION_ITEM() 
RATIONAL_B_SPLINE_CURVE((1.,0.5,1.,0.5,1.,0.5,1.)) REPRESENTATION_ITEM(
  '') );
#206 = CARTESIAN_POINT('',(119.8,1.));
#207 = CARTESIAN_POINT('',(119.8,-10.77794549146));
#208 = CARTESIAN_POINT('',(109.6,-4.888972745734));
#209 = CARTESIAN_POINT('',(99.4,1.));
#210 = CARTESIAN_POINT('',(109.6,6.888972745734));
#211 = CARTESIAN_POINT('',(119.8,12.777945491468));
#212 = CARTESIAN_POINT('',(119.8,1.));
#213 = ( GEOMETRIC_REPRESENTATION_CONTEXT(2) 
PARAMETRIC_REPRESENTATION_CONTEXT() REPRESENTATION_CONTEXT('2D SPACE',''
  ) );
#214 = PCURVE('',#215,#220);
#215 = CYLINDRICAL_SURFACE('',#216,6.8);
#216 = AXIS2_PLACEMENT_3D('',#217,#218,#219);
#217 = CARTESIAN_POINT('',(121.,9.,-1.));
#218 = DIRECTION('',(-0.,-0.,-1.));
#219 = DIRECTION('',(1.,0.,0.));
#220 = DEFINITIONAL_REPRESENTATION('',(#221),#225);
#221 = LINE('',#222,#223);
#222 = CARTESIAN_POINT('',(-6.28318530718,-4.));
#223 = VECTOR('',#224,1.);
#224 = DIRECTION('',(1.,-0.));
#225 = ( GEOMETRIC_REPRESENTATION_CONTEXT(2) 
PARAMETRIC_REPRESENTATION_CONTEXT() REPRESENTATION_CONTEXT('2D SPACE',''
  ) );
#226 = ORIENTED_EDGE('',*,*,#227,.T.);
#227 = EDGE_CURVE('',#195,#228,#230,.T.);
#228 = VERTEX_POINT('',#229);
#229 = CARTESIAN_POINT('',(122.,174.27393131168,3.));
#230 = SURFACE_CURVE('',#231,(#235,#242),.PCURVE_S1.);
#231 = LINE('',#232,#233);
#232 = CARTESIAN_POINT('',(122.,8.,3.));
#233 = VECTOR('',#234,1.);
#234 = DIRECTION('',(0.,1.,0.));
#235 = PCURVE('',#44,#236);
#236 = DEFINITIONAL_REPRESENTATION('',(#237),#241);
#237 = LINE('',#238,#239);
#238 = CARTESIAN_POINT('',(114.,0.));
#239 = VECTOR('',#240,1.);
#240 = DIRECTION('',(0.,1.));
#241 = ( GEOMETRIC_REPRESENTATION_CONTEXT(2) 
PARAMETRIC_REPRESENTATION_CONTEXT() REPRESENTATION_CONTEXT('2D SPACE',''
  ) );
#242 = PCURVE('',#243,#248);
#243 = PLANE('',#244);
#244 = AXIS2_PLACEMENT_3D('',#245,#246,#247);
#245 = CARTESIAN_POINT('',(122.,8.,0.));
#246 = DIRECTION('',(1.,0.,0.));
#247 = DIRECTION('',(0.,0.,1.));
#248 = DEFINITIONAL_REPRESENTATION('',(#249),#253);
#249 = LINE('',#250,#251);
#250 = CARTESIAN_POINT('',(3.,0.));
#251 = VECTOR('',#252,1.);
#252 = DIRECTION('',(0.,-1.));
#253 = ( GEOMETRIC_REPRESENTATION_CONTEXT(2) 
PARAMETRIC_REPRESENTATION_CONTEXT() REPRESENTATION_CONTEXT('2D SPACE',''
  ) );
#254 = ORIENTED_EDGE('',*,*,#255,.T.);
#255 = EDGE_CURVE('',#228,#256,#258,.T.);
#256 = VERTEX_POINT('',#257);
#257 = CARTESIAN_POINT('',(114.27393131168,182.,3.));
#258 = SURFACE_CURVE('',#259,(#264,#275),.PCURVE_S1.);
#259 = CIRCLE('',#260,6.8);
#260 = AXIS2_PLACEMENT_3D('',#261,#262,#263);
#261 = CARTESIAN_POINT('',(121.,181.,3.));
#262 = DIRECTION('',(0.,0.,-1.));
#263 = DIRECTION('',(1.,0.,0.));
#264 = PCURVE('',#44,#265);
#265 = DEFINITIONAL_REPRESENTATION('',(#266),#274);
#266 = ( BOUNDED_CURVE() B_SPLINE_CURVE(2,(#267,#268,#269,#270,#271,#272
,#273),.UNSPECIFIED.,.T.,.F.) B_SPLINE_CURVE_WITH_KNOTS((1,2,2,2,2,1),(
    -2.094395102393,0.,2.094395102393,4.188790204786,6.28318530718,
8.377580409573),.UNSPECIFIED.) CURVE() GEOMETRIC_REPRESENTATION_ITEM() 
RATIONAL_B_SPLINE_CURVE((1.,0.5,1.,0.5,1.,0.5,1.)) REPRESENTATION_ITEM(
  '') );
#267 = CARTESIAN_POINT('',(119.8,173.));
#268 = CARTESIAN_POINT('',(119.8,161.22205450853));
#269 = CARTESIAN_POINT('',(109.6,167.11102725426));
#270 = CARTESIAN_POINT('',(99.4,173.));
#271 = CARTESIAN_POINT('',(109.6,178.88897274573));
#272 = CARTESIAN_POINT('',(119.8,184.77794549146));
#273 = CARTESIAN_POINT('',(119.8,173.));
#274 = ( GEOMETRIC_REPRESENTATION_CONTEXT(2) 
PARAMETRIC_REPRESENTATION_CONTEXT() REPRESENTATION_CONTEXT('2D SPACE',''
  ) );
#275 = PCURVE('',#276,#281);
#276 = CYLINDRICAL_SURFACE('',#277,6.8);
#277 = AXIS2_PLACEMENT_3D('',#278,#279,#280);
#278 = CARTESIAN_POINT('',(121.,181.,-1.));
#279 = DIRECTION('',(-0.,-0.,-1.));
#280 = DIRECTION('',(1.,0.,0.));
#281 = DEFINITIONAL_REPRESENTATION('',(#282),#286);
#282 = LINE('',#283,#284);
#283 = CARTESIAN_POINT('',(-6.28318530718,-4.));
#284 = VECTOR('',#285,1.);
#285 = DIRECTION('',(1.,-0.));
#286 = ( GEOMETRIC_REPRESENTATION_CONTEXT(2) 
PARAMETRIC_REPRESENTATION_CONTEXT() REPRESENTATION_CONTEXT('2D SPACE',''
  ) );
#287 = ORIENTED_EDGE('',*,*,#288,.F.);
#288 = EDGE_CURVE('',#289,#256,#291,.T.);
#289 = VERTEX_POINT('',#290);
#290 = CARTESIAN_POINT('',(15.726068688319,182.,3.));
#291 = SURFACE_CURVE('',#292,(#296,#303),.PCURVE_S1.);
#292 = LINE('',#293,#294);
#293 = CARTESIAN_POINT('',(8.,182.,3.));
#294 = VECTOR('',#295,1.);
#295 = DIRECTION('',(1.,0.,0.));
#296 = PCURVE('',#44,#297);
#297 = DEFINITIONAL_REPRESENTATION('',(#298),#302);
#298 = LINE('',#299,#300);
#299 = CARTESIAN_POINT('',(0.,174.));
#300 = VECTOR('',#301,1.);
#301 = DIRECTION('',(1.,0.));
#302 = ( GEOMETRIC_REPRESENTATION_CONTEXT(2) 
PARAMETRIC_REPRESENTATION_CONTEXT() REPRESENTATION_CONTEXT('2D SPACE',''
  ) );
#303 = PCURVE('',#304,#309);
#304 = PLANE('',#305);
#305 = AXIS2_PLACEMENT_3D('',#306,#307,#308);
#306 = CARTESIAN_POINT('',(8.,182.,0.));
#307 = DIRECTION('',(0.,1.,0.));
#308 = DIRECTION('',(0.,0.,1.));
#309 = DEFINITIONAL_REPRESENTATION('',(#310),#314);
#310 = LINE('',#311,#312);
#311 = CARTESIAN_POINT('',(3.,0.));
#312 = VECTOR('',#313,1.);
#313 = DIRECTION('',(0.,1.));
#314 = ( GEOMETRIC_REPRESENTATION_CONTEXT(2) 
PARAMETRIC_REPRESENTATION_CONTEXT() REPRESENTATION_CONTEXT('2D SPACE',''
  ) );
#315 = ORIENTED_EDGE('',*,*,#316,.T.);
#316 = EDGE_CURVE('',#289,#24,#317,.T.);
#317 = SURFACE_CURVE('',#318,(#323,#334),.PCURVE_S1.);
#318 = CIRCLE('',#319,6.8);
#319 = AXIS2_PLACEMENT_3D('',#320,#321,#322);
#320 = CARTESIAN_POINT('',(9.,181.,3.));
#321 = DIRECTION('',(0.,0.,-1.));
#322 = DIRECTION('',(0.989127748282,0.147058823529,0.));
#323 = PCURVE('',#44,#324);
#324 = DEFINITIONAL_REPRESENTATION('',(#325),#333);
#325 = ( BOUNDED_CURVE() B_SPLINE_CURVE(2,(#326,#327,#328,#329,#330,#331
,#332),.UNSPECIFIED.,.T.,.F.) B_SPLINE_CURVE_WITH_KNOTS((1,2,2,2,2,1),(
    -2.094395102393,0.,2.094395102393,4.188790204786,6.28318530718,
8.377580409573),.UNSPECIFIED.) CURVE() GEOMETRIC_REPRESENTATION_ITEM() 
RATIONAL_B_SPLINE_CURVE((1.,0.5,1.,0.5,1.,0.5,1.)) REPRESENTATION_ITEM(
  '') );
#326 = CARTESIAN_POINT('',(7.72606868832,174.));
#327 = CARTESIAN_POINT('',(9.458119495889,162.35010729663));
#328 = CARTESIAN_POINT('',(-1.497008940376,166.67505364831));
#329 = CARTESIAN_POINT('',(-12.45213737664,171.));
#330 = CARTESIAN_POINT('',(-3.229059747945,178.32494635168));
#331 = CARTESIAN_POINT('',(5.994017880751,185.64989270336));
#332 = CARTESIAN_POINT('',(7.72606868832,174.));
#333 = ( GEOMETRIC_REPRESENTATION_CONTEXT(2) 
PARAMETRIC_REPRESENTATION_CONTEXT() REPRESENTATION_CONTEXT('2D SPACE',''
  ) );
#334 = PCURVE('',#123,#335);
#335 = DEFINITIONAL_REPRESENTATION('',(#336),#340);
#336 = LINE('',#337,#338);
#337 = CARTESIAN_POINT('',(-6.430779412839,-4.));
#338 = VECTOR('',#339,1.);
#339 = DIRECTION('',(1.,-0.));
#340 = ( GEOMETRIC_REPRESENTATION_CONTEXT(2) 
PARAMETRIC_REPRESENTATION_CONTEXT() REPRESENTATION_CONTEXT('2D SPACE',''
  ) );
#341 = FACE_BOUND('',#342,.T.);
#342 = EDGE_LOOP('',(#343));
#343 = ORIENTED_EDGE('',*,*,#344,.T.);
#344 = EDGE_CURVE('',#345,#345,#347,.T.);
#345 = VERTEX_POINT('',#346);
#346 = CARTESIAN_POINT('',(23.7,22.,3.));
#347 = SURFACE_CURVE('',#348,(#353,#364),.PCURVE_S1.);
#348 = CIRCLE('',#349,1.7);
#349 = AXIS2_PLACEMENT_3D('',#350,#351,#352);
#350 = CARTESIAN_POINT('',(22.,22.,3.));
#351 = DIRECTION('',(0.,0.,-1.));
#352 = DIRECTION('',(1.,0.,0.));
#353 = PCURVE('',#44,#354);
#354 = DEFINITIONAL_REPRESENTATION('',(#355),#363);
#355 = ( BOUNDED_CURVE() B_SPLINE_CURVE(2,(#356,#357,#358,#359,#360,#361
,#362),.UNSPECIFIED.,.T.,.F.) B_SPLINE_CURVE_WITH_KNOTS((1,2,2,2,2,1),(
    -2.094395102393,0.,2.094395102393,4.188790204786,6.28318530718,
8.377580409573),.UNSPECIFIED.) CURVE() GEOMETRIC_REPRESENTATION_ITEM() 
RATIONAL_B_SPLINE_CURVE((1.,0.5,1.,0.5,1.,0.5,1.)) REPRESENTATION_ITEM(
  '') );
#356 = CARTESIAN_POINT('',(15.7,14.));
#357 = CARTESIAN_POINT('',(15.7,11.055513627133));
#358 = CARTESIAN_POINT('',(13.15,12.527756813566));
#359 = CARTESIAN_POINT('',(10.6,14.));
#360 = CARTESIAN_POINT('',(13.15,15.472243186434));
#361 = CARTESIAN_POINT('',(15.7,16.944486372867));
#362 = CARTESIAN_POINT('',(15.7,14.));
#363 = ( GEOMETRIC_REPRESENTATION_CONTEXT(2) 
PARAMETRIC_REPRESENTATION_CONTEXT() REPRESENTATION_CONTEXT('2D SPACE',''
  ) );
#364 = PCURVE('',#365,#370);
#365 = CYLINDRICAL_SURFACE('',#366,1.7);
#366 = AXIS2_PLACEMENT_3D('',#367,#368,#369);
#367 = CARTESIAN_POINT('',(22.,22.,-1.));
#368 = DIRECTION('',(-0.,-0.,-1.));
#369 = DIRECTION('',(1.,0.,0.));
#370 = DEFINITIONAL_REPRESENTATION('',(#371),#375);
#371 = LINE('',#372,#373);
#372 = CARTESIAN_POINT('',(-6.28318530718,-4.));
#373 = VECTOR('',#374,1.);
#374 = DIRECTION('',(1.,-0.));
#375 = ( GEOMETRIC_REPRESENTATION_CONTEXT(2) 
PARAMETRIC_REPRESENTATION_CONTEXT() REPRESENTATION_CONTEXT('2D SPACE',''
  ) );
#376 = FACE_BOUND('',#377,.T.);
#377 = EDGE_LOOP('',(#378,#409,#435,#464,#490,#519,#545,#574));
#378 = ORIENTED_EDGE('',*,*,#379,.F.);
#379 = EDGE_CURVE('',#380,#382,#384,.T.);
#380 = VERTEX_POINT('',#381);
#381 = CARTESIAN_POINT('',(20.,38.,3.));
#382 = VERTEX_POINT('',#383);
#383 = CARTESIAN_POINT('',(21.,37.,3.));
#384 = SURFACE_CURVE('',#385,(#390,#397),.PCURVE_S1.);
#385 = CIRCLE('',#386,1.);
#386 = AXIS2_PLACEMENT_3D('',#387,#388,#389);
#387 = CARTESIAN_POINT('',(21.,38.,3.));
#388 = DIRECTION('',(0.,0.,1.));
#389 = DIRECTION('',(-1.,-0.,0.));
#390 = PCURVE('',#44,#391);
#391 = DEFINITIONAL_REPRESENTATION('',(#392),#396);
#392 = CIRCLE('',#393,1.);
#393 = AXIS2_PLACEMENT_2D('',#394,#395);
#394 = CARTESIAN_POINT('',(13.,30.));
#395 = DIRECTION('',(-1.,0.));
#396 = ( GEOMETRIC_REPRESENTATION_CONTEXT(2) 
PARAMETRIC_REPRESENTATION_CONTEXT() REPRESENTATION_CONTEXT('2D SPACE',''
  ) );
#397 = PCURVE('',#398,#403);
#398 = CYLINDRICAL_SURFACE('',#399,1.);
#399 = AXIS2_PLACEMENT_3D('',#400,#401,#402);
#400 = CARTESIAN_POINT('',(21.,38.,-1.));
#401 = DIRECTION('',(0.,0.,1.));
#402 = DIRECTION('',(-1.,-0.,0.));
#403 = DEFINITIONAL_REPRESENTATION('',(#404),#408);
#404 = LINE('',#405,#406);
#405 = CARTESIAN_POINT('',(0.,4.));
#406 = VECTOR('',#407,1.);
#407 = DIRECTION('',(1.,0.));
#408 = ( GEOMETRIC_REPRESENTATION_CONTEXT(2) 
PARAMETRIC_REPRESENTATION_CONTEXT() REPRESENTATION_CONTEXT('2D SPACE',''
  ) );
#409 = ORIENTED_EDGE('',*,*,#410,.T.);
#410 = EDGE_CURVE('',#380,#411,#413,.T.);
#411 = VERTEX_POINT('',#412);
#412 = CARTESIAN_POINT('',(20.,40.,3.));
#413 = SURFACE_CURVE('',#414,(#418,#424),.PCURVE_S1.);
#414 = LINE('',#415,#416);
#415 = CARTESIAN_POINT('',(20.,22.5,3.));
#416 = VECTOR('',#417,1.);
#417 = DIRECTION('',(0.,1.,0.));
#418 = PCURVE('',#44,#419);
#419 = DEFINITIONAL_REPRESENTATION('',(#420),#423);
#420 = B_SPLINE_CURVE_WITH_KNOTS('',1,(#421,#422),.UNSPECIFIED.,.F.,.F.,
  (2,2),(15.5,17.5),.PIECEWISE_BEZIER_KNOTS.);
#421 = CARTESIAN_POINT('',(12.,30.));
#422 = CARTESIAN_POINT('',(12.,32.));
#423 = ( GEOMETRIC_REPRESENTATION_CONTEXT(2) 
PARAMETRIC_REPRESENTATION_CONTEXT() REPRESENTATION_CONTEXT('2D SPACE',''
  ) );
#424 = PCURVE('',#425,#430);
#425 = PLANE('',#426);
#426 = AXIS2_PLACEMENT_3D('',#427,#428,#429);
#427 = CARTESIAN_POINT('',(20.,37.,-1.));
#428 = DIRECTION('',(1.,0.,0.));
#429 = DIRECTION('',(0.,0.,1.));
#430 = DEFINITIONAL_REPRESENTATION('',(#431),#434);
#431 = B_SPLINE_CURVE_WITH_KNOTS('',1,(#432,#433),.UNSPECIFIED.,.F.,.F.,
  (2,2),(15.5,17.5),.PIECEWISE_BEZIER_KNOTS.);
#432 = CARTESIAN_POINT('',(4.,-1.));
#433 = CARTESIAN_POINT('',(4.,-3.));
#434 = ( GEOMETRIC_REPRESENTATION_CONTEXT(2) 
PARAMETRIC_REPRESENTATION_CONTEXT() REPRESENTATION_CONTEXT('2D SPACE',''
  ) );
#435 = ORIENTED_EDGE('',*,*,#436,.F.);
#436 = EDGE_CURVE('',#437,#411,#439,.T.);
#437 = VERTEX_POINT('',#438);
#438 = CARTESIAN_POINT('',(21.,41.,3.));
#439 = SURFACE_CURVE('',#440,(#445,#452),.PCURVE_S1.);
#440 = CIRCLE('',#441,1.);
#441 = AXIS2_PLACEMENT_3D('',#442,#443,#444);
#442 = CARTESIAN_POINT('',(21.,40.,3.));
#443 = DIRECTION('',(0.,0.,1.));
#444 = DIRECTION('',(-1.,-0.,0.));
#445 = PCURVE('',#44,#446);
#446 = DEFINITIONAL_REPRESENTATION('',(#447),#451);
#447 = CIRCLE('',#448,1.);
#448 = AXIS2_PLACEMENT_2D('',#449,#450);
#449 = CARTESIAN_POINT('',(13.,32.));
#450 = DIRECTION('',(-1.,0.));
#451 = ( GEOMETRIC_REPRESENTATION_CONTEXT(2) 
PARAMETRIC_REPRESENTATION_CONTEXT() REPRESENTATION_CONTEXT('2D SPACE',''
  ) );
#452 = PCURVE('',#453,#458);
#453 = CYLINDRICAL_SURFACE('',#454,1.);
#454 = AXIS2_PLACEMENT_3D('',#455,#456,#457);
#455 = CARTESIAN_POINT('',(21.,40.,-1.));
#456 = DIRECTION('',(0.,0.,1.));
#457 = DIRECTION('',(-1.,-0.,0.));
#458 = DEFINITIONAL_REPRESENTATION('',(#459),#463);
#459 = LINE('',#460,#461);
#460 = CARTESIAN_POINT('',(-6.28318530718,4.));
#461 = VECTOR('',#462,1.);
#462 = DIRECTION('',(1.,-0.));
#463 = ( GEOMETRIC_REPRESENTATION_CONTEXT(2) 
PARAMETRIC_REPRESENTATION_CONTEXT() REPRESENTATION_CONTEXT('2D SPACE',''
  ) );
#464 = ORIENTED_EDGE('',*,*,#465,.F.);
#465 = EDGE_CURVE('',#466,#437,#468,.T.);
#466 = VERTEX_POINT('',#467);
#467 = CARTESIAN_POINT('',(35.,41.,3.));
#468 = SURFACE_CURVE('',#469,(#473,#479),.PCURVE_S1.);
#469 = LINE('',#470,#471);
#470 = CARTESIAN_POINT('',(14.,41.,3.));
#471 = VECTOR('',#472,1.);
#472 = DIRECTION('',(-1.,0.,0.));
#473 = PCURVE('',#44,#474);
#474 = DEFINITIONAL_REPRESENTATION('',(#475),#478);
#475 = B_SPLINE_CURVE_WITH_KNOTS('',1,(#476,#477),.UNSPECIFIED.,.F.,.F.,
  (2,2),(-21.,-7.),.PIECEWISE_BEZIER_KNOTS.);
#476 = CARTESIAN_POINT('',(27.,33.));
#477 = CARTESIAN_POINT('',(13.,33.));
#478 = ( GEOMETRIC_REPRESENTATION_CONTEXT(2) 
PARAMETRIC_REPRESENTATION_CONTEXT() REPRESENTATION_CONTEXT('2D SPACE',''
  ) );
#479 = PCURVE('',#480,#485);
#480 = PLANE('',#481);
#481 = AXIS2_PLACEMENT_3D('',#482,#483,#484);
#482 = CARTESIAN_POINT('',(20.,41.,-1.));
#483 = DIRECTION('',(0.,1.,0.));
#484 = DIRECTION('',(0.,0.,1.));
#485 = DEFINITIONAL_REPRESENTATION('',(#486),#489);
#486 = B_SPLINE_CURVE_WITH_KNOTS('',1,(#487,#488),.UNSPECIFIED.,.F.,.F.,
  (2,2),(-21.,-7.),.PIECEWISE_BEZIER_KNOTS.);
#487 = CARTESIAN_POINT('',(4.,15.));
#488 = CARTESIAN_POINT('',(4.,1.));
#489 = ( GEOMETRIC_REPRESENTATION_CONTEXT(2) 
PARAMETRIC_REPRESENTATION_CONTEXT() REPRESENTATION_CONTEXT('2D SPACE',''
  ) );
#490 = ORIENTED_EDGE('',*,*,#491,.F.);
#491 = EDGE_CURVE('',#492,#466,#494,.T.);
#492 = VERTEX_POINT('',#493);
#493 = CARTESIAN_POINT('',(36.,40.,3.));
#494 = SURFACE_CURVE('',#495,(#500,#507),.PCURVE_S1.);
#495 = CIRCLE('',#496,1.);
#496 = AXIS2_PLACEMENT_3D('',#497,#498,#499);
#497 = CARTESIAN_POINT('',(35.,40.,3.));
#498 = DIRECTION('',(0.,0.,1.));
#499 = DIRECTION('',(1.,0.,-0.));
#500 = PCURVE('',#44,#501);
#501 = DEFINITIONAL_REPRESENTATION('',(#502),#506);
#502 = CIRCLE('',#503,1.);
#503 = AXIS2_PLACEMENT_2D('',#504,#505);
#504 = CARTESIAN_POINT('',(27.,32.));
#505 = DIRECTION('',(1.,0.));
#506 = ( GEOMETRIC_REPRESENTATION_CONTEXT(2) 
PARAMETRIC_REPRESENTATION_CONTEXT() REPRESENTATION_CONTEXT('2D SPACE',''
  ) );
#507 = PCURVE('',#508,#513);
#508 = CYLINDRICAL_SURFACE('',#509,1.);
#509 = AXIS2_PLACEMENT_3D('',#510,#511,#512);
#510 = CARTESIAN_POINT('',(35.,40.,-1.));
#511 = DIRECTION('',(0.,0.,1.));
#512 = DIRECTION('',(1.,0.,-0.));
#513 = DEFINITIONAL_REPRESENTATION('',(#514),#518);
#514 = LINE('',#515,#516);
#515 = CARTESIAN_POINT('',(0.,4.));
#516 = VECTOR('',#517,1.);
#517 = DIRECTION('',(1.,0.));
#518 = ( GEOMETRIC_REPRESENTATION_CONTEXT(2) 
PARAMETRIC_REPRESENTATION_CONTEXT() REPRESENTATION_CONTEXT('2D SPACE',''
  ) );
#519 = ORIENTED_EDGE('',*,*,#520,.F.);
#520 = EDGE_CURVE('',#521,#492,#523,.T.);
#521 = VERTEX_POINT('',#522);
#522 = CARTESIAN_POINT('',(36.,38.,3.));
#523 = SURFACE_CURVE('',#524,(#528,#534),.PCURVE_S1.);
#524 = LINE('',#525,#526);
#525 = CARTESIAN_POINT('',(36.,22.5,3.));
#526 = VECTOR('',#527,1.);
#527 = DIRECTION('',(0.,1.,0.));
#528 = PCURVE('',#44,#529);
#529 = DEFINITIONAL_REPRESENTATION('',(#530),#533);
#530 = B_SPLINE_CURVE_WITH_KNOTS('',1,(#531,#532),.UNSPECIFIED.,.F.,.F.,
  (2,2),(15.5,17.5),.PIECEWISE_BEZIER_KNOTS.);
#531 = CARTESIAN_POINT('',(28.,30.));
#532 = CARTESIAN_POINT('',(28.,32.));
#533 = ( GEOMETRIC_REPRESENTATION_CONTEXT(2) 
PARAMETRIC_REPRESENTATION_CONTEXT() REPRESENTATION_CONTEXT('2D SPACE',''
  ) );
#534 = PCURVE('',#535,#540);
#535 = PLANE('',#536);
#536 = AXIS2_PLACEMENT_3D('',#537,#538,#539);
#537 = CARTESIAN_POINT('',(36.,37.,-1.));
#538 = DIRECTION('',(1.,0.,0.));
#539 = DIRECTION('',(0.,0.,1.));
#540 = DEFINITIONAL_REPRESENTATION('',(#541),#544);
#541 = B_SPLINE_CURVE_WITH_KNOTS('',1,(#542,#543),.UNSPECIFIED.,.F.,.F.,
  (2,2),(15.5,17.5),.PIECEWISE_BEZIER_KNOTS.);
#542 = CARTESIAN_POINT('',(4.,-1.));
#543 = CARTESIAN_POINT('',(4.,-3.));
#544 = ( GEOMETRIC_REPRESENTATION_CONTEXT(2) 
PARAMETRIC_REPRESENTATION_CONTEXT() REPRESENTATION_CONTEXT('2D SPACE',''
  ) );
#545 = ORIENTED_EDGE('',*,*,#546,.F.);
#546 = EDGE_CURVE('',#547,#521,#549,.T.);
#547 = VERTEX_POINT('',#548);
#548 = CARTESIAN_POINT('',(35.,37.,3.));
#549 = SURFACE_CURVE('',#550,(#555,#562),.PCURVE_S1.);
#550 = CIRCLE('',#551,1.);
#551 = AXIS2_PLACEMENT_3D('',#552,#553,#554);
#552 = CARTESIAN_POINT('',(35.,38.,3.));
#553 = DIRECTION('',(0.,0.,1.));
#554 = DIRECTION('',(1.,0.,-0.));
#555 = PCURVE('',#44,#556);
#556 = DEFINITIONAL_REPRESENTATION('',(#557),#561);
#557 = CIRCLE('',#558,1.);
#558 = AXIS2_PLACEMENT_2D('',#559,#560);
#559 = CARTESIAN_POINT('',(27.,30.));
#560 = DIRECTION('',(1.,0.));
#561 = ( GEOMETRIC_REPRESENTATION_CONTEXT(2) 
PARAMETRIC_REPRESENTATION_CONTEXT() REPRESENTATION_CONTEXT('2D SPACE',''
  ) );
#562 = PCURVE('',#563,#568);
#563 = CYLINDRICAL_SURFACE('',#564,1.);
#564 = AXIS2_PLACEMENT_3D('',#565,#566,#567);
#565 = CARTESIAN_POINT('',(35.,38.,-1.));
#566 = DIRECTION('',(0.,0.,1.));
#567 = DIRECTION('',(1.,0.,-0.));
#568 = DEFINITIONAL_REPRESENTATION('',(#569),#573);
#569 = LINE('',#570,#571);
#570 = CARTESIAN_POINT('',(-6.28318530718,4.));
#571 = VECTOR('',#572,1.);
#572 = DIRECTION('',(1.,-0.));
#573 = ( GEOMETRIC_REPRESENTATION_CONTEXT(2) 
PARAMETRIC_REPRESENTATION_CONTEXT() REPRESENTATION_CONTEXT('2D SPACE',''
  ) );
#574 = ORIENTED_EDGE('',*,*,#575,.T.);
#575 = EDGE_CURVE('',#547,#382,#576,.T.);
#576 = SURFACE_CURVE('',#577,(#581,#587),.PCURVE_S1.);
#577 = LINE('',#578,#579);
#578 = CARTESIAN_POINT('',(14.,37.,3.));
#579 = VECTOR('',#580,1.);
#580 = DIRECTION('',(-1.,0.,0.));
#581 = PCURVE('',#44,#582);
#582 = DEFINITIONAL_REPRESENTATION('',(#583),#586);
#583 = B_SPLINE_CURVE_WITH_KNOTS('',1,(#584,#585),.UNSPECIFIED.,.F.,.F.,
  (2,2),(-21.,-7.),.PIECEWISE_BEZIER_KNOTS.);
#584 = CARTESIAN_POINT('',(27.,29.));
#585 = CARTESIAN_POINT('',(13.,29.));
#586 = ( GEOMETRIC_REPRESENTATION_CONTEXT(2) 
PARAMETRIC_REPRESENTATION_CONTEXT() REPRESENTATION_CONTEXT('2D SPACE',''
  ) );
#587 = PCURVE('',#588,#593);
#588 = PLANE('',#589);
#589 = AXIS2_PLACEMENT_3D('',#590,#591,#592);
#590 = CARTESIAN_POINT('',(20.,37.,-1.));
#591 = DIRECTION('',(0.,1.,0.));
#592 = DIRECTION('',(0.,0.,1.));
#593 = DEFINITIONAL_REPRESENTATION('',(#594),#597);
#594 = B_SPLINE_CURVE_WITH_KNOTS('',1,(#595,#596),.UNSPECIFIED.,.F.,.F.,
  (2,2),(-21.,-7.),.PIECEWISE_BEZIER_KNOTS.);
#595 = CARTESIAN_POINT('',(4.,15.));
#596 = CARTESIAN_POINT('',(4.,1.));
#597 = ( GEOMETRIC_REPRESENTATION_CONTEXT(2) 
PARAMETRIC_REPRESENTATION_CONTEXT() REPRESENTATION_CONTEXT('2D SPACE',''
  ) );
#598 = FACE_BOUND('',#599,.T.);
#599 = EDGE_LOOP('',(#600,#631,#657,#686,#712,#741,#767,#796));
#600 = ORIENTED_EDGE('',*,*,#601,.F.);
#601 = EDGE_CURVE('',#602,#604,#606,.T.);
#602 = VERTEX_POINT('',#603);
#603 = CARTESIAN_POINT('',(54.,38.,3.));
#604 = VERTEX_POINT('',#605);
#605 = CARTESIAN_POINT('',(55.,37.,3.));
#606 = SURFACE_CURVE('',#607,(#612,#619),.PCURVE_S1.);
#607 = CIRCLE('',#608,1.);
#608 = AXIS2_PLACEMENT_3D('',#609,#610,#611);
#609 = CARTESIAN_POINT('',(55.,38.,3.));
#610 = DIRECTION('',(0.,0.,1.));
#611 = DIRECTION('',(-1.,-0.,0.));
#612 = PCURVE('',#44,#613);
#613 = DEFINITIONAL_REPRESENTATION('',(#614),#618);
#614 = CIRCLE('',#615,1.);
#615 = AXIS2_PLACEMENT_2D('',#616,#617);
#616 = CARTESIAN_POINT('',(47.,30.));
#617 = DIRECTION('',(-1.,0.));
#618 = ( GEOMETRIC_REPRESENTATION_CONTEXT(2) 
PARAMETRIC_REPRESENTATION_CONTEXT() REPRESENTATION_CONTEXT('2D SPACE',''
  ) );
#619 = PCURVE('',#620,#625);
#620 = CYLINDRICAL_SURFACE('',#621,1.);
#621 = AXIS2_PLACEMENT_3D('',#622,#623,#624);
#622 = CARTESIAN_POINT('',(55.,38.,-1.));
#623 = DIRECTION('',(0.,0.,1.));
#624 = DIRECTION('',(-1.,-0.,0.));
#625 = DEFINITIONAL_REPRESENTATION('',(#626),#630);
#626 = LINE('',#627,#628);
#627 = CARTESIAN_POINT('',(0.,4.));
#628 = VECTOR('',#629,1.);
#629 = DIRECTION('',(1.,0.));
#630 = ( GEOMETRIC_REPRESENTATION_CONTEXT(2) 
PARAMETRIC_REPRESENTATION_CONTEXT() REPRESENTATION_CONTEXT('2D SPACE',''
  ) );
#631 = ORIENTED_EDGE('',*,*,#632,.T.);
#632 = EDGE_CURVE('',#602,#633,#635,.T.);
#633 = VERTEX_POINT('',#634);
#634 = CARTESIAN_POINT('',(54.,40.,3.));
#635 = SURFACE_CURVE('',#636,(#640,#646),.PCURVE_S1.);
#636 = LINE('',#637,#638);
#637 = CARTESIAN_POINT('',(54.,22.5,3.));
#638 = VECTOR('',#639,1.);
#639 = DIRECTION('',(0.,1.,0.));
#640 = PCURVE('',#44,#641);
#641 = DEFINITIONAL_REPRESENTATION('',(#642),#645);
#642 = B_SPLINE_CURVE_WITH_KNOTS('',1,(#643,#644),.UNSPECIFIED.,.F.,.F.,
  (2,2),(15.5,17.5),.PIECEWISE_BEZIER_KNOTS.);
#643 = CARTESIAN_POINT('',(46.,30.));
#644 = CARTESIAN_POINT('',(46.,32.));
#645 = ( GEOMETRIC_REPRESENTATION_CONTEXT(2) 
PARAMETRIC_REPRESENTATION_CONTEXT() REPRESENTATION_CONTEXT('2D SPACE',''
  ) );
#646 = PCURVE('',#647,#652);
#647 = PLANE('',#648);
#648 = AXIS2_PLACEMENT_3D('',#649,#650,#651);
#649 = CARTESIAN_POINT('',(54.,37.,-1.));
#650 = DIRECTION('',(1.,0.,0.));
#651 = DIRECTION('',(0.,0.,1.));
#652 = DEFINITIONAL_REPRESENTATION('',(#653),#656);
#653 = B_SPLINE_CURVE_WITH_KNOTS('',1,(#654,#655),.UNSPECIFIED.,.F.,.F.,
  (2,2),(15.5,17.5),.PIECEWISE_BEZIER_KNOTS.);
#654 = CARTESIAN_POINT('',(4.,-1.));
#655 = CARTESIAN_POINT('',(4.,-3.));
#656 = ( GEOMETRIC_REPRESENTATION_CONTEXT(2) 
PARAMETRIC_REPRESENTATION_CONTEXT() REPRESENTATION_CONTEXT('2D SPACE',''
  ) );
#657 = ORIENTED_EDGE('',*,*,#658,.F.);
#658 = EDGE_CURVE('',#659,#633,#661,.T.);
#659 = VERTEX_POINT('',#660);
#660 = CARTESIAN_POINT('',(55.,41.,3.));
#661 = SURFACE_CURVE('',#662,(#667,#674),.PCURVE_S1.);
#662 = CIRCLE('',#663,1.);
#663 = AXIS2_PLACEMENT_3D('',#664,#665,#666);
#664 = CARTESIAN_POINT('',(55.,40.,3.));
#665 = DIRECTION('',(0.,0.,1.));
#666 = DIRECTION('',(-1.,-0.,0.));
#667 = PCURVE('',#44,#668);
#668 = DEFINITIONAL_REPRESENTATION('',(#669),#673);
#669 = CIRCLE('',#670,1.);
#670 = AXIS2_PLACEMENT_2D('',#671,#672);
#671 = CARTESIAN_POINT('',(47.,32.));
#672 = DIRECTION('',(-1.,0.));
#673 = ( GEOMETRIC_REPRESENTATION_CONTEXT(2) 
PARAMETRIC_REPRESENTATION_CONTEXT() REPRESENTATION_CONTEXT('2D SPACE',''
  ) );
#674 = PCURVE('',#675,#680);
#675 = CYLINDRICAL_SURFACE('',#676,1.);
#676 = AXIS2_PLACEMENT_3D('',#677,#678,#679);
#677 = CARTESIAN_POINT('',(55.,40.,-1.));
#678 = DIRECTION('',(0.,0.,1.));
#679 = DIRECTION('',(-1.,-0.,0.));
#680 = DEFINITIONAL_REPRESENTATION('',(#681),#685);
#681 = LINE('',#682,#683);
#682 = CARTESIAN_POINT('',(-6.28318530718,4.));
#683 = VECTOR('',#684,1.);
#684 = DIRECTION('',(1.,-0.));
#685 = ( GEOMETRIC_REPRESENTATION_CONTEXT(2) 
PARAMETRIC_REPRESENTATION_CONTEXT() REPRESENTATION_CONTEXT('2D SPACE',''
  ) );
#686 = ORIENTED_EDGE('',*,*,#687,.F.);
#687 = EDGE_CURVE('',#688,#659,#690,.T.);
#688 = VERTEX_POINT('',#689);
#689 = CARTESIAN_POINT('',(69.,41.,3.));
#690 = SURFACE_CURVE('',#691,(#695,#701),.PCURVE_S1.);
#691 = LINE('',#692,#693);
#692 = CARTESIAN_POINT('',(31.,41.,3.));
#693 = VECTOR('',#694,1.);
#694 = DIRECTION('',(-1.,0.,0.));
#695 = PCURVE('',#44,#696);
#696 = DEFINITIONAL_REPRESENTATION('',(#697),#700);
#697 = B_SPLINE_CURVE_WITH_KNOTS('',1,(#698,#699),.UNSPECIFIED.,.F.,.F.,
  (2,2),(-38.,-24.),.PIECEWISE_BEZIER_KNOTS.);
#698 = CARTESIAN_POINT('',(61.,33.));
#699 = CARTESIAN_POINT('',(47.,33.));
#700 = ( GEOMETRIC_REPRESENTATION_CONTEXT(2) 
PARAMETRIC_REPRESENTATION_CONTEXT() REPRESENTATION_CONTEXT('2D SPACE',''
  ) );
#701 = PCURVE('',#702,#707);
#702 = PLANE('',#703);
#703 = AXIS2_PLACEMENT_3D('',#704,#705,#706);
#704 = CARTESIAN_POINT('',(54.,41.,-1.));
#705 = DIRECTION('',(0.,1.,0.));
#706 = DIRECTION('',(0.,0.,1.));
#707 = DEFINITIONAL_REPRESENTATION('',(#708),#711);
#708 = B_SPLINE_CURVE_WITH_KNOTS('',1,(#709,#710),.UNSPECIFIED.,.F.,.F.,
  (2,2),(-38.,-24.),.PIECEWISE_BEZIER_KNOTS.);
#709 = CARTESIAN_POINT('',(4.,15.));
#710 = CARTESIAN_POINT('',(4.,1.));
#711 = ( GEOMETRIC_REPRESENTATION_CONTEXT(2) 
PARAMETRIC_REPRESENTATION_CONTEXT() REPRESENTATION_CONTEXT('2D SPACE',''
  ) );
#712 = ORIENTED_EDGE('',*,*,#713,.F.);
#713 = EDGE_CURVE('',#714,#688,#716,.T.);
#714 = VERTEX_POINT('',#715);
#715 = CARTESIAN_POINT('',(70.,40.,3.));
#716 = SURFACE_CURVE('',#717,(#722,#729),.PCURVE_S1.);
#717 = CIRCLE('',#718,1.);
#718 = AXIS2_PLACEMENT_3D('',#719,#720,#721);
#719 = CARTESIAN_POINT('',(69.,40.,3.));
#720 = DIRECTION('',(0.,0.,1.));
#721 = DIRECTION('',(1.,0.,-0.));
#722 = PCURVE('',#44,#723);
#723 = DEFINITIONAL_REPRESENTATION('',(#724),#728);
#724 = CIRCLE('',#725,1.);
#725 = AXIS2_PLACEMENT_2D('',#726,#727);
#726 = CARTESIAN_POINT('',(61.,32.));
#727 = DIRECTION('',(1.,0.));
#728 = ( GEOMETRIC_REPRESENTATION_CONTEXT(2) 
PARAMETRIC_REPRESENTATION_CONTEXT() REPRESENTATION_CONTEXT('2D SPACE',''
  ) );
#729 = PCURVE('',#730,#735);
#730 = CYLINDRICAL_SURFACE('',#731,1.);
#731 = AXIS2_PLACEMENT_3D('',#732,#733,#734);
#732 = CARTESIAN_POINT('',(69.,40.,-1.));
#733 = DIRECTION('',(0.,0.,1.));
#734 = DIRECTION('',(1.,0.,-0.));
#735 = DEFINITIONAL_REPRESENTATION('',(#736),#740);
#736 = LINE('',#737,#738);
#737 = CARTESIAN_POINT('',(0.,4.));
#738 = VECTOR('',#739,1.);
#739 = DIRECTION('',(1.,0.));
#740 = ( GEOMETRIC_REPRESENTATION_CONTEXT(2) 
PARAMETRIC_REPRESENTATION_CONTEXT() REPRESENTATION_CONTEXT('2D SPACE',''
  ) );
#741 = ORIENTED_EDGE('',*,*,#742,.F.);
#742 = EDGE_CURVE('',#743,#714,#745,.T.);
#743 = VERTEX_POINT('',#744);
#744 = CARTESIAN_POINT('',(70.,38.,3.));
#745 = SURFACE_CURVE('',#746,(#750,#756),.PCURVE_S1.);
#746 = LINE('',#747,#748);
#747 = CARTESIAN_POINT('',(70.,22.5,3.));
#748 = VECTOR('',#749,1.);
#749 = DIRECTION('',(0.,1.,0.));
#750 = PCURVE('',#44,#751);
#751 = DEFINITIONAL_REPRESENTATION('',(#752),#755);
#752 = B_SPLINE_CURVE_WITH_KNOTS('',1,(#753,#754),.UNSPECIFIED.,.F.,.F.,
  (2,2),(15.5,17.5),.PIECEWISE_BEZIER_KNOTS.);
#753 = CARTESIAN_POINT('',(62.,30.));
#754 = CARTESIAN_POINT('',(62.,32.));
#755 = ( GEOMETRIC_REPRESENTATION_CONTEXT(2) 
PARAMETRIC_REPRESENTATION_CONTEXT() REPRESENTATION_CONTEXT('2D SPACE',''
  ) );
#756 = PCURVE('',#757,#762);
#757 = PLANE('',#758);
#758 = AXIS2_PLACEMENT_3D('',#759,#760,#761);
#759 = CARTESIAN_POINT('',(70.,37.,-1.));
#760 = DIRECTION('',(1.,0.,0.));
#761 = DIRECTION('',(0.,0.,1.));
#762 = DEFINITIONAL_REPRESENTATION('',(#763),#766);
#763 = B_SPLINE_CURVE_WITH_KNOTS('',1,(#764,#765),.UNSPECIFIED.,.F.,.F.,
  (2,2),(15.5,17.5),.PIECEWISE_BEZIER_KNOTS.);
#764 = CARTESIAN_POINT('',(4.,-1.));
#765 = CARTESIAN_POINT('',(4.,-3.));
#766 = ( GEOMETRIC_REPRESENTATION_CONTEXT(2) 
PARAMETRIC_REPRESENTATION_CONTEXT() REPRESENTATION_CONTEXT('2D SPACE',''
  ) );
#767 = ORIENTED_EDGE('',*,*,#768,.F.);
#768 = EDGE_CURVE('',#769,#743,#771,.T.);
#769 = VERTEX_POINT('',#770);
#770 = CARTESIAN_POINT('',(69.,37.,3.));
#771 = SURFACE_CURVE('',#772,(#777,#784),.PCURVE_S1.);
#772 = CIRCLE('',#773,1.);
#773 = AXIS2_PLACEMENT_3D('',#774,#775,#776);
#774 = CARTESIAN_POINT('',(69.,38.,3.));
#775 = DIRECTION('',(0.,0.,1.));
#776 = DIRECTION('',(1.,0.,-0.));
#777 = PCURVE('',#44,#778);
#778 = DEFINITIONAL_REPRESENTATION('',(#779),#783);
#779 = CIRCLE('',#780,1.);
#780 = AXIS2_PLACEMENT_2D('',#781,#782);
#781 = CARTESIAN_POINT('',(61.,30.));
#782 = DIRECTION('',(1.,0.));
#783 = ( GEOMETRIC_REPRESENTATION_CONTEXT(2) 
PARAMETRIC_REPRESENTATION_CONTEXT() REPRESENTATION_CONTEXT('2D SPACE',''
  ) );
#784 = PCURVE('',#785,#790);
#785 = CYLINDRICAL_SURFACE('',#786,1.);
#786 = AXIS2_PLACEMENT_3D('',#787,#788,#789);
#787 = CARTESIAN_POINT('',(69.,38.,-1.));
#788 = DIRECTION('',(0.,0.,1.));
#789 = DIRECTION('',(1.,0.,-0.));
#790 = DEFINITIONAL_REPRESENTATION('',(#791),#795);
#791 = LINE('',#792,#793);
#792 = CARTESIAN_POINT('',(-6.28318530718,4.));
#793 = VECTOR('',#794,1.);
#794 = DIRECTION('',(1.,-0.));
#795 = ( GEOMETRIC_REPRESENTATION_CONTEXT(2) 
PARAMETRIC_REPRESENTATION_CONTEXT() REPRESENTATION_CONTEXT('2D SPACE',''
  ) );
#796 = ORIENTED_EDGE('',*,*,#797,.T.);
#797 = EDGE_CURVE('',#769,#604,#798,.T.);
#798 = SURFACE_CURVE('',#799,(#803,#809),.PCURVE_S1.);
#799 = LINE('',#800,#801);
#800 = CARTESIAN_POINT('',(31.,37.,3.));
#801 = VECTOR('',#802,1.);
#802 = DIRECTION('',(-1.,0.,0.));
#803 = PCURVE('',#44,#804);
#804 = DEFINITIONAL_REPRESENTATION('',(#805),#808);
#805 = B_SPLINE_CURVE_WITH_KNOTS('',1,(#806,#807),.UNSPECIFIED.,.F.,.F.,
  (2,2),(-38.,-24.),.PIECEWISE_BEZIER_KNOTS.);
#806 = CARTESIAN_POINT('',(61.,29.));
#807 = CARTESIAN_POINT('',(47.,29.));
#808 = ( GEOMETRIC_REPRESENTATION_CONTEXT(2) 
PARAMETRIC_REPRESENTATION_CONTEXT() REPRESENTATION_CONTEXT('2D SPACE',''
  ) );
#809 = PCURVE('',#810,#815);
#810 = PLANE('',#811);
#811 = AXIS2_PLACEMENT_3D('',#812,#813,#814);
#812 = CARTESIAN_POINT('',(54.,37.,-1.));
#813 = DIRECTION('',(0.,1.,0.));
#814 = DIRECTION('',(0.,0.,1.));
#815 = DEFINITIONAL_REPRESENTATION('',(#816),#819);
#816 = B_SPLINE_CURVE_WITH_KNOTS('',1,(#817,#818),.UNSPECIFIED.,.F.,.F.,
  (2,2),(-38.,-24.),.PIECEWISE_BEZIER_KNOTS.);
#817 = CARTESIAN_POINT('',(4.,15.));
#818 = CARTESIAN_POINT('',(4.,1.));
#819 = ( GEOMETRIC_REPRESENTATION_CONTEXT(2) 
PARAMETRIC_REPRESENTATION_CONTEXT() REPRESENTATION_CONTEXT('2D SPACE',''
  ) );
#820 = FACE_BOUND('',#821,.T.);
#821 = EDGE_LOOP('',(#822,#853,#879,#908,#934,#963,#989,#1018));
#822 = ORIENTED_EDGE('',*,*,#823,.F.);
#823 = EDGE_CURVE('',#824,#826,#828,.T.);
#824 = VERTEX_POINT('',#825);
#825 = CARTESIAN_POINT('',(20.,77.,3.));
#826 = VERTEX_POINT('',#827);
#827 = CARTESIAN_POINT('',(21.,76.,3.));
#828 = SURFACE_CURVE('',#829,(#834,#841),.PCURVE_S1.);
#829 = CIRCLE('',#830,1.);
#830 = AXIS2_PLACEMENT_3D('',#831,#832,#833);
#831 = CARTESIAN_POINT('',(21.,77.,3.));
#832 = DIRECTION('',(0.,0.,1.));
#833 = DIRECTION('',(-1.,-0.,0.));
#834 = PCURVE('',#44,#835);
#835 = DEFINITIONAL_REPRESENTATION('',(#836),#840);
#836 = CIRCLE('',#837,1.);
#837 = AXIS2_PLACEMENT_2D('',#838,#839);
#838 = CARTESIAN_POINT('',(13.,69.));
#839 = DIRECTION('',(-1.,0.));
#840 = ( GEOMETRIC_REPRESENTATION_CONTEXT(2) 
PARAMETRIC_REPRESENTATION_CONTEXT() REPRESENTATION_CONTEXT('2D SPACE',''
  ) );
#841 = PCURVE('',#842,#847);
#842 = CYLINDRICAL_SURFACE('',#843,1.);
#843 = AXIS2_PLACEMENT_3D('',#844,#845,#846);
#844 = CARTESIAN_POINT('',(21.,77.,-1.));
#845 = DIRECTION('',(0.,0.,1.));
#846 = DIRECTION('',(-1.,-0.,0.));
#847 = DEFINITIONAL_REPRESENTATION('',(#848),#852);
#848 = LINE('',#849,#850);
#849 = CARTESIAN_POINT('',(0.,4.));
#850 = VECTOR('',#851,1.);
#851 = DIRECTION('',(1.,0.));
#852 = ( GEOMETRIC_REPRESENTATION_CONTEXT(2) 
PARAMETRIC_REPRESENTATION_CONTEXT() REPRESENTATION_CONTEXT('2D SPACE',''
  ) );
#853 = ORIENTED_EDGE('',*,*,#854,.T.);
#854 = EDGE_CURVE('',#824,#855,#857,.T.);
#855 = VERTEX_POINT('',#856);
#856 = CARTESIAN_POINT('',(20.,79.,3.));
#857 = SURFACE_CURVE('',#858,(#862,#868),.PCURVE_S1.);
#858 = LINE('',#859,#860);
#859 = CARTESIAN_POINT('',(20.,42.,3.));
#860 = VECTOR('',#861,1.);
#861 = DIRECTION('',(0.,1.,0.));
#862 = PCURVE('',#44,#863);
#863 = DEFINITIONAL_REPRESENTATION('',(#864),#867);
#864 = B_SPLINE_CURVE_WITH_KNOTS('',1,(#865,#866),.UNSPECIFIED.,.F.,.F.,
  (2,2),(35.,37.),.PIECEWISE_BEZIER_KNOTS.);
#865 = CARTESIAN_POINT('',(12.,69.));
#866 = CARTESIAN_POINT('',(12.,71.));
#867 = ( GEOMETRIC_REPRESENTATION_CONTEXT(2) 
PARAMETRIC_REPRESENTATION_CONTEXT() REPRESENTATION_CONTEXT('2D SPACE',''
  ) );
#868 = PCURVE('',#869,#874);
#869 = PLANE('',#870);
#870 = AXIS2_PLACEMENT_3D('',#871,#872,#873);
#871 = CARTESIAN_POINT('',(20.,76.,-1.));
#872 = DIRECTION('',(1.,0.,0.));
#873 = DIRECTION('',(0.,0.,1.));
#874 = DEFINITIONAL_REPRESENTATION('',(#875),#878);
#875 = B_SPLINE_CURVE_WITH_KNOTS('',1,(#876,#877),.UNSPECIFIED.,.F.,.F.,
  (2,2),(35.,37.),.PIECEWISE_BEZIER_KNOTS.);
#876 = CARTESIAN_POINT('',(4.,-1.));
#877 = CARTESIAN_POINT('',(4.,-3.));
#878 = ( GEOMETRIC_REPRESENTATION_CONTEXT(2) 
PARAMETRIC_REPRESENTATION_CONTEXT() REPRESENTATION_CONTEXT('2D SPACE',''
  ) );
#879 = ORIENTED_EDGE('',*,*,#880,.F.);
#880 = EDGE_CURVE('',#881,#855,#883,.T.);
#881 = VERTEX_POINT('',#882);
#882 = CARTESIAN_POINT('',(21.,80.,3.));
#883 = SURFACE_CURVE('',#884,(#889,#896),.PCURVE_S1.);
#884 = CIRCLE('',#885,1.);
#885 = AXIS2_PLACEMENT_3D('',#886,#887,#888);
#886 = CARTESIAN_POINT('',(21.,79.,3.));
#887 = DIRECTION('',(0.,0.,1.));
#888 = DIRECTION('',(-1.,-0.,0.));
#889 = PCURVE('',#44,#890);
#890 = DEFINITIONAL_REPRESENTATION('',(#891),#895);
#891 = CIRCLE('',#892,1.);
#892 = AXIS2_PLACEMENT_2D('',#893,#894);
#893 = CARTESIAN_POINT('',(13.,71.));
#894 = DIRECTION('',(-1.,0.));
#895 = ( GEOMETRIC_REPRESENTATION_CONTEXT(2) 
PARAMETRIC_REPRESENTATION_CONTEXT() REPRESENTATION_CONTEXT('2D SPACE',''
  ) );
#896 = PCURVE('',#897,#902);
#897 = CYLINDRICAL_SURFACE('',#898,1.);
#898 = AXIS2_PLACEMENT_3D('',#899,#900,#901);
#899 = CARTESIAN_POINT('',(21.,79.,-1.));
#900 = DIRECTION('',(0.,0.,1.));
#901 = DIRECTION('',(-1.,-0.,0.));
#902 = DEFINITIONAL_REPRESENTATION('',(#903),#907);
#903 = LINE('',#904,#905);
#904 = CARTESIAN_POINT('',(-6.28318530718,4.));
#905 = VECTOR('',#906,1.);
#906 = DIRECTION('',(1.,-0.));
#907 = ( GEOMETRIC_REPRESENTATION_CONTEXT(2) 
PARAMETRIC_REPRESENTATION_CONTEXT() REPRESENTATION_CONTEXT('2D SPACE',''
  ) );
#908 = ORIENTED_EDGE('',*,*,#909,.F.);
#909 = EDGE_CURVE('',#910,#881,#912,.T.);
#910 = VERTEX_POINT('',#911);
#911 = CARTESIAN_POINT('',(35.,80.,3.));
#912 = SURFACE_CURVE('',#913,(#917,#923),.PCURVE_S1.);
#913 = LINE('',#914,#915);
#914 = CARTESIAN_POINT('',(14.,80.,3.));
#915 = VECTOR('',#916,1.);
#916 = DIRECTION('',(-1.,0.,0.));
#917 = PCURVE('',#44,#918);
#918 = DEFINITIONAL_REPRESENTATION('',(#919),#922);
#919 = B_SPLINE_CURVE_WITH_KNOTS('',1,(#920,#921),.UNSPECIFIED.,.F.,.F.,
  (2,2),(-21.,-7.),.PIECEWISE_BEZIER_KNOTS.);
#920 = CARTESIAN_POINT('',(27.,72.));
#921 = CARTESIAN_POINT('',(13.,72.));
#922 = ( GEOMETRIC_REPRESENTATION_CONTEXT(2) 
PARAMETRIC_REPRESENTATION_CONTEXT() REPRESENTATION_CONTEXT('2D SPACE',''
  ) );
#923 = PCURVE('',#924,#929);
#924 = PLANE('',#925);
#925 = AXIS2_PLACEMENT_3D('',#926,#927,#928);
#926 = CARTESIAN_POINT('',(20.,80.,-1.));
#927 = DIRECTION('',(0.,1.,0.));
#928 = DIRECTION('',(0.,0.,1.));
#929 = DEFINITIONAL_REPRESENTATION('',(#930),#933);
#930 = B_SPLINE_CURVE_WITH_KNOTS('',1,(#931,#932),.UNSPECIFIED.,.F.,.F.,
  (2,2),(-21.,-7.),.PIECEWISE_BEZIER_KNOTS.);
#931 = CARTESIAN_POINT('',(4.,15.));
#932 = CARTESIAN_POINT('',(4.,1.));
#933 = ( GEOMETRIC_REPRESENTATION_CONTEXT(2) 
PARAMETRIC_REPRESENTATION_CONTEXT() REPRESENTATION_CONTEXT('2D SPACE',''
  ) );
#934 = ORIENTED_EDGE('',*,*,#935,.F.);
#935 = EDGE_CURVE('',#936,#910,#938,.T.);
#936 = VERTEX_POINT('',#937);
#937 = CARTESIAN_POINT('',(36.,79.,3.));
#938 = SURFACE_CURVE('',#939,(#944,#951),.PCURVE_S1.);
#939 = CIRCLE('',#940,1.);
#940 = AXIS2_PLACEMENT_3D('',#941,#942,#943);
#941 = CARTESIAN_POINT('',(35.,79.,3.));
#942 = DIRECTION('',(0.,0.,1.));
#943 = DIRECTION('',(1.,0.,-0.));
#944 = PCURVE('',#44,#945);
#945 = DEFINITIONAL_REPRESENTATION('',(#946),#950);
#946 = CIRCLE('',#947,1.);
#947 = AXIS2_PLACEMENT_2D('',#948,#949);
#948 = CARTESIAN_POINT('',(27.,71.));
#949 = DIRECTION('',(1.,0.));
#950 = ( GEOMETRIC_REPRESENTATION_CONTEXT(2) 
PARAMETRIC_REPRESENTATION_CONTEXT() REPRESENTATION_CONTEXT('2D SPACE',''
  ) );
#951 = PCURVE('',#952,#957);
#952 = CYLINDRICAL_SURFACE('',#953,1.);
#953 = AXIS2_PLACEMENT_3D('',#954,#955,#956);
#954 = CARTESIAN_POINT('',(35.,79.,-1.));
#955 = DIRECTION('',(0.,0.,1.));
#956 = DIRECTION('',(1.,0.,-0.));
#957 = DEFINITIONAL_REPRESENTATION('',(#958),#962);
#958 = LINE('',#959,#960);
#959 = CARTESIAN_POINT('',(0.,4.));
#960 = VECTOR('',#961,1.);
#961 = DIRECTION('',(1.,0.));
#962 = ( GEOMETRIC_REPRESENTATION_CONTEXT(2) 
PARAMETRIC_REPRESENTATION_CONTEXT() REPRESENTATION_CONTEXT('2D SPACE',''
  ) );
#963 = ORIENTED_EDGE('',*,*,#964,.F.);
#964 = EDGE_CURVE('',#965,#936,#967,.T.);
#965 = VERTEX_POINT('',#966);
#966 = CARTESIAN_POINT('',(36.,77.,3.));
#967 = SURFACE_CURVE('',#968,(#972,#978),.PCURVE_S1.);
#968 = LINE('',#969,#970);
#969 = CARTESIAN_POINT('',(36.,42.,3.));
#970 = VECTOR('',#971,1.);
#971 = DIRECTION('',(0.,1.,0.));
#972 = PCURVE('',#44,#973);
#973 = DEFINITIONAL_REPRESENTATION('',(#974),#977);
#974 = B_SPLINE_CURVE_WITH_KNOTS('',1,(#975,#976),.UNSPECIFIED.,.F.,.F.,
  (2,2),(35.,37.),.PIECEWISE_BEZIER_KNOTS.);
#975 = CARTESIAN_POINT('',(28.,69.));
#976 = CARTESIAN_POINT('',(28.,71.));
#977 = ( GEOMETRIC_REPRESENTATION_CONTEXT(2) 
PARAMETRIC_REPRESENTATION_CONTEXT() REPRESENTATION_CONTEXT('2D SPACE',''
  ) );
#978 = PCURVE('',#979,#984);
#979 = PLANE('',#980);
#980 = AXIS2_PLACEMENT_3D('',#981,#982,#983);
#981 = CARTESIAN_POINT('',(36.,76.,-1.));
#982 = DIRECTION('',(1.,0.,0.));
#983 = DIRECTION('',(0.,0.,1.));
#984 = DEFINITIONAL_REPRESENTATION('',(#985),#988);
#985 = B_SPLINE_CURVE_WITH_KNOTS('',1,(#986,#987),.UNSPECIFIED.,.F.,.F.,
  (2,2),(35.,37.),.PIECEWISE_BEZIER_KNOTS.);
#986 = CARTESIAN_POINT('',(4.,-1.));
#987 = CARTESIAN_POINT('',(4.,-3.));
#988 = ( GEOMETRIC_REPRESENTATION_CONTEXT(2) 
PARAMETRIC_REPRESENTATION_CONTEXT() REPRESENTATION_CONTEXT('2D SPACE',''
  ) );
#989 = ORIENTED_EDGE('',*,*,#990,.F.);
#990 = EDGE_CURVE('',#991,#965,#993,.T.);
#991 = VERTEX_POINT('',#992);
#992 = CARTESIAN_POINT('',(35.,76.,3.));
#993 = SURFACE_CURVE('',#994,(#999,#1006),.PCURVE_S1.);
#994 = CIRCLE('',#995,1.);
#995 = AXIS2_PLACEMENT_3D('',#996,#997,#998);
#996 = CARTESIAN_POINT('',(35.,77.,3.));
#997 = DIRECTION('',(0.,0.,1.));
#998 = DIRECTION('',(1.,0.,-0.));
#999 = PCURVE('',#44,#1000);
#1000 = DEFINITIONAL_REPRESENTATION('',(#1001),#1005);
#1001 = CIRCLE('',#1002,1.);
#1002 = AXIS2_PLACEMENT_2D('',#1003,#1004);
#1003 = CARTESIAN_POINT('',(27.,69.));
#1004 = DIRECTION('',(1.,0.));
#1005 = ( GEOMETRIC_REPRESENTATION_CONTEXT(2) 
PARAMETRIC_REPRESENTATION_CONTEXT() REPRESENTATION_CONTEXT('2D SPACE',''
  ) );
#1006 = PCURVE('',#1007,#1012);
#1007 = CYLINDRICAL_SURFACE('',#1008,1.);
#1008 = AXIS2_PLACEMENT_3D('',#1009,#1010,#1011);
#1009 = CARTESIAN_POINT('',(35.,77.,-1.));
#1010 = DIRECTION('',(0.,0.,1.));
#1011 = DIRECTION('',(1.,0.,-0.));
#1012 = DEFINITIONAL_REPRESENTATION('',(#1013),#1017);
#1013 = LINE('',#1014,#1015);
#1014 = CARTESIAN_POINT('',(-6.28318530718,4.));
#1015 = VECTOR('',#1016,1.);
#1016 = DIRECTION('',(1.,-0.));
#1017 = ( GEOMETRIC_REPRESENTATION_CONTEXT(2) 
PARAMETRIC_REPRESENTATION_CONTEXT() REPRESENTATION_CONTEXT('2D SPACE',''
  ) );
#1018 = ORIENTED_EDGE('',*,*,#1019,.T.);
#1019 = EDGE_CURVE('',#991,#826,#1020,.T.);
#1020 = SURFACE_CURVE('',#1021,(#1025,#1031),.PCURVE_S1.);
#1021 = LINE('',#1022,#1023);
#1022 = CARTESIAN_POINT('',(14.,76.,3.));
#1023 = VECTOR('',#1024,1.);
#1024 = DIRECTION('',(-1.,0.,0.));
#1025 = PCURVE('',#44,#1026);
#1026 = DEFINITIONAL_REPRESENTATION('',(#1027),#1030);
#1027 = B_SPLINE_CURVE_WITH_KNOTS('',1,(#1028,#1029),.UNSPECIFIED.,.F.,
  .F.,(2,2),(-21.,-7.),.PIECEWISE_BEZIER_KNOTS.);
#1028 = CARTESIAN_POINT('',(27.,68.));
#1029 = CARTESIAN_POINT('',(13.,68.));
#1030 = ( GEOMETRIC_REPRESENTATION_CONTEXT(2) 
PARAMETRIC_REPRESENTATION_CONTEXT() REPRESENTATION_CONTEXT('2D SPACE',''
  ) );
#1031 = PCURVE('',#1032,#1037);
#1032 = PLANE('',#1033);
#1033 = AXIS2_PLACEMENT_3D('',#1034,#1035,#1036);
#1034 = CARTESIAN_POINT('',(20.,76.,-1.));
#1035 = DIRECTION('',(0.,1.,0.));
#1036 = DIRECTION('',(0.,0.,1.));
#1037 = DEFINITIONAL_REPRESENTATION('',(#1038),#1041);
#1038 = B_SPLINE_CURVE_WITH_KNOTS('',1,(#1039,#1040),.UNSPECIFIED.,.F.,
  .F.,(2,2),(-21.,-7.),.PIECEWISE_BEZIER_KNOTS.);
#1039 = CARTESIAN_POINT('',(4.,15.));
#1040 = CARTESIAN_POINT('',(4.,1.));
#1041 = ( GEOMETRIC_REPRESENTATION_CONTEXT(2) 
PARAMETRIC_REPRESENTATION_CONTEXT() REPRESENTATION_CONTEXT('2D SPACE',''
  ) );
#1042 = FACE_BOUND('',#1043,.T.);
#1043 = EDGE_LOOP('',(#1044,#1075,#1101,#1130,#1156,#1185,#1211,#1240));
#1044 = ORIENTED_EDGE('',*,*,#1045,.F.);
#1045 = EDGE_CURVE('',#1046,#1048,#1050,.T.);
#1046 = VERTEX_POINT('',#1047);
#1047 = CARTESIAN_POINT('',(54.,77.,3.));
#1048 = VERTEX_POINT('',#1049);
#1049 = CARTESIAN_POINT('',(55.,76.,3.));
#1050 = SURFACE_CURVE('',#1051,(#1056,#1063),.PCURVE_S1.);
#1051 = CIRCLE('',#1052,1.);
#1052 = AXIS2_PLACEMENT_3D('',#1053,#1054,#1055);
#1053 = CARTESIAN_POINT('',(55.,77.,3.));
#1054 = DIRECTION('',(0.,0.,1.));
#1055 = DIRECTION('',(-1.,-0.,0.));
#1056 = PCURVE('',#44,#1057);
#1057 = DEFINITIONAL_REPRESENTATION('',(#1058),#1062);
#1058 = CIRCLE('',#1059,1.);
#1059 = AXIS2_PLACEMENT_2D('',#1060,#1061);
#1060 = CARTESIAN_POINT('',(47.,69.));
#1061 = DIRECTION('',(-1.,0.));
#1062 = ( GEOMETRIC_REPRESENTATION_CONTEXT(2) 
PARAMETRIC_REPRESENTATION_CONTEXT() REPRESENTATION_CONTEXT('2D SPACE',''
  ) );
#1063 = PCURVE('',#1064,#1069);
#1064 = CYLINDRICAL_SURFACE('',#1065,1.);
#1065 = AXIS2_PLACEMENT_3D('',#1066,#1067,#1068);
#1066 = CARTESIAN_POINT('',(55.,77.,-1.));
#1067 = DIRECTION('',(0.,0.,1.));
#1068 = DIRECTION('',(-1.,-0.,0.));
#1069 = DEFINITIONAL_REPRESENTATION('',(#1070),#1074);
#1070 = LINE('',#1071,#1072);
#1071 = CARTESIAN_POINT('',(0.,4.));
#1072 = VECTOR('',#1073,1.);
#1073 = DIRECTION('',(1.,0.));
#1074 = ( GEOMETRIC_REPRESENTATION_CONTEXT(2) 
PARAMETRIC_REPRESENTATION_CONTEXT() REPRESENTATION_CONTEXT('2D SPACE',''
  ) );
#1075 = ORIENTED_EDGE('',*,*,#1076,.T.);
#1076 = EDGE_CURVE('',#1046,#1077,#1079,.T.);
#1077 = VERTEX_POINT('',#1078);
#1078 = CARTESIAN_POINT('',(54.,79.,3.));
#1079 = SURFACE_CURVE('',#1080,(#1084,#1090),.PCURVE_S1.);
#1080 = LINE('',#1081,#1082);
#1081 = CARTESIAN_POINT('',(54.,42.,3.));
#1082 = VECTOR('',#1083,1.);
#1083 = DIRECTION('',(0.,1.,0.));
#1084 = PCURVE('',#44,#1085);
#1085 = DEFINITIONAL_REPRESENTATION('',(#1086),#1089);
#1086 = B_SPLINE_CURVE_WITH_KNOTS('',1,(#1087,#1088),.UNSPECIFIED.,.F.,
  .F.,(2,2),(35.,37.),.PIECEWISE_BEZIER_KNOTS.);
#1087 = CARTESIAN_POINT('',(46.,69.));
#1088 = CARTESIAN_POINT('',(46.,71.));
#1089 = ( GEOMETRIC_REPRESENTATION_CONTEXT(2) 
PARAMETRIC_REPRESENTATION_CONTEXT() REPRESENTATION_CONTEXT('2D SPACE',''
  ) );
#1090 = PCURVE('',#1091,#1096);
#1091 = PLANE('',#1092);
#1092 = AXIS2_PLACEMENT_3D('',#1093,#1094,#1095);
#1093 = CARTESIAN_POINT('',(54.,76.,-1.));
#1094 = DIRECTION('',(1.,0.,0.));
#1095 = DIRECTION('',(0.,0.,1.));
#1096 = DEFINITIONAL_REPRESENTATION('',(#1097),#1100);
#1097 = B_SPLINE_CURVE_WITH_KNOTS('',1,(#1098,#1099),.UNSPECIFIED.,.F.,
  .F.,(2,2),(35.,37.),.PIECEWISE_BEZIER_KNOTS.);
#1098 = CARTESIAN_POINT('',(4.,-1.));
#1099 = CARTESIAN_POINT('',(4.,-3.));
#1100 = ( GEOMETRIC_REPRESENTATION_CONTEXT(2) 
PARAMETRIC_REPRESENTATION_CONTEXT() REPRESENTATION_CONTEXT('2D SPACE',''
  ) );
#1101 = ORIENTED_EDGE('',*,*,#1102,.F.);
#1102 = EDGE_CURVE('',#1103,#1077,#1105,.T.);
#1103 = VERTEX_POINT('',#1104);
#1104 = CARTESIAN_POINT('',(55.,80.,3.));
#1105 = SURFACE_CURVE('',#1106,(#1111,#1118),.PCURVE_S1.);
#1106 = CIRCLE('',#1107,1.);
#1107 = AXIS2_PLACEMENT_3D('',#1108,#1109,#1110);
#1108 = CARTESIAN_POINT('',(55.,79.,3.));
#1109 = DIRECTION('',(0.,0.,1.));
#1110 = DIRECTION('',(-1.,-0.,0.));
#1111 = PCURVE('',#44,#1112);
#1112 = DEFINITIONAL_REPRESENTATION('',(#1113),#1117);
#1113 = CIRCLE('',#1114,1.);
#1114 = AXIS2_PLACEMENT_2D('',#1115,#1116);
#1115 = CARTESIAN_POINT('',(47.,71.));
#1116 = DIRECTION('',(-1.,0.));
#1117 = ( GEOMETRIC_REPRESENTATION_CONTEXT(2) 
PARAMETRIC_REPRESENTATION_CONTEXT() REPRESENTATION_CONTEXT('2D SPACE',''
  ) );
#1118 = PCURVE('',#1119,#1124);
#1119 = CYLINDRICAL_SURFACE('',#1120,1.);
#1120 = AXIS2_PLACEMENT_3D('',#1121,#1122,#1123);
#1121 = CARTESIAN_POINT('',(55.,79.,-1.));
#1122 = DIRECTION('',(0.,0.,1.));
#1123 = DIRECTION('',(-1.,-0.,0.));
#1124 = DEFINITIONAL_REPRESENTATION('',(#1125),#1129);
#1125 = LINE('',#1126,#1127);
#1126 = CARTESIAN_POINT('',(-6.28318530718,4.));
#1127 = VECTOR('',#1128,1.);
#1128 = DIRECTION('',(1.,-0.));
#1129 = ( GEOMETRIC_REPRESENTATION_CONTEXT(2) 
PARAMETRIC_REPRESENTATION_CONTEXT() REPRESENTATION_CONTEXT('2D SPACE',''
  ) );
#1130 = ORIENTED_EDGE('',*,*,#1131,.F.);
#1131 = EDGE_CURVE('',#1132,#1103,#1134,.T.);
#1132 = VERTEX_POINT('',#1133);
#1133 = CARTESIAN_POINT('',(69.,80.,3.));
#1134 = SURFACE_CURVE('',#1135,(#1139,#1145),.PCURVE_S1.);
#1135 = LINE('',#1136,#1137);
#1136 = CARTESIAN_POINT('',(31.,80.,3.));
#1137 = VECTOR('',#1138,1.);
#1138 = DIRECTION('',(-1.,0.,0.));
#1139 = PCURVE('',#44,#1140);
#1140 = DEFINITIONAL_REPRESENTATION('',(#1141),#1144);
#1141 = B_SPLINE_CURVE_WITH_KNOTS('',1,(#1142,#1143),.UNSPECIFIED.,.F.,
  .F.,(2,2),(-38.,-24.),.PIECEWISE_BEZIER_KNOTS.);
#1142 = CARTESIAN_POINT('',(61.,72.));
#1143 = CARTESIAN_POINT('',(47.,72.));
#1144 = ( GEOMETRIC_REPRESENTATION_CONTEXT(2) 
PARAMETRIC_REPRESENTATION_CONTEXT() REPRESENTATION_CONTEXT('2D SPACE',''
  ) );
#1145 = PCURVE('',#1146,#1151);
#1146 = PLANE('',#1147);
#1147 = AXIS2_PLACEMENT_3D('',#1148,#1149,#1150);
#1148 = CARTESIAN_POINT('',(54.,80.,-1.));
#1149 = DIRECTION('',(0.,1.,0.));
#1150 = DIRECTION('',(0.,0.,1.));
#1151 = DEFINITIONAL_REPRESENTATION('',(#1152),#1155);
#1152 = B_SPLINE_CURVE_WITH_KNOTS('',1,(#1153,#1154),.UNSPECIFIED.,.F.,
  .F.,(2,2),(-38.,-24.),.PIECEWISE_BEZIER_KNOTS.);
#1153 = CARTESIAN_POINT('',(4.,15.));
#1154 = CARTESIAN_POINT('',(4.,1.));
#1155 = ( GEOMETRIC_REPRESENTATION_CONTEXT(2) 
PARAMETRIC_REPRESENTATION_CONTEXT() REPRESENTATION_CONTEXT('2D SPACE',''
  ) );
#1156 = ORIENTED_EDGE('',*,*,#1157,.F.);
#1157 = EDGE_CURVE('',#1158,#1132,#1160,.T.);
#1158 = VERTEX_POINT('',#1159);
#1159 = CARTESIAN_POINT('',(70.,79.,3.));
#1160 = SURFACE_CURVE('',#1161,(#1166,#1173),.PCURVE_S1.);
#1161 = CIRCLE('',#1162,1.);
#1162 = AXIS2_PLACEMENT_3D('',#1163,#1164,#1165);
#1163 = CARTESIAN_POINT('',(69.,79.,3.));
#1164 = DIRECTION('',(0.,0.,1.));
#1165 = DIRECTION('',(1.,0.,-0.));
#1166 = PCURVE('',#44,#1167);
#1167 = DEFINITIONAL_REPRESENTATION('',(#1168),#1172);
#1168 = CIRCLE('',#1169,1.);
#1169 = AXIS2_PLACEMENT_2D('',#1170,#1171);
#1170 = CARTESIAN_POINT('',(61.,71.));
#1171 = DIRECTION('',(1.,0.));
#1172 = ( GEOMETRIC_REPRESENTATION_CONTEXT(2) 
PARAMETRIC_REPRESENTATION_CONTEXT() REPRESENTATION_CONTEXT('2D SPACE',''
  ) );
#1173 = PCURVE('',#1174,#1179);
#1174 = CYLINDRICAL_SURFACE('',#1175,1.);
#1175 = AXIS2_PLACEMENT_3D('',#1176,#1177,#1178);
#1176 = CARTESIAN_POINT('',(69.,79.,-1.));
#1177 = DIRECTION('',(0.,0.,1.));
#1178 = DIRECTION('',(1.,0.,-0.));
#1179 = DEFINITIONAL_REPRESENTATION('',(#1180),#1184);
#1180 = LINE('',#1181,#1182);
#1181 = CARTESIAN_POINT('',(0.,4.));
#1182 = VECTOR('',#1183,1.);
#1183 = DIRECTION('',(1.,0.));
#1184 = ( GEOMETRIC_REPRESENTATION_CONTEXT(2) 
PARAMETRIC_REPRESENTATION_CONTEXT() REPRESENTATION_CONTEXT('2D SPACE',''
  ) );
#1185 = ORIENTED_EDGE('',*,*,#1186,.F.);
#1186 = EDGE_CURVE('',#1187,#1158,#1189,.T.);
#1187 = VERTEX_POINT('',#1188);
#1188 = CARTESIAN_POINT('',(70.,77.,3.));
#1189 = SURFACE_CURVE('',#1190,(#1194,#1200),.PCURVE_S1.);
#1190 = LINE('',#1191,#1192);
#1191 = CARTESIAN_POINT('',(70.,42.,3.));
#1192 = VECTOR('',#1193,1.);
#1193 = DIRECTION('',(0.,1.,0.));
#1194 = PCURVE('',#44,#1195);
#1195 = DEFINITIONAL_REPRESENTATION('',(#1196),#1199);
#1196 = B_SPLINE_CURVE_WITH_KNOTS('',1,(#1197,#1198),.UNSPECIFIED.,.F.,
  .F.,(2,2),(35.,37.),.PIECEWISE_BEZIER_KNOTS.);
#1197 = CARTESIAN_POINT('',(62.,69.));
#1198 = CARTESIAN_POINT('',(62.,71.));
#1199 = ( GEOMETRIC_REPRESENTATION_CONTEXT(2) 
PARAMETRIC_REPRESENTATION_CONTEXT() REPRESENTATION_CONTEXT('2D SPACE',''
  ) );
#1200 = PCURVE('',#1201,#1206);
#1201 = PLANE('',#1202);
#1202 = AXIS2_PLACEMENT_3D('',#1203,#1204,#1205);
#1203 = CARTESIAN_POINT('',(70.,76.,-1.));
#1204 = DIRECTION('',(1.,0.,0.));
#1205 = DIRECTION('',(0.,0.,1.));
#1206 = DEFINITIONAL_REPRESENTATION('',(#1207),#1210);
#1207 = B_SPLINE_CURVE_WITH_KNOTS('',1,(#1208,#1209),.UNSPECIFIED.,.F.,
  .F.,(2,2),(35.,37.),.PIECEWISE_BEZIER_KNOTS.);
#1208 = CARTESIAN_POINT('',(4.,-1.));
#1209 = CARTESIAN_POINT('',(4.,-3.));
#1210 = ( GEOMETRIC_REPRESENTATION_CONTEXT(2) 
PARAMETRIC_REPRESENTATION_CONTEXT() REPRESENTATION_CONTEXT('2D SPACE',''
  ) );
#1211 = ORIENTED_EDGE('',*,*,#1212,.F.);
#1212 = EDGE_CURVE('',#1213,#1187,#1215,.T.);
#1213 = VERTEX_POINT('',#1214);
#1214 = CARTESIAN_POINT('',(69.,76.,3.));
#1215 = SURFACE_CURVE('',#1216,(#1221,#1228),.PCURVE_S1.);
#1216 = CIRCLE('',#1217,1.);
#1217 = AXIS2_PLACEMENT_3D('',#1218,#1219,#1220);
#1218 = CARTESIAN_POINT('',(69.,77.,3.));
#1219 = DIRECTION('',(0.,0.,1.));
#1220 = DIRECTION('',(1.,0.,-0.));
#1221 = PCURVE('',#44,#1222);
#1222 = DEFINITIONAL_REPRESENTATION('',(#1223),#1227);
#1223 = CIRCLE('',#1224,1.);
#1224 = AXIS2_PLACEMENT_2D('',#1225,#1226);
#1225 = CARTESIAN_POINT('',(61.,69.));
#1226 = DIRECTION('',(1.,0.));
#1227 = ( GEOMETRIC_REPRESENTATION_CONTEXT(2) 
PARAMETRIC_REPRESENTATION_CONTEXT() REPRESENTATION_CONTEXT('2D SPACE',''
  ) );
#1228 = PCURVE('',#1229,#1234);
#1229 = CYLINDRICAL_SURFACE('',#1230,1.);
#1230 = AXIS2_PLACEMENT_3D('',#1231,#1232,#1233);
#1231 = CARTESIAN_POINT('',(69.,77.,-1.));
#1232 = DIRECTION('',(0.,0.,1.));
#1233 = DIRECTION('',(1.,0.,-0.));
#1234 = DEFINITIONAL_REPRESENTATION('',(#1235),#1239);
#1235 = LINE('',#1236,#1237);
#1236 = CARTESIAN_POINT('',(-6.28318530718,4.));
#1237 = VECTOR('',#1238,1.);
#1238 = DIRECTION('',(1.,-0.));
#1239 = ( GEOMETRIC_REPRESENTATION_CONTEXT(2) 
PARAMETRIC_REPRESENTATION_CONTEXT() REPRESENTATION_CONTEXT('2D SPACE',''
  ) );
#1240 = ORIENTED_EDGE('',*,*,#1241,.T.);
#1241 = EDGE_CURVE('',#1213,#1048,#1242,.T.);
#1242 = SURFACE_CURVE('',#1243,(#1247,#1253),.PCURVE_S1.);
#1243 = LINE('',#1244,#1245);
#1244 = CARTESIAN_POINT('',(31.,76.,3.));
#1245 = VECTOR('',#1246,1.);
#1246 = DIRECTION('',(-1.,0.,0.));
#1247 = PCURVE('',#44,#1248);
#1248 = DEFINITIONAL_REPRESENTATION('',(#1249),#1252);
#1249 = B_SPLINE_CURVE_WITH_KNOTS('',1,(#1250,#1251),.UNSPECIFIED.,.F.,
  .F.,(2,2),(-38.,-24.),.PIECEWISE_BEZIER_KNOTS.);
#1250 = CARTESIAN_POINT('',(61.,68.));
#1251 = CARTESIAN_POINT('',(47.,68.));
#1252 = ( GEOMETRIC_REPRESENTATION_CONTEXT(2) 
PARAMETRIC_REPRESENTATION_CONTEXT() REPRESENTATION_CONTEXT('2D SPACE',''
  ) );
#1253 = PCURVE('',#1254,#1259);
#1254 = PLANE('',#1255);
#1255 = AXIS2_PLACEMENT_3D('',#1256,#1257,#1258);
#1256 = CARTESIAN_POINT('',(54.,76.,-1.));
#1257 = DIRECTION('',(0.,1.,0.));
#1258 = DIRECTION('',(0.,0.,1.));
#1259 = DEFINITIONAL_REPRESENTATION('',(#1260),#1263);
#1260 = B_SPLINE_CURVE_WITH_KNOTS('',1,(#1261,#1262),.UNSPECIFIED.,.F.,
  .F.,(2,2),(-38.,-24.),.PIECEWISE_BEZIER_KNOTS.);
#1261 = CARTESIAN_POINT('',(4.,15.));
#1262 = CARTESIAN_POINT('',(4.,1.));
#1263 = ( GEOMETRIC_REPRESENTATION_CONTEXT(2) 
PARAMETRIC_REPRESENTATION_CONTEXT() REPRESENTATION_CONTEXT('2D SPACE',''
  ) );
#1264 = FACE_BOUND('',#1265,.T.);
#1265 = EDGE_LOOP('',(#1266));
#1266 = ORIENTED_EDGE('',*,*,#1267,.T.);
#1267 = EDGE_CURVE('',#1268,#1268,#1270,.T.);
#1268 = VERTEX_POINT('',#1269);
#1269 = CARTESIAN_POINT('',(109.7,22.,3.));
#1270 = SURFACE_CURVE('',#1271,(#1276,#1287),.PCURVE_S1.);
#1271 = CIRCLE('',#1272,1.7);
#1272 = AXIS2_PLACEMENT_3D('',#1273,#1274,#1275);
#1273 = CARTESIAN_POINT('',(108.,22.,3.));
#1274 = DIRECTION('',(0.,0.,-1.));
#1275 = DIRECTION('',(1.,0.,0.));
#1276 = PCURVE('',#44,#1277);
#1277 = DEFINITIONAL_REPRESENTATION('',(#1278),#1286);
#1278 = ( BOUNDED_CURVE() B_SPLINE_CURVE(2,(#1279,#1280,#1281,#1282,
#1283,#1284,#1285),.UNSPECIFIED.,.T.,.F.) B_SPLINE_CURVE_WITH_KNOTS((1,2
    ,2,2,2,1),(-2.094395102393,0.,2.094395102393,4.188790204786,
6.28318530718,8.377580409573),.UNSPECIFIED.) CURVE() 
GEOMETRIC_REPRESENTATION_ITEM() RATIONAL_B_SPLINE_CURVE((1.,0.5,1.,0.5,
1.,0.5,1.)) REPRESENTATION_ITEM('') );
#1279 = CARTESIAN_POINT('',(101.7,14.));
#1280 = CARTESIAN_POINT('',(101.7,11.055513627133));
#1281 = CARTESIAN_POINT('',(99.15,12.527756813566));
#1282 = CARTESIAN_POINT('',(96.6,14.));
#1283 = CARTESIAN_POINT('',(99.15,15.472243186434));
#1284 = CARTESIAN_POINT('',(101.7,16.944486372867));
#1285 = CARTESIAN_POINT('',(101.7,14.));
#1286 = ( GEOMETRIC_REPRESENTATION_CONTEXT(2) 
PARAMETRIC_REPRESENTATION_CONTEXT() REPRESENTATION_CONTEXT('2D SPACE',''
  ) );
#1287 = PCURVE('',#1288,#1293);
#1288 = CYLINDRICAL_SURFACE('',#1289,1.7);
#1289 = AXIS2_PLACEMENT_3D('',#1290,#1291,#1292);
#1290 = CARTESIAN_POINT('',(108.,22.,-1.));
#1291 = DIRECTION('',(-0.,-0.,-1.));
#1292 = DIRECTION('',(1.,0.,0.));
#1293 = DEFINITIONAL_REPRESENTATION('',(#1294),#1298);
#1294 = LINE('',#1295,#1296);
#1295 = CARTESIAN_POINT('',(-6.28318530718,-4.));
#1296 = VECTOR('',#1297,1.);
#1297 = DIRECTION('',(1.,-0.));
#1298 = ( GEOMETRIC_REPRESENTATION_CONTEXT(2) 
PARAMETRIC_REPRESENTATION_CONTEXT() REPRESENTATION_CONTEXT('2D SPACE',''
  ) );
#1299 = FACE_BOUND('',#1300,.T.);
#1300 = EDGE_LOOP('',(#1301,#1332,#1358,#1387,#1413,#1442,#1468,#1497));
#1301 = ORIENTED_EDGE('',*,*,#1302,.F.);
#1302 = EDGE_CURVE('',#1303,#1305,#1307,.T.);
#1303 = VERTEX_POINT('',#1304);
#1304 = CARTESIAN_POINT('',(88.,38.,3.));
#1305 = VERTEX_POINT('',#1306);
#1306 = CARTESIAN_POINT('',(89.,37.,3.));
#1307 = SURFACE_CURVE('',#1308,(#1313,#1320),.PCURVE_S1.);
#1308 = CIRCLE('',#1309,1.);
#1309 = AXIS2_PLACEMENT_3D('',#1310,#1311,#1312);
#1310 = CARTESIAN_POINT('',(89.,38.,3.));
#1311 = DIRECTION('',(0.,0.,1.));
#1312 = DIRECTION('',(-1.,-0.,0.));
#1313 = PCURVE('',#44,#1314);
#1314 = DEFINITIONAL_REPRESENTATION('',(#1315),#1319);
#1315 = CIRCLE('',#1316,1.);
#1316 = AXIS2_PLACEMENT_2D('',#1317,#1318);
#1317 = CARTESIAN_POINT('',(81.,30.));
#1318 = DIRECTION('',(-1.,0.));
#1319 = ( GEOMETRIC_REPRESENTATION_CONTEXT(2) 
PARAMETRIC_REPRESENTATION_CONTEXT() REPRESENTATION_CONTEXT('2D SPACE',''
  ) );
#1320 = PCURVE('',#1321,#1326);
#1321 = CYLINDRICAL_SURFACE('',#1322,1.);
#1322 = AXIS2_PLACEMENT_3D('',#1323,#1324,#1325);
#1323 = CARTESIAN_POINT('',(89.,38.,-1.));
#1324 = DIRECTION('',(0.,0.,1.));
#1325 = DIRECTION('',(-1.,-0.,0.));
#1326 = DEFINITIONAL_REPRESENTATION('',(#1327),#1331);
#1327 = LINE('',#1328,#1329);
#1328 = CARTESIAN_POINT('',(0.,4.));
#1329 = VECTOR('',#1330,1.);
#1330 = DIRECTION('',(1.,0.));
#1331 = ( GEOMETRIC_REPRESENTATION_CONTEXT(2) 
PARAMETRIC_REPRESENTATION_CONTEXT() REPRESENTATION_CONTEXT('2D SPACE',''
  ) );
#1332 = ORIENTED_EDGE('',*,*,#1333,.T.);
#1333 = EDGE_CURVE('',#1303,#1334,#1336,.T.);
#1334 = VERTEX_POINT('',#1335);
#1335 = CARTESIAN_POINT('',(88.,40.,3.));
#1336 = SURFACE_CURVE('',#1337,(#1341,#1347),.PCURVE_S1.);
#1337 = LINE('',#1338,#1339);
#1338 = CARTESIAN_POINT('',(88.,22.5,3.));
#1339 = VECTOR('',#1340,1.);
#1340 = DIRECTION('',(0.,1.,0.));
#1341 = PCURVE('',#44,#1342);
#1342 = DEFINITIONAL_REPRESENTATION('',(#1343),#1346);
#1343 = B_SPLINE_CURVE_WITH_KNOTS('',1,(#1344,#1345),.UNSPECIFIED.,.F.,
  .F.,(2,2),(15.5,17.5),.PIECEWISE_BEZIER_KNOTS.);
#1344 = CARTESIAN_POINT('',(80.,30.));
#1345 = CARTESIAN_POINT('',(80.,32.));
#1346 = ( GEOMETRIC_REPRESENTATION_CONTEXT(2) 
PARAMETRIC_REPRESENTATION_CONTEXT() REPRESENTATION_CONTEXT('2D SPACE',''
  ) );
#1347 = PCURVE('',#1348,#1353);
#1348 = PLANE('',#1349);
#1349 = AXIS2_PLACEMENT_3D('',#1350,#1351,#1352);
#1350 = CARTESIAN_POINT('',(88.,37.,-1.));
#1351 = DIRECTION('',(1.,0.,0.));
#1352 = DIRECTION('',(0.,0.,1.));
#1353 = DEFINITIONAL_REPRESENTATION('',(#1354),#1357);
#1354 = B_SPLINE_CURVE_WITH_KNOTS('',1,(#1355,#1356),.UNSPECIFIED.,.F.,
  .F.,(2,2),(15.5,17.5),.PIECEWISE_BEZIER_KNOTS.);
#1355 = CARTESIAN_POINT('',(4.,-1.));
#1356 = CARTESIAN_POINT('',(4.,-3.));
#1357 = ( GEOMETRIC_REPRESENTATION_CONTEXT(2) 
PARAMETRIC_REPRESENTATION_CONTEXT() REPRESENTATION_CONTEXT('2D SPACE',''
  ) );
#1358 = ORIENTED_EDGE('',*,*,#1359,.F.);
#1359 = EDGE_CURVE('',#1360,#1334,#1362,.T.);
#1360 = VERTEX_POINT('',#1361);
#1361 = CARTESIAN_POINT('',(89.,41.,3.));
#1362 = SURFACE_CURVE('',#1363,(#1368,#1375),.PCURVE_S1.);
#1363 = CIRCLE('',#1364,1.);
#1364 = AXIS2_PLACEMENT_3D('',#1365,#1366,#1367);
#1365 = CARTESIAN_POINT('',(89.,40.,3.));
#1366 = DIRECTION('',(0.,0.,1.));
#1367 = DIRECTION('',(-1.,-0.,0.));
#1368 = PCURVE('',#44,#1369);
#1369 = DEFINITIONAL_REPRESENTATION('',(#1370),#1374);
#1370 = CIRCLE('',#1371,1.);
#1371 = AXIS2_PLACEMENT_2D('',#1372,#1373);
#1372 = CARTESIAN_POINT('',(81.,32.));
#1373 = DIRECTION('',(-1.,0.));
#1374 = ( GEOMETRIC_REPRESENTATION_CONTEXT(2) 
PARAMETRIC_REPRESENTATION_CONTEXT() REPRESENTATION_CONTEXT('2D SPACE',''
  ) );
#1375 = PCURVE('',#1376,#1381);
#1376 = CYLINDRICAL_SURFACE('',#1377,1.);
#1377 = AXIS2_PLACEMENT_3D('',#1378,#1379,#1380);
#1378 = CARTESIAN_POINT('',(89.,40.,-1.));
#1379 = DIRECTION('',(0.,0.,1.));
#1380 = DIRECTION('',(-1.,-0.,0.));
#1381 = DEFINITIONAL_REPRESENTATION('',(#1382),#1386);
#1382 = LINE('',#1383,#1384);
#1383 = CARTESIAN_POINT('',(-6.28318530718,4.));
#1384 = VECTOR('',#1385,1.);
#1385 = DIRECTION('',(1.,-0.));
#1386 = ( GEOMETRIC_REPRESENTATION_CONTEXT(2) 
PARAMETRIC_REPRESENTATION_CONTEXT() REPRESENTATION_CONTEXT('2D SPACE',''
  ) );
#1387 = ORIENTED_EDGE('',*,*,#1388,.F.);
#1388 = EDGE_CURVE('',#1389,#1360,#1391,.T.);
#1389 = VERTEX_POINT('',#1390);
#1390 = CARTESIAN_POINT('',(103.,41.,3.));
#1391 = SURFACE_CURVE('',#1392,(#1396,#1402),.PCURVE_S1.);
#1392 = LINE('',#1393,#1394);
#1393 = CARTESIAN_POINT('',(48.,41.,3.));
#1394 = VECTOR('',#1395,1.);
#1395 = DIRECTION('',(-1.,0.,0.));
#1396 = PCURVE('',#44,#1397);
#1397 = DEFINITIONAL_REPRESENTATION('',(#1398),#1401);
#1398 = B_SPLINE_CURVE_WITH_KNOTS('',1,(#1399,#1400),.UNSPECIFIED.,.F.,
  .F.,(2,2),(-55.,-41.),.PIECEWISE_BEZIER_KNOTS.);
#1399 = CARTESIAN_POINT('',(95.,33.));
#1400 = CARTESIAN_POINT('',(81.,33.));
#1401 = ( GEOMETRIC_REPRESENTATION_CONTEXT(2) 
PARAMETRIC_REPRESENTATION_CONTEXT() REPRESENTATION_CONTEXT('2D SPACE',''
  ) );
#1402 = PCURVE('',#1403,#1408);
#1403 = PLANE('',#1404);
#1404 = AXIS2_PLACEMENT_3D('',#1405,#1406,#1407);
#1405 = CARTESIAN_POINT('',(88.,41.,-1.));
#1406 = DIRECTION('',(0.,1.,0.));
#1407 = DIRECTION('',(0.,0.,1.));
#1408 = DEFINITIONAL_REPRESENTATION('',(#1409),#1412);
#1409 = B_SPLINE_CURVE_WITH_KNOTS('',1,(#1410,#1411),.UNSPECIFIED.,.F.,
  .F.,(2,2),(-55.,-41.),.PIECEWISE_BEZIER_KNOTS.);
#1410 = CARTESIAN_POINT('',(4.,15.));
#1411 = CARTESIAN_POINT('',(4.,1.));
#1412 = ( GEOMETRIC_REPRESENTATION_CONTEXT(2) 
PARAMETRIC_REPRESENTATION_CONTEXT() REPRESENTATION_CONTEXT('2D SPACE',''
  ) );
#1413 = ORIENTED_EDGE('',*,*,#1414,.F.);
#1414 = EDGE_CURVE('',#1415,#1389,#1417,.T.);
#1415 = VERTEX_POINT('',#1416);
#1416 = CARTESIAN_POINT('',(104.,40.,3.));
#1417 = SURFACE_CURVE('',#1418,(#1423,#1430),.PCURVE_S1.);
#1418 = CIRCLE('',#1419,1.);
#1419 = AXIS2_PLACEMENT_3D('',#1420,#1421,#1422);
#1420 = CARTESIAN_POINT('',(103.,40.,3.));
#1421 = DIRECTION('',(0.,0.,1.));
#1422 = DIRECTION('',(1.,0.,-0.));
#1423 = PCURVE('',#44,#1424);
#1424 = DEFINITIONAL_REPRESENTATION('',(#1425),#1429);
#1425 = CIRCLE('',#1426,1.);
#1426 = AXIS2_PLACEMENT_2D('',#1427,#1428);
#1427 = CARTESIAN_POINT('',(95.,32.));
#1428 = DIRECTION('',(1.,0.));
#1429 = ( GEOMETRIC_REPRESENTATION_CONTEXT(2) 
PARAMETRIC_REPRESENTATION_CONTEXT() REPRESENTATION_CONTEXT('2D SPACE',''
  ) );
#1430 = PCURVE('',#1431,#1436);
#1431 = CYLINDRICAL_SURFACE('',#1432,1.);
#1432 = AXIS2_PLACEMENT_3D('',#1433,#1434,#1435);
#1433 = CARTESIAN_POINT('',(103.,40.,-1.));
#1434 = DIRECTION('',(0.,0.,1.));
#1435 = DIRECTION('',(1.,0.,-0.));
#1436 = DEFINITIONAL_REPRESENTATION('',(#1437),#1441);
#1437 = LINE('',#1438,#1439);
#1438 = CARTESIAN_POINT('',(0.,4.));
#1439 = VECTOR('',#1440,1.);
#1440 = DIRECTION('',(1.,0.));
#1441 = ( GEOMETRIC_REPRESENTATION_CONTEXT(2) 
PARAMETRIC_REPRESENTATION_CONTEXT() REPRESENTATION_CONTEXT('2D SPACE',''
  ) );
#1442 = ORIENTED_EDGE('',*,*,#1443,.F.);
#1443 = EDGE_CURVE('',#1444,#1415,#1446,.T.);
#1444 = VERTEX_POINT('',#1445);
#1445 = CARTESIAN_POINT('',(104.,38.,3.));
#1446 = SURFACE_CURVE('',#1447,(#1451,#1457),.PCURVE_S1.);
#1447 = LINE('',#1448,#1449);
#1448 = CARTESIAN_POINT('',(104.,22.5,3.));
#1449 = VECTOR('',#1450,1.);
#1450 = DIRECTION('',(0.,1.,0.));
#1451 = PCURVE('',#44,#1452);
#1452 = DEFINITIONAL_REPRESENTATION('',(#1453),#1456);
#1453 = B_SPLINE_CURVE_WITH_KNOTS('',1,(#1454,#1455),.UNSPECIFIED.,.F.,
  .F.,(2,2),(15.5,17.5),.PIECEWISE_BEZIER_KNOTS.);
#1454 = CARTESIAN_POINT('',(96.,30.));
#1455 = CARTESIAN_POINT('',(96.,32.));
#1456 = ( GEOMETRIC_REPRESENTATION_CONTEXT(2) 
PARAMETRIC_REPRESENTATION_CONTEXT() REPRESENTATION_CONTEXT('2D SPACE',''
  ) );
#1457 = PCURVE('',#1458,#1463);
#1458 = PLANE('',#1459);
#1459 = AXIS2_PLACEMENT_3D('',#1460,#1461,#1462);
#1460 = CARTESIAN_POINT('',(104.,37.,-1.));
#1461 = DIRECTION('',(1.,0.,0.));
#1462 = DIRECTION('',(0.,0.,1.));
#1463 = DEFINITIONAL_REPRESENTATION('',(#1464),#1467);
#1464 = B_SPLINE_CURVE_WITH_KNOTS('',1,(#1465,#1466),.UNSPECIFIED.,.F.,
  .F.,(2,2),(15.5,17.5),.PIECEWISE_BEZIER_KNOTS.);
#1465 = CARTESIAN_POINT('',(4.,-1.));
#1466 = CARTESIAN_POINT('',(4.,-3.));
#1467 = ( GEOMETRIC_REPRESENTATION_CONTEXT(2) 
PARAMETRIC_REPRESENTATION_CONTEXT() REPRESENTATION_CONTEXT('2D SPACE',''
  ) );
#1468 = ORIENTED_EDGE('',*,*,#1469,.F.);
#1469 = EDGE_CURVE('',#1470,#1444,#1472,.T.);
#1470 = VERTEX_POINT('',#1471);
#1471 = CARTESIAN_POINT('',(103.,37.,3.));
#1472 = SURFACE_CURVE('',#1473,(#1478,#1485),.PCURVE_S1.);
#1473 = CIRCLE('',#1474,1.);
#1474 = AXIS2_PLACEMENT_3D('',#1475,#1476,#1477);
#1475 = CARTESIAN_POINT('',(103.,38.,3.));
#1476 = DIRECTION('',(0.,0.,1.));
#1477 = DIRECTION('',(1.,0.,-0.));
#1478 = PCURVE('',#44,#1479);
#1479 = DEFINITIONAL_REPRESENTATION('',(#1480),#1484);
#1480 = CIRCLE('',#1481,1.);
#1481 = AXIS2_PLACEMENT_2D('',#1482,#1483);
#1482 = CARTESIAN_POINT('',(95.,30.));
#1483 = DIRECTION('',(1.,0.));
#1484 = ( GEOMETRIC_REPRESENTATION_CONTEXT(2) 
PARAMETRIC_REPRESENTATION_CONTEXT() REPRESENTATION_CONTEXT('2D SPACE',''
  ) );
#1485 = PCURVE('',#1486,#1491);
#1486 = CYLINDRICAL_SURFACE('',#1487,1.);
#1487 = AXIS2_PLACEMENT_3D('',#1488,#1489,#1490);
#1488 = CARTESIAN_POINT('',(103.,38.,-1.));
#1489 = DIRECTION('',(0.,0.,1.));
#1490 = DIRECTION('',(1.,0.,-0.));
#1491 = DEFINITIONAL_REPRESENTATION('',(#1492),#1496);
#1492 = LINE('',#1493,#1494);
#1493 = CARTESIAN_POINT('',(-6.28318530718,4.));
#1494 = VECTOR('',#1495,1.);
#1495 = DIRECTION('',(1.,-0.));
#1496 = ( GEOMETRIC_REPRESENTATION_CONTEXT(2) 
PARAMETRIC_REPRESENTATION_CONTEXT() REPRESENTATION_CONTEXT('2D SPACE',''
  ) );
#1497 = ORIENTED_EDGE('',*,*,#1498,.T.);
#1498 = EDGE_CURVE('',#1470,#1305,#1499,.T.);
#1499 = SURFACE_CURVE('',#1500,(#1504,#1510),.PCURVE_S1.);
#1500 = LINE('',#1501,#1502);
#1501 = CARTESIAN_POINT('',(48.,37.,3.));
#1502 = VECTOR('',#1503,1.);
#1503 = DIRECTION('',(-1.,0.,0.));
#1504 = PCURVE('',#44,#1505);
#1505 = DEFINITIONAL_REPRESENTATION('',(#1506),#1509);
#1506 = B_SPLINE_CURVE_WITH_KNOTS('',1,(#1507,#1508),.UNSPECIFIED.,.F.,
  .F.,(2,2),(-55.,-41.),.PIECEWISE_BEZIER_KNOTS.);
#1507 = CARTESIAN_POINT('',(95.,29.));
#1508 = CARTESIAN_POINT('',(81.,29.));
#1509 = ( GEOMETRIC_REPRESENTATION_CONTEXT(2) 
PARAMETRIC_REPRESENTATION_CONTEXT() REPRESENTATION_CONTEXT('2D SPACE',''
  ) );
#1510 = PCURVE('',#1511,#1516);
#1511 = PLANE('',#1512);
#1512 = AXIS2_PLACEMENT_3D('',#1513,#1514,#1515);
#1513 = CARTESIAN_POINT('',(88.,37.,-1.));
#1514 = DIRECTION('',(0.,1.,0.));
#1515 = DIRECTION('',(0.,0.,1.));
#1516 = DEFINITIONAL_REPRESENTATION('',(#1517),#1520);
#1517 = B_SPLINE_CURVE_WITH_KNOTS('',1,(#1518,#1519),.UNSPECIFIED.,.F.,
  .F.,(2,2),(-55.,-41.),.PIECEWISE_BEZIER_KNOTS.);
#1518 = CARTESIAN_POINT('',(4.,15.));
#1519 = CARTESIAN_POINT('',(4.,1.));
#1520 = ( GEOMETRIC_REPRESENTATION_CONTEXT(2) 
PARAMETRIC_REPRESENTATION_CONTEXT() REPRESENTATION_CONTEXT('2D SPACE',''
  ) );
#1521 = FACE_BOUND('',#1522,.T.);
#1522 = EDGE_LOOP('',(#1523,#1554,#1580,#1609,#1635,#1664,#1690,#1719));
#1523 = ORIENTED_EDGE('',*,*,#1524,.F.);
#1524 = EDGE_CURVE('',#1525,#1527,#1529,.T.);
#1525 = VERTEX_POINT('',#1526);
#1526 = CARTESIAN_POINT('',(88.,77.,3.));
#1527 = VERTEX_POINT('',#1528);
#1528 = CARTESIAN_POINT('',(89.,76.,3.));
#1529 = SURFACE_CURVE('',#1530,(#1535,#1542),.PCURVE_S1.);
#1530 = CIRCLE('',#1531,1.);
#1531 = AXIS2_PLACEMENT_3D('',#1532,#1533,#1534);
#1532 = CARTESIAN_POINT('',(89.,77.,3.));
#1533 = DIRECTION('',(0.,0.,1.));
#1534 = DIRECTION('',(-1.,-0.,0.));
#1535 = PCURVE('',#44,#1536);
#1536 = DEFINITIONAL_REPRESENTATION('',(#1537),#1541);
#1537 = CIRCLE('',#1538,1.);
#1538 = AXIS2_PLACEMENT_2D('',#1539,#1540);
#1539 = CARTESIAN_POINT('',(81.,69.));
#1540 = DIRECTION('',(-1.,0.));
#1541 = ( GEOMETRIC_REPRESENTATION_CONTEXT(2) 
PARAMETRIC_REPRESENTATION_CONTEXT() REPRESENTATION_CONTEXT('2D SPACE',''
  ) );
#1542 = PCURVE('',#1543,#1548);
#1543 = CYLINDRICAL_SURFACE('',#1544,1.);
#1544 = AXIS2_PLACEMENT_3D('',#1545,#1546,#1547);
#1545 = CARTESIAN_POINT('',(89.,77.,-1.));
#1546 = DIRECTION('',(0.,0.,1.));
#1547 = DIRECTION('',(-1.,-0.,0.));
#1548 = DEFINITIONAL_REPRESENTATION('',(#1549),#1553);
#1549 = LINE('',#1550,#1551);
#1550 = CARTESIAN_POINT('',(0.,4.));
#1551 = VECTOR('',#1552,1.);
#1552 = DIRECTION('',(1.,0.));
#1553 = ( GEOMETRIC_REPRESENTATION_CONTEXT(2) 
PARAMETRIC_REPRESENTATION_CONTEXT() REPRESENTATION_CONTEXT('2D SPACE',''
  ) );
#1554 = ORIENTED_EDGE('',*,*,#1555,.T.);
#1555 = EDGE_CURVE('',#1525,#1556,#1558,.T.);
#1556 = VERTEX_POINT('',#1557);
#1557 = CARTESIAN_POINT('',(88.,79.,3.));
#1558 = SURFACE_CURVE('',#1559,(#1563,#1569),.PCURVE_S1.);
#1559 = LINE('',#1560,#1561);
#1560 = CARTESIAN_POINT('',(88.,42.,3.));
#1561 = VECTOR('',#1562,1.);
#1562 = DIRECTION('',(0.,1.,0.));
#1563 = PCURVE('',#44,#1564);
#1564 = DEFINITIONAL_REPRESENTATION('',(#1565),#1568);
#1565 = B_SPLINE_CURVE_WITH_KNOTS('',1,(#1566,#1567),.UNSPECIFIED.,.F.,
  .F.,(2,2),(35.,37.),.PIECEWISE_BEZIER_KNOTS.);
#1566 = CARTESIAN_POINT('',(80.,69.));
#1567 = CARTESIAN_POINT('',(80.,71.));
#1568 = ( GEOMETRIC_REPRESENTATION_CONTEXT(2) 
PARAMETRIC_REPRESENTATION_CONTEXT() REPRESENTATION_CONTEXT('2D SPACE',''
  ) );
#1569 = PCURVE('',#1570,#1575);
#1570 = PLANE('',#1571);
#1571 = AXIS2_PLACEMENT_3D('',#1572,#1573,#1574);
#1572 = CARTESIAN_POINT('',(88.,76.,-1.));
#1573 = DIRECTION('',(1.,0.,0.));
#1574 = DIRECTION('',(0.,0.,1.));
#1575 = DEFINITIONAL_REPRESENTATION('',(#1576),#1579);
#1576 = B_SPLINE_CURVE_WITH_KNOTS('',1,(#1577,#1578),.UNSPECIFIED.,.F.,
  .F.,(2,2),(35.,37.),.PIECEWISE_BEZIER_KNOTS.);
#1577 = CARTESIAN_POINT('',(4.,-1.));
#1578 = CARTESIAN_POINT('',(4.,-3.));
#1579 = ( GEOMETRIC_REPRESENTATION_CONTEXT(2) 
PARAMETRIC_REPRESENTATION_CONTEXT() REPRESENTATION_CONTEXT('2D SPACE',''
  ) );
#1580 = ORIENTED_EDGE('',*,*,#1581,.F.);
#1581 = EDGE_CURVE('',#1582,#1556,#1584,.T.);
#1582 = VERTEX_POINT('',#1583);
#1583 = CARTESIAN_POINT('',(89.,80.,3.));
#1584 = SURFACE_CURVE('',#1585,(#1590,#1597),.PCURVE_S1.);
#1585 = CIRCLE('',#1586,1.);
#1586 = AXIS2_PLACEMENT_3D('',#1587,#1588,#1589);
#1587 = CARTESIAN_POINT('',(89.,79.,3.));
#1588 = DIRECTION('',(0.,0.,1.));
#1589 = DIRECTION('',(-1.,-0.,0.));
#1590 = PCURVE('',#44,#1591);
#1591 = DEFINITIONAL_REPRESENTATION('',(#1592),#1596);
#1592 = CIRCLE('',#1593,1.);
#1593 = AXIS2_PLACEMENT_2D('',#1594,#1595);
#1594 = CARTESIAN_POINT('',(81.,71.));
#1595 = DIRECTION('',(-1.,0.));
#1596 = ( GEOMETRIC_REPRESENTATION_CONTEXT(2) 
PARAMETRIC_REPRESENTATION_CONTEXT() REPRESENTATION_CONTEXT('2D SPACE',''
  ) );
#1597 = PCURVE('',#1598,#1603);
#1598 = CYLINDRICAL_SURFACE('',#1599,1.);
#1599 = AXIS2_PLACEMENT_3D('',#1600,#1601,#1602);
#1600 = CARTESIAN_POINT('',(89.,79.,-1.));
#1601 = DIRECTION('',(0.,0.,1.));
#1602 = DIRECTION('',(-1.,-0.,0.));
#1603 = DEFINITIONAL_REPRESENTATION('',(#1604),#1608);
#1604 = LINE('',#1605,#1606);
#1605 = CARTESIAN_POINT('',(-6.28318530718,4.));
#1606 = VECTOR('',#1607,1.);
#1607 = DIRECTION('',(1.,-0.));
#1608 = ( GEOMETRIC_REPRESENTATION_CONTEXT(2) 
PARAMETRIC_REPRESENTATION_CONTEXT() REPRESENTATION_CONTEXT('2D SPACE',''
  ) );
#1609 = ORIENTED_EDGE('',*,*,#1610,.F.);
#1610 = EDGE_CURVE('',#1611,#1582,#1613,.T.);
#1611 = VERTEX_POINT('',#1612);
#1612 = CARTESIAN_POINT('',(103.,80.,3.));
#1613 = SURFACE_CURVE('',#1614,(#1618,#1624),.PCURVE_S1.);
#1614 = LINE('',#1615,#1616);
#1615 = CARTESIAN_POINT('',(48.,80.,3.));
#1616 = VECTOR('',#1617,1.);
#1617 = DIRECTION('',(-1.,0.,0.));
#1618 = PCURVE('',#44,#1619);
#1619 = DEFINITIONAL_REPRESENTATION('',(#1620),#1623);
#1620 = B_SPLINE_CURVE_WITH_KNOTS('',1,(#1621,#1622),.UNSPECIFIED.,.F.,
  .F.,(2,2),(-55.,-41.),.PIECEWISE_BEZIER_KNOTS.);
#1621 = CARTESIAN_POINT('',(95.,72.));
#1622 = CARTESIAN_POINT('',(81.,72.));
#1623 = ( GEOMETRIC_REPRESENTATION_CONTEXT(2) 
PARAMETRIC_REPRESENTATION_CONTEXT() REPRESENTATION_CONTEXT('2D SPACE',''
  ) );
#1624 = PCURVE('',#1625,#1630);
#1625 = PLANE('',#1626);
#1626 = AXIS2_PLACEMENT_3D('',#1627,#1628,#1629);
#1627 = CARTESIAN_POINT('',(88.,80.,-1.));
#1628 = DIRECTION('',(0.,1.,0.));
#1629 = DIRECTION('',(0.,0.,1.));
#1630 = DEFINITIONAL_REPRESENTATION('',(#1631),#1634);
#1631 = B_SPLINE_CURVE_WITH_KNOTS('',1,(#1632,#1633),.UNSPECIFIED.,.F.,
  .F.,(2,2),(-55.,-41.),.PIECEWISE_BEZIER_KNOTS.);
#1632 = CARTESIAN_POINT('',(4.,15.));
#1633 = CARTESIAN_POINT('',(4.,1.));
#1634 = ( GEOMETRIC_REPRESENTATION_CONTEXT(2) 
PARAMETRIC_REPRESENTATION_CONTEXT() REPRESENTATION_CONTEXT('2D SPACE',''
  ) );
#1635 = ORIENTED_EDGE('',*,*,#1636,.F.);
#1636 = EDGE_CURVE('',#1637,#1611,#1639,.T.);
#1637 = VERTEX_POINT('',#1638);
#1638 = CARTESIAN_POINT('',(104.,79.,3.));
#1639 = SURFACE_CURVE('',#1640,(#1645,#1652),.PCURVE_S1.);
#1640 = CIRCLE('',#1641,1.);
#1641 = AXIS2_PLACEMENT_3D('',#1642,#1643,#1644);
#1642 = CARTESIAN_POINT('',(103.,79.,3.));
#1643 = DIRECTION('',(0.,0.,1.));
#1644 = DIRECTION('',(1.,0.,-0.));
#1645 = PCURVE('',#44,#1646);
#1646 = DEFINITIONAL_REPRESENTATION('',(#1647),#1651);
#1647 = CIRCLE('',#1648,1.);
#1648 = AXIS2_PLACEMENT_2D('',#1649,#1650);
#1649 = CARTESIAN_POINT('',(95.,71.));
#1650 = DIRECTION('',(1.,0.));
#1651 = ( GEOMETRIC_REPRESENTATION_CONTEXT(2) 
PARAMETRIC_REPRESENTATION_CONTEXT() REPRESENTATION_CONTEXT('2D SPACE',''
  ) );
#1652 = PCURVE('',#1653,#1658);
#1653 = CYLINDRICAL_SURFACE('',#1654,1.);
#1654 = AXIS2_PLACEMENT_3D('',#1655,#1656,#1657);
#1655 = CARTESIAN_POINT('',(103.,79.,-1.));
#1656 = DIRECTION('',(0.,0.,1.));
#1657 = DIRECTION('',(1.,0.,-0.));
#1658 = DEFINITIONAL_REPRESENTATION('',(#1659),#1663);
#1659 = LINE('',#1660,#1661);
#1660 = CARTESIAN_POINT('',(0.,4.));
#1661 = VECTOR('',#1662,1.);
#1662 = DIRECTION('',(1.,0.));
#1663 = ( GEOMETRIC_REPRESENTATION_CONTEXT(2) 
PARAMETRIC_REPRESENTATION_CONTEXT() REPRESENTATION_CONTEXT('2D SPACE',''
  ) );
#1664 = ORIENTED_EDGE('',*,*,#1665,.F.);
#1665 = EDGE_CURVE('',#1666,#1637,#1668,.T.);
#1666 = VERTEX_POINT('',#1667);
#1667 = CARTESIAN_POINT('',(104.,77.,3.));
#1668 = SURFACE_CURVE('',#1669,(#1673,#1679),.PCURVE_S1.);
#1669 = LINE('',#1670,#1671);
#1670 = CARTESIAN_POINT('',(104.,42.,3.));
#1671 = VECTOR('',#1672,1.);
#1672 = DIRECTION('',(0.,1.,0.));
#1673 = PCURVE('',#44,#1674);
#1674 = DEFINITIONAL_REPRESENTATION('',(#1675),#1678);
#1675 = B_SPLINE_CURVE_WITH_KNOTS('',1,(#1676,#1677),.UNSPECIFIED.,.F.,
  .F.,(2,2),(35.,37.),.PIECEWISE_BEZIER_KNOTS.);
#1676 = CARTESIAN_POINT('',(96.,69.));
#1677 = CARTESIAN_POINT('',(96.,71.));
#1678 = ( GEOMETRIC_REPRESENTATION_CONTEXT(2) 
PARAMETRIC_REPRESENTATION_CONTEXT() REPRESENTATION_CONTEXT('2D SPACE',''
  ) );
#1679 = PCURVE('',#1680,#1685);
#1680 = PLANE('',#1681);
#1681 = AXIS2_PLACEMENT_3D('',#1682,#1683,#1684);
#1682 = CARTESIAN_POINT('',(104.,76.,-1.));
#1683 = DIRECTION('',(1.,0.,0.));
#1684 = DIRECTION('',(0.,0.,1.));
#1685 = DEFINITIONAL_REPRESENTATION('',(#1686),#1689);
#1686 = B_SPLINE_CURVE_WITH_KNOTS('',1,(#1687,#1688),.UNSPECIFIED.,.F.,
  .F.,(2,2),(35.,37.),.PIECEWISE_BEZIER_KNOTS.);
#1687 = CARTESIAN_POINT('',(4.,-1.));
#1688 = CARTESIAN_POINT('',(4.,-3.));
#1689 = ( GEOMETRIC_REPRESENTATION_CONTEXT(2) 
PARAMETRIC_REPRESENTATION_CONTEXT() REPRESENTATION_CONTEXT('2D SPACE',''
  ) );
#1690 = ORIENTED_EDGE('',*,*,#1691,.F.);
#1691 = EDGE_CURVE('',#1692,#1666,#1694,.T.);
#1692 = VERTEX_POINT('',#1693);
#1693 = CARTESIAN_POINT('',(103.,76.,3.));
#1694 = SURFACE_CURVE('',#1695,(#1700,#1707),.PCURVE_S1.);
#1695 = CIRCLE('',#1696,1.);
#1696 = AXIS2_PLACEMENT_3D('',#1697,#1698,#1699);
#1697 = CARTESIAN_POINT('',(103.,77.,3.));
#1698 = DIRECTION('',(0.,0.,1.));
#1699 = DIRECTION('',(1.,0.,-0.));
#1700 = PCURVE('',#44,#1701);
#1701 = DEFINITIONAL_REPRESENTATION('',(#1702),#1706);
#1702 = CIRCLE('',#1703,1.);
#1703 = AXIS2_PLACEMENT_2D('',#1704,#1705);
#1704 = CARTESIAN_POINT('',(95.,69.));
#1705 = DIRECTION('',(1.,0.));
#1706 = ( GEOMETRIC_REPRESENTATION_CONTEXT(2) 
PARAMETRIC_REPRESENTATION_CONTEXT() REPRESENTATION_CONTEXT('2D SPACE',''
  ) );
#1707 = PCURVE('',#1708,#1713);
#1708 = CYLINDRICAL_SURFACE('',#1709,1.);
#1709 = AXIS2_PLACEMENT_3D('',#1710,#1711,#1712);
#1710 = CARTESIAN_POINT('',(103.,77.,-1.));
#1711 = DIRECTION('',(0.,0.,1.));
#1712 = DIRECTION('',(1.,0.,-0.));
#1713 = DEFINITIONAL_REPRESENTATION('',(#1714),#1718);
#1714 = LINE('',#1715,#1716);
#1715 = CARTESIAN_POINT('',(-6.28318530718,4.));
#1716 = VECTOR('',#1717,1.);
#1717 = DIRECTION('',(1.,-0.));
#1718 = ( GEOMETRIC_REPRESENTATION_CONTEXT(2) 
PARAMETRIC_REPRESENTATION_CONTEXT() REPRESENTATION_CONTEXT('2D SPACE',''
  ) );
#1719 = ORIENTED_EDGE('',*,*,#1720,.T.);
#1720 = EDGE_CURVE('',#1692,#1527,#1721,.T.);
#1721 = SURFACE_CURVE('',#1722,(#1726,#1732),.PCURVE_S1.);
#1722 = LINE('',#1723,#1724);
#1723 = CARTESIAN_POINT('',(48.,76.,3.));
#1724 = VECTOR('',#1725,1.);
#1725 = DIRECTION('',(-1.,0.,0.));
#1726 = PCURVE('',#44,#1727);
#1727 = DEFINITIONAL_REPRESENTATION('',(#1728),#1731);
#1728 = B_SPLINE_CURVE_WITH_KNOTS('',1,(#1729,#1730),.UNSPECIFIED.,.F.,
  .F.,(2,2),(-55.,-41.),.PIECEWISE_BEZIER_KNOTS.);
#1729 = CARTESIAN_POINT('',(95.,68.));
#1730 = CARTESIAN_POINT('',(81.,68.));
#1731 = ( GEOMETRIC_REPRESENTATION_CONTEXT(2) 
PARAMETRIC_REPRESENTATION_CONTEXT() REPRESENTATION_CONTEXT('2D SPACE',''
  ) );
#1732 = PCURVE('',#1733,#1738);
#1733 = PLANE('',#1734);
#1734 = AXIS2_PLACEMENT_3D('',#1735,#1736,#1737);
#1735 = CARTESIAN_POINT('',(88.,76.,-1.));
#1736 = DIRECTION('',(0.,1.,0.));
#1737 = DIRECTION('',(0.,0.,1.));
#1738 = DEFINITIONAL_REPRESENTATION('',(#1739),#1742);
#1739 = B_SPLINE_CURVE_WITH_KNOTS('',1,(#1740,#1741),.UNSPECIFIED.,.F.,
  .F.,(2,2),(-55.,-41.),.PIECEWISE_BEZIER_KNOTS.);
#1740 = CARTESIAN_POINT('',(4.,15.));
#1741 = CARTESIAN_POINT('',(4.,1.));
#1742 = ( GEOMETRIC_REPRESENTATION_CONTEXT(2) 
PARAMETRIC_REPRESENTATION_CONTEXT() REPRESENTATION_CONTEXT('2D SPACE',''
  ) );
#1743 = FACE_BOUND('',#1744,.T.);
#1744 = EDGE_LOOP('',(#1745,#1776,#1802,#1831,#1857,#1886,#1912,#1941));
#1745 = ORIENTED_EDGE('',*,*,#1746,.F.);
#1746 = EDGE_CURVE('',#1747,#1749,#1751,.T.);
#1747 = VERTEX_POINT('',#1748);
#1748 = CARTESIAN_POINT('',(20.,116.,3.));
#1749 = VERTEX_POINT('',#1750);
#1750 = CARTESIAN_POINT('',(21.,115.,3.));
#1751 = SURFACE_CURVE('',#1752,(#1757,#1764),.PCURVE_S1.);
#1752 = CIRCLE('',#1753,1.);
#1753 = AXIS2_PLACEMENT_3D('',#1754,#1755,#1756);
#1754 = CARTESIAN_POINT('',(21.,116.,3.));
#1755 = DIRECTION('',(0.,0.,1.));
#1756 = DIRECTION('',(-1.,-0.,0.));
#1757 = PCURVE('',#44,#1758);
#1758 = DEFINITIONAL_REPRESENTATION('',(#1759),#1763);
#1759 = CIRCLE('',#1760,1.);
#1760 = AXIS2_PLACEMENT_2D('',#1761,#1762);
#1761 = CARTESIAN_POINT('',(13.,108.));
#1762 = DIRECTION('',(-1.,0.));
#1763 = ( GEOMETRIC_REPRESENTATION_CONTEXT(2) 
PARAMETRIC_REPRESENTATION_CONTEXT() REPRESENTATION_CONTEXT('2D SPACE',''
  ) );
#1764 = PCURVE('',#1765,#1770);
#1765 = CYLINDRICAL_SURFACE('',#1766,1.);
#1766 = AXIS2_PLACEMENT_3D('',#1767,#1768,#1769);
#1767 = CARTESIAN_POINT('',(21.,116.,-1.));
#1768 = DIRECTION('',(0.,0.,1.));
#1769 = DIRECTION('',(-1.,-0.,0.));
#1770 = DEFINITIONAL_REPRESENTATION('',(#1771),#1775);
#1771 = LINE('',#1772,#1773);
#1772 = CARTESIAN_POINT('',(0.,4.));
#1773 = VECTOR('',#1774,1.);
#1774 = DIRECTION('',(1.,0.));
#1775 = ( GEOMETRIC_REPRESENTATION_CONTEXT(2) 
PARAMETRIC_REPRESENTATION_CONTEXT() REPRESENTATION_CONTEXT('2D SPACE',''
  ) );
#1776 = ORIENTED_EDGE('',*,*,#1777,.T.);
#1777 = EDGE_CURVE('',#1747,#1778,#1780,.T.);
#1778 = VERTEX_POINT('',#1779);
#1779 = CARTESIAN_POINT('',(20.,118.,3.));
#1780 = SURFACE_CURVE('',#1781,(#1785,#1791),.PCURVE_S1.);
#1781 = LINE('',#1782,#1783);
#1782 = CARTESIAN_POINT('',(20.,61.5,3.));
#1783 = VECTOR('',#1784,1.);
#1784 = DIRECTION('',(0.,1.,0.));
#1785 = PCURVE('',#44,#1786);
#1786 = DEFINITIONAL_REPRESENTATION('',(#1787),#1790);
#1787 = B_SPLINE_CURVE_WITH_KNOTS('',1,(#1788,#1789),.UNSPECIFIED.,.F.,
  .F.,(2,2),(54.5,56.5),.PIECEWISE_BEZIER_KNOTS.);
#1788 = CARTESIAN_POINT('',(12.,108.));
#1789 = CARTESIAN_POINT('',(12.,110.));
#1790 = ( GEOMETRIC_REPRESENTATION_CONTEXT(2) 
PARAMETRIC_REPRESENTATION_CONTEXT() REPRESENTATION_CONTEXT('2D SPACE',''
  ) );
#1791 = PCURVE('',#1792,#1797);
#1792 = PLANE('',#1793);
#1793 = AXIS2_PLACEMENT_3D('',#1794,#1795,#1796);
#1794 = CARTESIAN_POINT('',(20.,115.,-1.));
#1795 = DIRECTION('',(1.,0.,0.));
#1796 = DIRECTION('',(0.,0.,1.));
#1797 = DEFINITIONAL_REPRESENTATION('',(#1798),#1801);
#1798 = B_SPLINE_CURVE_WITH_KNOTS('',1,(#1799,#1800),.UNSPECIFIED.,.F.,
  .F.,(2,2),(54.5,56.5),.PIECEWISE_BEZIER_KNOTS.);
#1799 = CARTESIAN_POINT('',(4.,-1.));
#1800 = CARTESIAN_POINT('',(4.,-3.));
#1801 = ( GEOMETRIC_REPRESENTATION_CONTEXT(2) 
PARAMETRIC_REPRESENTATION_CONTEXT() REPRESENTATION_CONTEXT('2D SPACE',''
  ) );
#1802 = ORIENTED_EDGE('',*,*,#1803,.F.);
#1803 = EDGE_CURVE('',#1804,#1778,#1806,.T.);
#1804 = VERTEX_POINT('',#1805);
#1805 = CARTESIAN_POINT('',(21.,119.,3.));
#1806 = SURFACE_CURVE('',#1807,(#1812,#1819),.PCURVE_S1.);
#1807 = CIRCLE('',#1808,1.);
#1808 = AXIS2_PLACEMENT_3D('',#1809,#1810,#1811);
#1809 = CARTESIAN_POINT('',(21.,118.,3.));
#1810 = DIRECTION('',(0.,0.,1.));
#1811 = DIRECTION('',(-1.,-0.,0.));
#1812 = PCURVE('',#44,#1813);
#1813 = DEFINITIONAL_REPRESENTATION('',(#1814),#1818);
#1814 = CIRCLE('',#1815,1.);
#1815 = AXIS2_PLACEMENT_2D('',#1816,#1817);
#1816 = CARTESIAN_POINT('',(13.,110.));
#1817 = DIRECTION('',(-1.,0.));
#1818 = ( GEOMETRIC_REPRESENTATION_CONTEXT(2) 
PARAMETRIC_REPRESENTATION_CONTEXT() REPRESENTATION_CONTEXT('2D SPACE',''
  ) );
#1819 = PCURVE('',#1820,#1825);
#1820 = CYLINDRICAL_SURFACE('',#1821,1.);
#1821 = AXIS2_PLACEMENT_3D('',#1822,#1823,#1824);
#1822 = CARTESIAN_POINT('',(21.,118.,-1.));
#1823 = DIRECTION('',(0.,0.,1.));
#1824 = DIRECTION('',(-1.,-0.,0.));
#1825 = DEFINITIONAL_REPRESENTATION('',(#1826),#1830);
#1826 = LINE('',#1827,#1828);
#1827 = CARTESIAN_POINT('',(-6.28318530718,4.));
#1828 = VECTOR('',#1829,1.);
#1829 = DIRECTION('',(1.,-0.));
#1830 = ( GEOMETRIC_REPRESENTATION_CONTEXT(2) 
PARAMETRIC_REPRESENTATION_CONTEXT() REPRESENTATION_CONTEXT('2D SPACE',''
  ) );
#1831 = ORIENTED_EDGE('',*,*,#1832,.F.);
#1832 = EDGE_CURVE('',#1833,#1804,#1835,.T.);
#1833 = VERTEX_POINT('',#1834);
#1834 = CARTESIAN_POINT('',(35.,119.,3.));
#1835 = SURFACE_CURVE('',#1836,(#1840,#1846),.PCURVE_S1.);
#1836 = LINE('',#1837,#1838);
#1837 = CARTESIAN_POINT('',(14.,119.,3.));
#1838 = VECTOR('',#1839,1.);
#1839 = DIRECTION('',(-1.,0.,0.));
#1840 = PCURVE('',#44,#1841);
#1841 = DEFINITIONAL_REPRESENTATION('',(#1842),#1845);
#1842 = B_SPLINE_CURVE_WITH_KNOTS('',1,(#1843,#1844),.UNSPECIFIED.,.F.,
  .F.,(2,2),(-21.,-7.),.PIECEWISE_BEZIER_KNOTS.);
#1843 = CARTESIAN_POINT('',(27.,111.));
#1844 = CARTESIAN_POINT('',(13.,111.));
#1845 = ( GEOMETRIC_REPRESENTATION_CONTEXT(2) 
PARAMETRIC_REPRESENTATION_CONTEXT() REPRESENTATION_CONTEXT('2D SPACE',''
  ) );
#1846 = PCURVE('',#1847,#1852);
#1847 = PLANE('',#1848);
#1848 = AXIS2_PLACEMENT_3D('',#1849,#1850,#1851);
#1849 = CARTESIAN_POINT('',(20.,119.,-1.));
#1850 = DIRECTION('',(0.,1.,0.));
#1851 = DIRECTION('',(0.,0.,1.));
#1852 = DEFINITIONAL_REPRESENTATION('',(#1853),#1856);
#1853 = B_SPLINE_CURVE_WITH_KNOTS('',1,(#1854,#1855),.UNSPECIFIED.,.F.,
  .F.,(2,2),(-21.,-7.),.PIECEWISE_BEZIER_KNOTS.);
#1854 = CARTESIAN_POINT('',(4.,15.));
#1855 = CARTESIAN_POINT('',(4.,1.));
#1856 = ( GEOMETRIC_REPRESENTATION_CONTEXT(2) 
PARAMETRIC_REPRESENTATION_CONTEXT() REPRESENTATION_CONTEXT('2D SPACE',''
  ) );
#1857 = ORIENTED_EDGE('',*,*,#1858,.F.);
#1858 = EDGE_CURVE('',#1859,#1833,#1861,.T.);
#1859 = VERTEX_POINT('',#1860);
#1860 = CARTESIAN_POINT('',(36.,118.,3.));
#1861 = SURFACE_CURVE('',#1862,(#1867,#1874),.PCURVE_S1.);
#1862 = CIRCLE('',#1863,1.);
#1863 = AXIS2_PLACEMENT_3D('',#1864,#1865,#1866);
#1864 = CARTESIAN_POINT('',(35.,118.,3.));
#1865 = DIRECTION('',(0.,0.,1.));
#1866 = DIRECTION('',(1.,0.,-0.));
#1867 = PCURVE('',#44,#1868);
#1868 = DEFINITIONAL_REPRESENTATION('',(#1869),#1873);
#1869 = CIRCLE('',#1870,1.);
#1870 = AXIS2_PLACEMENT_2D('',#1871,#1872);
#1871 = CARTESIAN_POINT('',(27.,110.));
#1872 = DIRECTION('',(1.,0.));
#1873 = ( GEOMETRIC_REPRESENTATION_CONTEXT(2) 
PARAMETRIC_REPRESENTATION_CONTEXT() REPRESENTATION_CONTEXT('2D SPACE',''
  ) );
#1874 = PCURVE('',#1875,#1880);
#1875 = CYLINDRICAL_SURFACE('',#1876,1.);
#1876 = AXIS2_PLACEMENT_3D('',#1877,#1878,#1879);
#1877 = CARTESIAN_POINT('',(35.,118.,-1.));
#1878 = DIRECTION('',(0.,0.,1.));
#1879 = DIRECTION('',(1.,0.,-0.));
#1880 = DEFINITIONAL_REPRESENTATION('',(#1881),#1885);
#1881 = LINE('',#1882,#1883);
#1882 = CARTESIAN_POINT('',(0.,4.));
#1883 = VECTOR('',#1884,1.);
#1884 = DIRECTION('',(1.,0.));
#1885 = ( GEOMETRIC_REPRESENTATION_CONTEXT(2) 
PARAMETRIC_REPRESENTATION_CONTEXT() REPRESENTATION_CONTEXT('2D SPACE',''
  ) );
#1886 = ORIENTED_EDGE('',*,*,#1887,.F.);
#1887 = EDGE_CURVE('',#1888,#1859,#1890,.T.);
#1888 = VERTEX_POINT('',#1889);
#1889 = CARTESIAN_POINT('',(36.,116.,3.));
#1890 = SURFACE_CURVE('',#1891,(#1895,#1901),.PCURVE_S1.);
#1891 = LINE('',#1892,#1893);
#1892 = CARTESIAN_POINT('',(36.,61.5,3.));
#1893 = VECTOR('',#1894,1.);
#1894 = DIRECTION('',(0.,1.,0.));
#1895 = PCURVE('',#44,#1896);
#1896 = DEFINITIONAL_REPRESENTATION('',(#1897),#1900);
#1897 = B_SPLINE_CURVE_WITH_KNOTS('',1,(#1898,#1899),.UNSPECIFIED.,.F.,
  .F.,(2,2),(54.5,56.5),.PIECEWISE_BEZIER_KNOTS.);
#1898 = CARTESIAN_POINT('',(28.,108.));
#1899 = CARTESIAN_POINT('',(28.,110.));
#1900 = ( GEOMETRIC_REPRESENTATION_CONTEXT(2) 
PARAMETRIC_REPRESENTATION_CONTEXT() REPRESENTATION_CONTEXT('2D SPACE',''
  ) );
#1901 = PCURVE('',#1902,#1907);
#1902 = PLANE('',#1903);
#1903 = AXIS2_PLACEMENT_3D('',#1904,#1905,#1906);
#1904 = CARTESIAN_POINT('',(36.,115.,-1.));
#1905 = DIRECTION('',(1.,0.,0.));
#1906 = DIRECTION('',(0.,0.,1.));
#1907 = DEFINITIONAL_REPRESENTATION('',(#1908),#1911);
#1908 = B_SPLINE_CURVE_WITH_KNOTS('',1,(#1909,#1910),.UNSPECIFIED.,.F.,
  .F.,(2,2),(54.5,56.5),.PIECEWISE_BEZIER_KNOTS.);
#1909 = CARTESIAN_POINT('',(4.,-1.));
#1910 = CARTESIAN_POINT('',(4.,-3.));
#1911 = ( GEOMETRIC_REPRESENTATION_CONTEXT(2) 
PARAMETRIC_REPRESENTATION_CONTEXT() REPRESENTATION_CONTEXT('2D SPACE',''
  ) );
#1912 = ORIENTED_EDGE('',*,*,#1913,.F.);
#1913 = EDGE_CURVE('',#1914,#1888,#1916,.T.);
#1914 = VERTEX_POINT('',#1915);
#1915 = CARTESIAN_POINT('',(35.,115.,3.));
#1916 = SURFACE_CURVE('',#1917,(#1922,#1929),.PCURVE_S1.);
#1917 = CIRCLE('',#1918,1.);
#1918 = AXIS2_PLACEMENT_3D('',#1919,#1920,#1921);
#1919 = CARTESIAN_POINT('',(35.,116.,3.));
#1920 = DIRECTION('',(0.,0.,1.));
#1921 = DIRECTION('',(1.,0.,-0.));
#1922 = PCURVE('',#44,#1923);
#1923 = DEFINITIONAL_REPRESENTATION('',(#1924),#1928);
#1924 = CIRCLE('',#1925,1.);
#1925 = AXIS2_PLACEMENT_2D('',#1926,#1927);
#1926 = CARTESIAN_POINT('',(27.,108.));
#1927 = DIRECTION('',(1.,0.));
#1928 = ( GEOMETRIC_REPRESENTATION_CONTEXT(2) 
PARAMETRIC_REPRESENTATION_CONTEXT() REPRESENTATION_CONTEXT('2D SPACE',''
  ) );
#1929 = PCURVE('',#1930,#1935);
#1930 = CYLINDRICAL_SURFACE('',#1931,1.);
#1931 = AXIS2_PLACEMENT_3D('',#1932,#1933,#1934);
#1932 = CARTESIAN_POINT('',(35.,116.,-1.));
#1933 = DIRECTION('',(0.,0.,1.));
#1934 = DIRECTION('',(1.,0.,-0.));
#1935 = DEFINITIONAL_REPRESENTATION('',(#1936),#1940);
#1936 = LINE('',#1937,#1938);
#1937 = CARTESIAN_POINT('',(-6.28318530718,4.));
#1938 = VECTOR('',#1939,1.);
#1939 = DIRECTION('',(1.,-0.));
#1940 = ( GEOMETRIC_REPRESENTATION_CONTEXT(2) 
PARAMETRIC_REPRESENTATION_CONTEXT() REPRESENTATION_CONTEXT('2D SPACE',''
  ) );
#1941 = ORIENTED_EDGE('',*,*,#1942,.T.);
#1942 = EDGE_CURVE('',#1914,#1749,#1943,.T.);
#1943 = SURFACE_CURVE('',#1944,(#1948,#1954),.PCURVE_S1.);
#1944 = LINE('',#1945,#1946);
#1945 = CARTESIAN_POINT('',(14.,115.,3.));
#1946 = VECTOR('',#1947,1.);
#1947 = DIRECTION('',(-1.,0.,0.));
#1948 = PCURVE('',#44,#1949);
#1949 = DEFINITIONAL_REPRESENTATION('',(#1950),#1953);
#1950 = B_SPLINE_CURVE_WITH_KNOTS('',1,(#1951,#1952),.UNSPECIFIED.,.F.,
  .F.,(2,2),(-21.,-7.),.PIECEWISE_BEZIER_KNOTS.);
#1951 = CARTESIAN_POINT('',(27.,107.));
#1952 = CARTESIAN_POINT('',(13.,107.));
#1953 = ( GEOMETRIC_REPRESENTATION_CONTEXT(2) 
PARAMETRIC_REPRESENTATION_CONTEXT() REPRESENTATION_CONTEXT('2D SPACE',''
  ) );
#1954 = PCURVE('',#1955,#1960);
#1955 = PLANE('',#1956);
#1956 = AXIS2_PLACEMENT_3D('',#1957,#1958,#1959);
#1957 = CARTESIAN_POINT('',(20.,115.,-1.));
#1958 = DIRECTION('',(0.,1.,0.));
#1959 = DIRECTION('',(0.,0.,1.));
#1960 = DEFINITIONAL_REPRESENTATION('',(#1961),#1964);
#1961 = B_SPLINE_CURVE_WITH_KNOTS('',1,(#1962,#1963),.UNSPECIFIED.,.F.,
  .F.,(2,2),(-21.,-7.),.PIECEWISE_BEZIER_KNOTS.);
#1962 = CARTESIAN_POINT('',(4.,15.));
#1963 = CARTESIAN_POINT('',(4.,1.));
#1964 = ( GEOMETRIC_REPRESENTATION_CONTEXT(2) 
PARAMETRIC_REPRESENTATION_CONTEXT() REPRESENTATION_CONTEXT('2D SPACE',''
  ) );
#1965 = FACE_BOUND('',#1966,.T.);
#1966 = EDGE_LOOP('',(#1967,#1998,#2024,#2053,#2079,#2108,#2134,#2163));
#1967 = ORIENTED_EDGE('',*,*,#1968,.F.);
#1968 = EDGE_CURVE('',#1969,#1971,#1973,.T.);
#1969 = VERTEX_POINT('',#1970);
#1970 = CARTESIAN_POINT('',(54.,116.,3.));
#1971 = VERTEX_POINT('',#1972);
#1972 = CARTESIAN_POINT('',(55.,115.,3.));
#1973 = SURFACE_CURVE('',#1974,(#1979,#1986),.PCURVE_S1.);
#1974 = CIRCLE('',#1975,1.);
#1975 = AXIS2_PLACEMENT_3D('',#1976,#1977,#1978);
#1976 = CARTESIAN_POINT('',(55.,116.,3.));
#1977 = DIRECTION('',(0.,0.,1.));
#1978 = DIRECTION('',(-1.,-0.,0.));
#1979 = PCURVE('',#44,#1980);
#1980 = DEFINITIONAL_REPRESENTATION('',(#1981),#1985);
#1981 = CIRCLE('',#1982,1.);
#1982 = AXIS2_PLACEMENT_2D('',#1983,#1984);
#1983 = CARTESIAN_POINT('',(47.,108.));
#1984 = DIRECTION('',(-1.,0.));
#1985 = ( GEOMETRIC_REPRESENTATION_CONTEXT(2) 
PARAMETRIC_REPRESENTATION_CONTEXT() REPRESENTATION_CONTEXT('2D SPACE',''
  ) );
#1986 = PCURVE('',#1987,#1992);
#1987 = CYLINDRICAL_SURFACE('',#1988,1.);
#1988 = AXIS2_PLACEMENT_3D('',#1989,#1990,#1991);
#1989 = CARTESIAN_POINT('',(55.,116.,-1.));
#1990 = DIRECTION('',(0.,0.,1.));
#1991 = DIRECTION('',(-1.,-0.,0.));
#1992 = DEFINITIONAL_REPRESENTATION('',(#1993),#1997);
#1993 = LINE('',#1994,#1995);
#1994 = CARTESIAN_POINT('',(0.,4.));
#1995 = VECTOR('',#1996,1.);
#1996 = DIRECTION('',(1.,0.));
#1997 = ( GEOMETRIC_REPRESENTATION_CONTEXT(2) 
PARAMETRIC_REPRESENTATION_CONTEXT() REPRESENTATION_CONTEXT('2D SPACE',''
  ) );
#1998 = ORIENTED_EDGE('',*,*,#1999,.T.);
#1999 = EDGE_CURVE('',#1969,#2000,#2002,.T.);
#2000 = VERTEX_POINT('',#2001);
#2001 = CARTESIAN_POINT('',(54.,118.,3.));
#2002 = SURFACE_CURVE('',#2003,(#2007,#2013),.PCURVE_S1.);
#2003 = LINE('',#2004,#2005);
#2004 = CARTESIAN_POINT('',(54.,61.5,3.));
#2005 = VECTOR('',#2006,1.);
#2006 = DIRECTION('',(0.,1.,0.));
#2007 = PCURVE('',#44,#2008);
#2008 = DEFINITIONAL_REPRESENTATION('',(#2009),#2012);
#2009 = B_SPLINE_CURVE_WITH_KNOTS('',1,(#2010,#2011),.UNSPECIFIED.,.F.,
  .F.,(2,2),(54.5,56.5),.PIECEWISE_BEZIER_KNOTS.);
#2010 = CARTESIAN_POINT('',(46.,108.));
#2011 = CARTESIAN_POINT('',(46.,110.));
#2012 = ( GEOMETRIC_REPRESENTATION_CONTEXT(2) 
PARAMETRIC_REPRESENTATION_CONTEXT() REPRESENTATION_CONTEXT('2D SPACE',''
  ) );
#2013 = PCURVE('',#2014,#2019);
#2014 = PLANE('',#2015);
#2015 = AXIS2_PLACEMENT_3D('',#2016,#2017,#2018);
#2016 = CARTESIAN_POINT('',(54.,115.,-1.));
#2017 = DIRECTION('',(1.,0.,0.));
#2018 = DIRECTION('',(0.,0.,1.));
#2019 = DEFINITIONAL_REPRESENTATION('',(#2020),#2023);
#2020 = B_SPLINE_CURVE_WITH_KNOTS('',1,(#2021,#2022),.UNSPECIFIED.,.F.,
  .F.,(2,2),(54.5,56.5),.PIECEWISE_BEZIER_KNOTS.);
#2021 = CARTESIAN_POINT('',(4.,-1.));
#2022 = CARTESIAN_POINT('',(4.,-3.));
#2023 = ( GEOMETRIC_REPRESENTATION_CONTEXT(2) 
PARAMETRIC_REPRESENTATION_CONTEXT() REPRESENTATION_CONTEXT('2D SPACE',''
  ) );
#2024 = ORIENTED_EDGE('',*,*,#2025,.F.);
#2025 = EDGE_CURVE('',#2026,#2000,#2028,.T.);
#2026 = VERTEX_POINT('',#2027);
#2027 = CARTESIAN_POINT('',(55.,119.,3.));
#2028 = SURFACE_CURVE('',#2029,(#2034,#2041),.PCURVE_S1.);
#2029 = CIRCLE('',#2030,1.);
#2030 = AXIS2_PLACEMENT_3D('',#2031,#2032,#2033);
#2031 = CARTESIAN_POINT('',(55.,118.,3.));
#2032 = DIRECTION('',(0.,0.,1.));
#2033 = DIRECTION('',(-1.,-0.,0.));
#2034 = PCURVE('',#44,#2035);
#2035 = DEFINITIONAL_REPRESENTATION('',(#2036),#2040);
#2036 = CIRCLE('',#2037,1.);
#2037 = AXIS2_PLACEMENT_2D('',#2038,#2039);
#2038 = CARTESIAN_POINT('',(47.,110.));
#2039 = DIRECTION('',(-1.,0.));
#2040 = ( GEOMETRIC_REPRESENTATION_CONTEXT(2) 
PARAMETRIC_REPRESENTATION_CONTEXT() REPRESENTATION_CONTEXT('2D SPACE',''
  ) );
#2041 = PCURVE('',#2042,#2047);
#2042 = CYLINDRICAL_SURFACE('',#2043,1.);
#2043 = AXIS2_PLACEMENT_3D('',#2044,#2045,#2046);
#2044 = CARTESIAN_POINT('',(55.,118.,-1.));
#2045 = DIRECTION('',(0.,0.,1.));
#2046 = DIRECTION('',(-1.,-0.,0.));
#2047 = DEFINITIONAL_REPRESENTATION('',(#2048),#2052);
#2048 = LINE('',#2049,#2050);
#2049 = CARTESIAN_POINT('',(-6.28318530718,4.));
#2050 = VECTOR('',#2051,1.);
#2051 = DIRECTION('',(1.,-0.));
#2052 = ( GEOMETRIC_REPRESENTATION_CONTEXT(2) 
PARAMETRIC_REPRESENTATION_CONTEXT() REPRESENTATION_CONTEXT('2D SPACE',''
  ) );
#2053 = ORIENTED_EDGE('',*,*,#2054,.F.);
#2054 = EDGE_CURVE('',#2055,#2026,#2057,.T.);
#2055 = VERTEX_POINT('',#2056);
#2056 = CARTESIAN_POINT('',(69.,119.,3.));
#2057 = SURFACE_CURVE('',#2058,(#2062,#2068),.PCURVE_S1.);
#2058 = LINE('',#2059,#2060);
#2059 = CARTESIAN_POINT('',(31.,119.,3.));
#2060 = VECTOR('',#2061,1.);
#2061 = DIRECTION('',(-1.,0.,0.));
#2062 = PCURVE('',#44,#2063);
#2063 = DEFINITIONAL_REPRESENTATION('',(#2064),#2067);
#2064 = B_SPLINE_CURVE_WITH_KNOTS('',1,(#2065,#2066),.UNSPECIFIED.,.F.,
  .F.,(2,2),(-38.,-24.),.PIECEWISE_BEZIER_KNOTS.);
#2065 = CARTESIAN_POINT('',(61.,111.));
#2066 = CARTESIAN_POINT('',(47.,111.));
#2067 = ( GEOMETRIC_REPRESENTATION_CONTEXT(2) 
PARAMETRIC_REPRESENTATION_CONTEXT() REPRESENTATION_CONTEXT('2D SPACE',''
  ) );
#2068 = PCURVE('',#2069,#2074);
#2069 = PLANE('',#2070);
#2070 = AXIS2_PLACEMENT_3D('',#2071,#2072,#2073);
#2071 = CARTESIAN_POINT('',(54.,119.,-1.));
#2072 = DIRECTION('',(0.,1.,0.));
#2073 = DIRECTION('',(0.,0.,1.));
#2074 = DEFINITIONAL_REPRESENTATION('',(#2075),#2078);
#2075 = B_SPLINE_CURVE_WITH_KNOTS('',1,(#2076,#2077),.UNSPECIFIED.,.F.,
  .F.,(2,2),(-38.,-24.),.PIECEWISE_BEZIER_KNOTS.);
#2076 = CARTESIAN_POINT('',(4.,15.));
#2077 = CARTESIAN_POINT('',(4.,1.));
#2078 = ( GEOMETRIC_REPRESENTATION_CONTEXT(2) 
PARAMETRIC_REPRESENTATION_CONTEXT() REPRESENTATION_CONTEXT('2D SPACE',''
  ) );
#2079 = ORIENTED_EDGE('',*,*,#2080,.F.);
#2080 = EDGE_CURVE('',#2081,#2055,#2083,.T.);
#2081 = VERTEX_POINT('',#2082);
#2082 = CARTESIAN_POINT('',(70.,118.,3.));
#2083 = SURFACE_CURVE('',#2084,(#2089,#2096),.PCURVE_S1.);
#2084 = CIRCLE('',#2085,1.);
#2085 = AXIS2_PLACEMENT_3D('',#2086,#2087,#2088);
#2086 = CARTESIAN_POINT('',(69.,118.,3.));
#2087 = DIRECTION('',(0.,0.,1.));
#2088 = DIRECTION('',(1.,0.,-0.));
#2089 = PCURVE('',#44,#2090);
#2090 = DEFINITIONAL_REPRESENTATION('',(#2091),#2095);
#2091 = CIRCLE('',#2092,1.);
#2092 = AXIS2_PLACEMENT_2D('',#2093,#2094);
#2093 = CARTESIAN_POINT('',(61.,110.));
#2094 = DIRECTION('',(1.,0.));
#2095 = ( GEOMETRIC_REPRESENTATION_CONTEXT(2) 
PARAMETRIC_REPRESENTATION_CONTEXT() REPRESENTATION_CONTEXT('2D SPACE',''
  ) );
#2096 = PCURVE('',#2097,#2102);
#2097 = CYLINDRICAL_SURFACE('',#2098,1.);
#2098 = AXIS2_PLACEMENT_3D('',#2099,#2100,#2101);
#2099 = CARTESIAN_POINT('',(69.,118.,-1.));
#2100 = DIRECTION('',(0.,0.,1.));
#2101 = DIRECTION('',(1.,0.,-0.));
#2102 = DEFINITIONAL_REPRESENTATION('',(#2103),#2107);
#2103 = LINE('',#2104,#2105);
#2104 = CARTESIAN_POINT('',(0.,4.));
#2105 = VECTOR('',#2106,1.);
#2106 = DIRECTION('',(1.,0.));
#2107 = ( GEOMETRIC_REPRESENTATION_CONTEXT(2) 
PARAMETRIC_REPRESENTATION_CONTEXT() REPRESENTATION_CONTEXT('2D SPACE',''
  ) );
#2108 = ORIENTED_EDGE('',*,*,#2109,.F.);
#2109 = EDGE_CURVE('',#2110,#2081,#2112,.T.);
#2110 = VERTEX_POINT('',#2111);
#2111 = CARTESIAN_POINT('',(70.,116.,3.));
#2112 = SURFACE_CURVE('',#2113,(#2117,#2123),.PCURVE_S1.);
#2113 = LINE('',#2114,#2115);
#2114 = CARTESIAN_POINT('',(70.,61.5,3.));
#2115 = VECTOR('',#2116,1.);
#2116 = DIRECTION('',(0.,1.,0.));
#2117 = PCURVE('',#44,#2118);
#2118 = DEFINITIONAL_REPRESENTATION('',(#2119),#2122);
#2119 = B_SPLINE_CURVE_WITH_KNOTS('',1,(#2120,#2121),.UNSPECIFIED.,.F.,
  .F.,(2,2),(54.5,56.5),.PIECEWISE_BEZIER_KNOTS.);
#2120 = CARTESIAN_POINT('',(62.,108.));
#2121 = CARTESIAN_POINT('',(62.,110.));
#2122 = ( GEOMETRIC_REPRESENTATION_CONTEXT(2) 
PARAMETRIC_REPRESENTATION_CONTEXT() REPRESENTATION_CONTEXT('2D SPACE',''
  ) );
#2123 = PCURVE('',#2124,#2129);
#2124 = PLANE('',#2125);
#2125 = AXIS2_PLACEMENT_3D('',#2126,#2127,#2128);
#2126 = CARTESIAN_POINT('',(70.,115.,-1.));
#2127 = DIRECTION('',(1.,0.,0.));
#2128 = DIRECTION('',(0.,0.,1.));
#2129 = DEFINITIONAL_REPRESENTATION('',(#2130),#2133);
#2130 = B_SPLINE_CURVE_WITH_KNOTS('',1,(#2131,#2132),.UNSPECIFIED.,.F.,
  .F.,(2,2),(54.5,56.5),.PIECEWISE_BEZIER_KNOTS.);
#2131 = CARTESIAN_POINT('',(4.,-1.));
#2132 = CARTESIAN_POINT('',(4.,-3.));
#2133 = ( GEOMETRIC_REPRESENTATION_CONTEXT(2) 
PARAMETRIC_REPRESENTATION_CONTEXT() REPRESENTATION_CONTEXT('2D SPACE',''
  ) );
#2134 = ORIENTED_EDGE('',*,*,#2135,.F.);
#2135 = EDGE_CURVE('',#2136,#2110,#2138,.T.);
#2136 = VERTEX_POINT('',#2137);
#2137 = CARTESIAN_POINT('',(69.,115.,3.));
#2138 = SURFACE_CURVE('',#2139,(#2144,#2151),.PCURVE_S1.);
#2139 = CIRCLE('',#2140,1.);
#2140 = AXIS2_PLACEMENT_3D('',#2141,#2142,#2143);
#2141 = CARTESIAN_POINT('',(69.,116.,3.));
#2142 = DIRECTION('',(0.,0.,1.));
#2143 = DIRECTION('',(1.,0.,-0.));
#2144 = PCURVE('',#44,#2145);
#2145 = DEFINITIONAL_REPRESENTATION('',(#2146),#2150);
#2146 = CIRCLE('',#2147,1.);
#2147 = AXIS2_PLACEMENT_2D('',#2148,#2149);
#2148 = CARTESIAN_POINT('',(61.,108.));
#2149 = DIRECTION('',(1.,0.));
#2150 = ( GEOMETRIC_REPRESENTATION_CONTEXT(2) 
PARAMETRIC_REPRESENTATION_CONTEXT() REPRESENTATION_CONTEXT('2D SPACE',''
  ) );
#2151 = PCURVE('',#2152,#2157);
#2152 = CYLINDRICAL_SURFACE('',#2153,1.);
#2153 = AXIS2_PLACEMENT_3D('',#2154,#2155,#2156);
#2154 = CARTESIAN_POINT('',(69.,116.,-1.));
#2155 = DIRECTION('',(0.,0.,1.));
#2156 = DIRECTION('',(1.,0.,-0.));
#2157 = DEFINITIONAL_REPRESENTATION('',(#2158),#2162);
#2158 = LINE('',#2159,#2160);
#2159 = CARTESIAN_POINT('',(-6.28318530718,4.));
#2160 = VECTOR('',#2161,1.);
#2161 = DIRECTION('',(1.,-0.));
#2162 = ( GEOMETRIC_REPRESENTATION_CONTEXT(2) 
PARAMETRIC_REPRESENTATION_CONTEXT() REPRESENTATION_CONTEXT('2D SPACE',''
  ) );
#2163 = ORIENTED_EDGE('',*,*,#2164,.T.);
#2164 = EDGE_CURVE('',#2136,#1971,#2165,.T.);
#2165 = SURFACE_CURVE('',#2166,(#2170,#2176),.PCURVE_S1.);
#2166 = LINE('',#2167,#2168);
#2167 = CARTESIAN_POINT('',(31.,115.,3.));
#2168 = VECTOR('',#2169,1.);
#2169 = DIRECTION('',(-1.,0.,0.));
#2170 = PCURVE('',#44,#2171);
#2171 = DEFINITIONAL_REPRESENTATION('',(#2172),#2175);
#2172 = B_SPLINE_CURVE_WITH_KNOTS('',1,(#2173,#2174),.UNSPECIFIED.,.F.,
  .F.,(2,2),(-38.,-24.),.PIECEWISE_BEZIER_KNOTS.);
#2173 = CARTESIAN_POINT('',(61.,107.));
#2174 = CARTESIAN_POINT('',(47.,107.));
#2175 = ( GEOMETRIC_REPRESENTATION_CONTEXT(2) 
PARAMETRIC_REPRESENTATION_CONTEXT() REPRESENTATION_CONTEXT('2D SPACE',''
  ) );
#2176 = PCURVE('',#2177,#2182);
#2177 = PLANE('',#2178);
#2178 = AXIS2_PLACEMENT_3D('',#2179,#2180,#2181);
#2179 = CARTESIAN_POINT('',(54.,115.,-1.));
#2180 = DIRECTION('',(0.,1.,0.));
#2181 = DIRECTION('',(0.,0.,1.));
#2182 = DEFINITIONAL_REPRESENTATION('',(#2183),#2186);
#2183 = B_SPLINE_CURVE_WITH_KNOTS('',1,(#2184,#2185),.UNSPECIFIED.,.F.,
  .F.,(2,2),(-38.,-24.),.PIECEWISE_BEZIER_KNOTS.);
#2184 = CARTESIAN_POINT('',(4.,15.));
#2185 = CARTESIAN_POINT('',(4.,1.));
#2186 = ( GEOMETRIC_REPRESENTATION_CONTEXT(2) 
PARAMETRIC_REPRESENTATION_CONTEXT() REPRESENTATION_CONTEXT('2D SPACE',''
  ) );
#2187 = FACE_BOUND('',#2188,.T.);
#2188 = EDGE_LOOP('',(#2189,#2220,#2246,#2275,#2301,#2330,#2356,#2385));
#2189 = ORIENTED_EDGE('',*,*,#2190,.F.);
#2190 = EDGE_CURVE('',#2191,#2193,#2195,.T.);
#2191 = VERTEX_POINT('',#2192);
#2192 = CARTESIAN_POINT('',(20.,147.,3.));
#2193 = VERTEX_POINT('',#2194);
#2194 = CARTESIAN_POINT('',(21.,146.,3.));
#2195 = SURFACE_CURVE('',#2196,(#2201,#2208),.PCURVE_S1.);
#2196 = CIRCLE('',#2197,1.);
#2197 = AXIS2_PLACEMENT_3D('',#2198,#2199,#2200);
#2198 = CARTESIAN_POINT('',(21.,147.,3.));
#2199 = DIRECTION('',(0.,0.,1.));
#2200 = DIRECTION('',(-1.,-0.,0.));
#2201 = PCURVE('',#44,#2202);
#2202 = DEFINITIONAL_REPRESENTATION('',(#2203),#2207);
#2203 = CIRCLE('',#2204,1.);
#2204 = AXIS2_PLACEMENT_2D('',#2205,#2206);
#2205 = CARTESIAN_POINT('',(13.,139.));
#2206 = DIRECTION('',(-1.,0.));
#2207 = ( GEOMETRIC_REPRESENTATION_CONTEXT(2) 
PARAMETRIC_REPRESENTATION_CONTEXT() REPRESENTATION_CONTEXT('2D SPACE',''
  ) );
#2208 = PCURVE('',#2209,#2214);
#2209 = CYLINDRICAL_SURFACE('',#2210,1.);
#2210 = AXIS2_PLACEMENT_3D('',#2211,#2212,#2213);
#2211 = CARTESIAN_POINT('',(21.,147.,-1.));
#2212 = DIRECTION('',(0.,0.,1.));
#2213 = DIRECTION('',(-1.,-0.,0.));
#2214 = DEFINITIONAL_REPRESENTATION('',(#2215),#2219);
#2215 = LINE('',#2216,#2217);
#2216 = CARTESIAN_POINT('',(0.,4.));
#2217 = VECTOR('',#2218,1.);
#2218 = DIRECTION('',(1.,0.));
#2219 = ( GEOMETRIC_REPRESENTATION_CONTEXT(2) 
PARAMETRIC_REPRESENTATION_CONTEXT() REPRESENTATION_CONTEXT('2D SPACE',''
  ) );
#2220 = ORIENTED_EDGE('',*,*,#2221,.T.);
#2221 = EDGE_CURVE('',#2191,#2222,#2224,.T.);
#2222 = VERTEX_POINT('',#2223);
#2223 = CARTESIAN_POINT('',(20.,149.,3.));
#2224 = SURFACE_CURVE('',#2225,(#2229,#2235),.PCURVE_S1.);
#2225 = LINE('',#2226,#2227);
#2226 = CARTESIAN_POINT('',(20.,77.,3.));
#2227 = VECTOR('',#2228,1.);
#2228 = DIRECTION('',(0.,1.,0.));
#2229 = PCURVE('',#44,#2230);
#2230 = DEFINITIONAL_REPRESENTATION('',(#2231),#2234);
#2231 = B_SPLINE_CURVE_WITH_KNOTS('',1,(#2232,#2233),.UNSPECIFIED.,.F.,
  .F.,(2,2),(70.,72.),.PIECEWISE_BEZIER_KNOTS.);
#2232 = CARTESIAN_POINT('',(12.,139.));
#2233 = CARTESIAN_POINT('',(12.,141.));
#2234 = ( GEOMETRIC_REPRESENTATION_CONTEXT(2) 
PARAMETRIC_REPRESENTATION_CONTEXT() REPRESENTATION_CONTEXT('2D SPACE',''
  ) );
#2235 = PCURVE('',#2236,#2241);
#2236 = PLANE('',#2237);
#2237 = AXIS2_PLACEMENT_3D('',#2238,#2239,#2240);
#2238 = CARTESIAN_POINT('',(20.,146.,-1.));
#2239 = DIRECTION('',(1.,0.,0.));
#2240 = DIRECTION('',(0.,0.,1.));
#2241 = DEFINITIONAL_REPRESENTATION('',(#2242),#2245);
#2242 = B_SPLINE_CURVE_WITH_KNOTS('',1,(#2243,#2244),.UNSPECIFIED.,.F.,
  .F.,(2,2),(70.,72.),.PIECEWISE_BEZIER_KNOTS.);
#2243 = CARTESIAN_POINT('',(4.,-1.));
#2244 = CARTESIAN_POINT('',(4.,-3.));
#2245 = ( GEOMETRIC_REPRESENTATION_CONTEXT(2) 
PARAMETRIC_REPRESENTATION_CONTEXT() REPRESENTATION_CONTEXT('2D SPACE',''
  ) );
#2246 = ORIENTED_EDGE('',*,*,#2247,.F.);
#2247 = EDGE_CURVE('',#2248,#2222,#2250,.T.);
#2248 = VERTEX_POINT('',#2249);
#2249 = CARTESIAN_POINT('',(21.,150.,3.));
#2250 = SURFACE_CURVE('',#2251,(#2256,#2263),.PCURVE_S1.);
#2251 = CIRCLE('',#2252,1.);
#2252 = AXIS2_PLACEMENT_3D('',#2253,#2254,#2255);
#2253 = CARTESIAN_POINT('',(21.,149.,3.));
#2254 = DIRECTION('',(0.,0.,1.));
#2255 = DIRECTION('',(-1.,-0.,0.));
#2256 = PCURVE('',#44,#2257);
#2257 = DEFINITIONAL_REPRESENTATION('',(#2258),#2262);
#2258 = CIRCLE('',#2259,1.);
#2259 = AXIS2_PLACEMENT_2D('',#2260,#2261);
#2260 = CARTESIAN_POINT('',(13.,141.));
#2261 = DIRECTION('',(-1.,0.));
#2262 = ( GEOMETRIC_REPRESENTATION_CONTEXT(2) 
PARAMETRIC_REPRESENTATION_CONTEXT() REPRESENTATION_CONTEXT('2D SPACE',''
  ) );
#2263 = PCURVE('',#2264,#2269);
#2264 = CYLINDRICAL_SURFACE('',#2265,1.);
#2265 = AXIS2_PLACEMENT_3D('',#2266,#2267,#2268);
#2266 = CARTESIAN_POINT('',(21.,149.,-1.));
#2267 = DIRECTION('',(0.,0.,1.));
#2268 = DIRECTION('',(-1.,-0.,0.));
#2269 = DEFINITIONAL_REPRESENTATION('',(#2270),#2274);
#2270 = LINE('',#2271,#2272);
#2271 = CARTESIAN_POINT('',(-6.28318530718,4.));
#2272 = VECTOR('',#2273,1.);
#2273 = DIRECTION('',(1.,-0.));
#2274 = ( GEOMETRIC_REPRESENTATION_CONTEXT(2) 
PARAMETRIC_REPRESENTATION_CONTEXT() REPRESENTATION_CONTEXT('2D SPACE',''
  ) );
#2275 = ORIENTED_EDGE('',*,*,#2276,.F.);
#2276 = EDGE_CURVE('',#2277,#2248,#2279,.T.);
#2277 = VERTEX_POINT('',#2278);
#2278 = CARTESIAN_POINT('',(35.,150.,3.));
#2279 = SURFACE_CURVE('',#2280,(#2284,#2290),.PCURVE_S1.);
#2280 = LINE('',#2281,#2282);
#2281 = CARTESIAN_POINT('',(14.,150.,3.));
#2282 = VECTOR('',#2283,1.);
#2283 = DIRECTION('',(-1.,0.,0.));
#2284 = PCURVE('',#44,#2285);
#2285 = DEFINITIONAL_REPRESENTATION('',(#2286),#2289);
#2286 = B_SPLINE_CURVE_WITH_KNOTS('',1,(#2287,#2288),.UNSPECIFIED.,.F.,
  .F.,(2,2),(-21.,-7.),.PIECEWISE_BEZIER_KNOTS.);
#2287 = CARTESIAN_POINT('',(27.,142.));
#2288 = CARTESIAN_POINT('',(13.,142.));
#2289 = ( GEOMETRIC_REPRESENTATION_CONTEXT(2) 
PARAMETRIC_REPRESENTATION_CONTEXT() REPRESENTATION_CONTEXT('2D SPACE',''
  ) );
#2290 = PCURVE('',#2291,#2296);
#2291 = PLANE('',#2292);
#2292 = AXIS2_PLACEMENT_3D('',#2293,#2294,#2295);
#2293 = CARTESIAN_POINT('',(20.,150.,-1.));
#2294 = DIRECTION('',(0.,1.,0.));
#2295 = DIRECTION('',(0.,0.,1.));
#2296 = DEFINITIONAL_REPRESENTATION('',(#2297),#2300);
#2297 = B_SPLINE_CURVE_WITH_KNOTS('',1,(#2298,#2299),.UNSPECIFIED.,.F.,
  .F.,(2,2),(-21.,-7.),.PIECEWISE_BEZIER_KNOTS.);
#2298 = CARTESIAN_POINT('',(4.,15.));
#2299 = CARTESIAN_POINT('',(4.,1.));
#2300 = ( GEOMETRIC_REPRESENTATION_CONTEXT(2) 
PARAMETRIC_REPRESENTATION_CONTEXT() REPRESENTATION_CONTEXT('2D SPACE',''
  ) );
#2301 = ORIENTED_EDGE('',*,*,#2302,.F.);
#2302 = EDGE_CURVE('',#2303,#2277,#2305,.T.);
#2303 = VERTEX_POINT('',#2304);
#2304 = CARTESIAN_POINT('',(36.,149.,3.));
#2305 = SURFACE_CURVE('',#2306,(#2311,#2318),.PCURVE_S1.);
#2306 = CIRCLE('',#2307,1.);
#2307 = AXIS2_PLACEMENT_3D('',#2308,#2309,#2310);
#2308 = CARTESIAN_POINT('',(35.,149.,3.));
#2309 = DIRECTION('',(0.,0.,1.));
#2310 = DIRECTION('',(1.,0.,-0.));
#2311 = PCURVE('',#44,#2312);
#2312 = DEFINITIONAL_REPRESENTATION('',(#2313),#2317);
#2313 = CIRCLE('',#2314,1.);
#2314 = AXIS2_PLACEMENT_2D('',#2315,#2316);
#2315 = CARTESIAN_POINT('',(27.,141.));
#2316 = DIRECTION('',(1.,0.));
#2317 = ( GEOMETRIC_REPRESENTATION_CONTEXT(2) 
PARAMETRIC_REPRESENTATION_CONTEXT() REPRESENTATION_CONTEXT('2D SPACE',''
  ) );
#2318 = PCURVE('',#2319,#2324);
#2319 = CYLINDRICAL_SURFACE('',#2320,1.);
#2320 = AXIS2_PLACEMENT_3D('',#2321,#2322,#2323);
#2321 = CARTESIAN_POINT('',(35.,149.,-1.));
#2322 = DIRECTION('',(0.,0.,1.));
#2323 = DIRECTION('',(1.,0.,-0.));
#2324 = DEFINITIONAL_REPRESENTATION('',(#2325),#2329);
#2325 = LINE('',#2326,#2327);
#2326 = CARTESIAN_POINT('',(0.,4.));
#2327 = VECTOR('',#2328,1.);
#2328 = DIRECTION('',(1.,0.));
#2329 = ( GEOMETRIC_REPRESENTATION_CONTEXT(2) 
PARAMETRIC_REPRESENTATION_CONTEXT() REPRESENTATION_CONTEXT('2D SPACE',''
  ) );
#2330 = ORIENTED_EDGE('',*,*,#2331,.F.);
#2331 = EDGE_CURVE('',#2332,#2303,#2334,.T.);
#2332 = VERTEX_POINT('',#2333);
#2333 = CARTESIAN_POINT('',(36.,147.,3.));
#2334 = SURFACE_CURVE('',#2335,(#2339,#2345),.PCURVE_S1.);
#2335 = LINE('',#2336,#2337);
#2336 = CARTESIAN_POINT('',(36.,77.,3.));
#2337 = VECTOR('',#2338,1.);
#2338 = DIRECTION('',(0.,1.,0.));
#2339 = PCURVE('',#44,#2340);
#2340 = DEFINITIONAL_REPRESENTATION('',(#2341),#2344);
#2341 = B_SPLINE_CURVE_WITH_KNOTS('',1,(#2342,#2343),.UNSPECIFIED.,.F.,
  .F.,(2,2),(70.,72.),.PIECEWISE_BEZIER_KNOTS.);
#2342 = CARTESIAN_POINT('',(28.,139.));
#2343 = CARTESIAN_POINT('',(28.,141.));
#2344 = ( GEOMETRIC_REPRESENTATION_CONTEXT(2) 
PARAMETRIC_REPRESENTATION_CONTEXT() REPRESENTATION_CONTEXT('2D SPACE',''
  ) );
#2345 = PCURVE('',#2346,#2351);
#2346 = PLANE('',#2347);
#2347 = AXIS2_PLACEMENT_3D('',#2348,#2349,#2350);
#2348 = CARTESIAN_POINT('',(36.,146.,-1.));
#2349 = DIRECTION('',(1.,0.,0.));
#2350 = DIRECTION('',(0.,0.,1.));
#2351 = DEFINITIONAL_REPRESENTATION('',(#2352),#2355);
#2352 = B_SPLINE_CURVE_WITH_KNOTS('',1,(#2353,#2354),.UNSPECIFIED.,.F.,
  .F.,(2,2),(70.,72.),.PIECEWISE_BEZIER_KNOTS.);
#2353 = CARTESIAN_POINT('',(4.,-1.));
#2354 = CARTESIAN_POINT('',(4.,-3.));
#2355 = ( GEOMETRIC_REPRESENTATION_CONTEXT(2) 
PARAMETRIC_REPRESENTATION_CONTEXT() REPRESENTATION_CONTEXT('2D SPACE',''
  ) );
#2356 = ORIENTED_EDGE('',*,*,#2357,.F.);
#2357 = EDGE_CURVE('',#2358,#2332,#2360,.T.);
#2358 = VERTEX_POINT('',#2359);
#2359 = CARTESIAN_POINT('',(35.,146.,3.));
#2360 = SURFACE_CURVE('',#2361,(#2366,#2373),.PCURVE_S1.);
#2361 = CIRCLE('',#2362,1.);
#2362 = AXIS2_PLACEMENT_3D('',#2363,#2364,#2365);
#2363 = CARTESIAN_POINT('',(35.,147.,3.));
#2364 = DIRECTION('',(0.,0.,1.));
#2365 = DIRECTION('',(1.,0.,-0.));
#2366 = PCURVE('',#44,#2367);
#2367 = DEFINITIONAL_REPRESENTATION('',(#2368),#2372);
#2368 = CIRCLE('',#2369,1.);
#2369 = AXIS2_PLACEMENT_2D('',#2370,#2371);
#2370 = CARTESIAN_POINT('',(27.,139.));
#2371 = DIRECTION('',(1.,0.));
#2372 = ( GEOMETRIC_REPRESENTATION_CONTEXT(2) 
PARAMETRIC_REPRESENTATION_CONTEXT() REPRESENTATION_CONTEXT('2D SPACE',''
  ) );
#2373 = PCURVE('',#2374,#2379);
#2374 = CYLINDRICAL_SURFACE('',#2375,1.);
#2375 = AXIS2_PLACEMENT_3D('',#2376,#2377,#2378);
#2376 = CARTESIAN_POINT('',(35.,147.,-1.));
#2377 = DIRECTION('',(0.,0.,1.));
#2378 = DIRECTION('',(1.,0.,-0.));
#2379 = DEFINITIONAL_REPRESENTATION('',(#2380),#2384);
#2380 = LINE('',#2381,#2382);
#2381 = CARTESIAN_POINT('',(-6.28318530718,4.));
#2382 = VECTOR('',#2383,1.);
#2383 = DIRECTION('',(1.,-0.));
#2384 = ( GEOMETRIC_REPRESENTATION_CONTEXT(2) 
PARAMETRIC_REPRESENTATION_CONTEXT() REPRESENTATION_CONTEXT('2D SPACE',''
  ) );
#2385 = ORIENTED_EDGE('',*,*,#2386,.T.);
#2386 = EDGE_CURVE('',#2358,#2193,#2387,.T.);
#2387 = SURFACE_CURVE('',#2388,(#2392,#2398),.PCURVE_S1.);
#2388 = LINE('',#2389,#2390);
#2389 = CARTESIAN_POINT('',(14.,146.,3.));
#2390 = VECTOR('',#2391,1.);
#2391 = DIRECTION('',(-1.,0.,0.));
#2392 = PCURVE('',#44,#2393);
#2393 = DEFINITIONAL_REPRESENTATION('',(#2394),#2397);
#2394 = B_SPLINE_CURVE_WITH_KNOTS('',1,(#2395,#2396),.UNSPECIFIED.,.F.,
  .F.,(2,2),(-21.,-7.),.PIECEWISE_BEZIER_KNOTS.);
#2395 = CARTESIAN_POINT('',(27.,138.));
#2396 = CARTESIAN_POINT('',(13.,138.));
#2397 = ( GEOMETRIC_REPRESENTATION_CONTEXT(2) 
PARAMETRIC_REPRESENTATION_CONTEXT() REPRESENTATION_CONTEXT('2D SPACE',''
  ) );
#2398 = PCURVE('',#2399,#2404);
#2399 = PLANE('',#2400);
#2400 = AXIS2_PLACEMENT_3D('',#2401,#2402,#2403);
#2401 = CARTESIAN_POINT('',(20.,146.,-1.));
#2402 = DIRECTION('',(0.,1.,0.));
#2403 = DIRECTION('',(0.,0.,1.));
#2404 = DEFINITIONAL_REPRESENTATION('',(#2405),#2408);
#2405 = B_SPLINE_CURVE_WITH_KNOTS('',1,(#2406,#2407),.UNSPECIFIED.,.F.,
  .F.,(2,2),(-21.,-7.),.PIECEWISE_BEZIER_KNOTS.);
#2406 = CARTESIAN_POINT('',(4.,15.));
#2407 = CARTESIAN_POINT('',(4.,1.));
#2408 = ( GEOMETRIC_REPRESENTATION_CONTEXT(2) 
PARAMETRIC_REPRESENTATION_CONTEXT() REPRESENTATION_CONTEXT('2D SPACE',''
  ) );
#2409 = FACE_BOUND('',#2410,.T.);
#2410 = EDGE_LOOP('',(#2411));
#2411 = ORIENTED_EDGE('',*,*,#2412,.T.);
#2412 = EDGE_CURVE('',#2413,#2413,#2415,.T.);
#2413 = VERTEX_POINT('',#2414);
#2414 = CARTESIAN_POINT('',(23.7,168.,3.));
#2415 = SURFACE_CURVE('',#2416,(#2421,#2432),.PCURVE_S1.);
#2416 = CIRCLE('',#2417,1.7);
#2417 = AXIS2_PLACEMENT_3D('',#2418,#2419,#2420);
#2418 = CARTESIAN_POINT('',(22.,168.,3.));
#2419 = DIRECTION('',(0.,0.,-1.));
#2420 = DIRECTION('',(1.,0.,0.));
#2421 = PCURVE('',#44,#2422);
#2422 = DEFINITIONAL_REPRESENTATION('',(#2423),#2431);
#2423 = ( BOUNDED_CURVE() B_SPLINE_CURVE(2,(#2424,#2425,#2426,#2427,
#2428,#2429,#2430),.UNSPECIFIED.,.T.,.F.) B_SPLINE_CURVE_WITH_KNOTS((1,2
    ,2,2,2,1),(-2.094395102393,0.,2.094395102393,4.188790204786,
6.28318530718,8.377580409573),.UNSPECIFIED.) CURVE() 
GEOMETRIC_REPRESENTATION_ITEM() RATIONAL_B_SPLINE_CURVE((1.,0.5,1.,0.5,
1.,0.5,1.)) REPRESENTATION_ITEM('') );
#2424 = CARTESIAN_POINT('',(15.7,160.));
#2425 = CARTESIAN_POINT('',(15.7,157.05551362713));
#2426 = CARTESIAN_POINT('',(13.15,158.52775681356));
#2427 = CARTESIAN_POINT('',(10.6,160.));
#2428 = CARTESIAN_POINT('',(13.15,161.47224318643));
#2429 = CARTESIAN_POINT('',(15.7,162.94448637286));
#2430 = CARTESIAN_POINT('',(15.7,160.));
#2431 = ( GEOMETRIC_REPRESENTATION_CONTEXT(2) 
PARAMETRIC_REPRESENTATION_CONTEXT() REPRESENTATION_CONTEXT('2D SPACE',''
  ) );
#2432 = PCURVE('',#2433,#2438);
#2433 = CYLINDRICAL_SURFACE('',#2434,1.7);
#2434 = AXIS2_PLACEMENT_3D('',#2435,#2436,#2437);
#2435 = CARTESIAN_POINT('',(22.,168.,-1.));
#2436 = DIRECTION('',(-0.,-0.,-1.));
#2437 = DIRECTION('',(1.,0.,0.));
#2438 = DEFINITIONAL_REPRESENTATION('',(#2439),#2443);
#2439 = LINE('',#2440,#2441);
#2440 = CARTESIAN_POINT('',(-6.28318530718,-4.));
#2441 = VECTOR('',#2442,1.);
#2442 = DIRECTION('',(1.,-0.));
#2443 = ( GEOMETRIC_REPRESENTATION_CONTEXT(2) 
PARAMETRIC_REPRESENTATION_CONTEXT() REPRESENTATION_CONTEXT('2D SPACE',''
  ) );
#2444 = FACE_BOUND('',#2445,.T.);
#2445 = EDGE_LOOP('',(#2446,#2477,#2503,#2532,#2558,#2587,#2613,#2642));
#2446 = ORIENTED_EDGE('',*,*,#2447,.F.);
#2447 = EDGE_CURVE('',#2448,#2450,#2452,.T.);
#2448 = VERTEX_POINT('',#2449);
#2449 = CARTESIAN_POINT('',(54.,147.,3.));
#2450 = VERTEX_POINT('',#2451);
#2451 = CARTESIAN_POINT('',(55.,146.,3.));
#2452 = SURFACE_CURVE('',#2453,(#2458,#2465),.PCURVE_S1.);
#2453 = CIRCLE('',#2454,1.);
#2454 = AXIS2_PLACEMENT_3D('',#2455,#2456,#2457);
#2455 = CARTESIAN_POINT('',(55.,147.,3.));
#2456 = DIRECTION('',(0.,0.,1.));
#2457 = DIRECTION('',(-1.,-0.,0.));
#2458 = PCURVE('',#44,#2459);
#2459 = DEFINITIONAL_REPRESENTATION('',(#2460),#2464);
#2460 = CIRCLE('',#2461,1.);
#2461 = AXIS2_PLACEMENT_2D('',#2462,#2463);
#2462 = CARTESIAN_POINT('',(47.,139.));
#2463 = DIRECTION('',(-1.,0.));
#2464 = ( GEOMETRIC_REPRESENTATION_CONTEXT(2) 
PARAMETRIC_REPRESENTATION_CONTEXT() REPRESENTATION_CONTEXT('2D SPACE',''
  ) );
#2465 = PCURVE('',#2466,#2471);
#2466 = CYLINDRICAL_SURFACE('',#2467,1.);
#2467 = AXIS2_PLACEMENT_3D('',#2468,#2469,#2470);
#2468 = CARTESIAN_POINT('',(55.,147.,-1.));
#2469 = DIRECTION('',(0.,0.,1.));
#2470 = DIRECTION('',(-1.,-0.,0.));
#2471 = DEFINITIONAL_REPRESENTATION('',(#2472),#2476);
#2472 = LINE('',#2473,#2474);
#2473 = CARTESIAN_POINT('',(0.,4.));
#2474 = VECTOR('',#2475,1.);
#2475 = DIRECTION('',(1.,0.));
#2476 = ( GEOMETRIC_REPRESENTATION_CONTEXT(2) 
PARAMETRIC_REPRESENTATION_CONTEXT() REPRESENTATION_CONTEXT('2D SPACE',''
  ) );
#2477 = ORIENTED_EDGE('',*,*,#2478,.T.);
#2478 = EDGE_CURVE('',#2448,#2479,#2481,.T.);
#2479 = VERTEX_POINT('',#2480);
#2480 = CARTESIAN_POINT('',(54.,149.,3.));
#2481 = SURFACE_CURVE('',#2482,(#2486,#2492),.PCURVE_S1.);
#2482 = LINE('',#2483,#2484);
#2483 = CARTESIAN_POINT('',(54.,77.,3.));
#2484 = VECTOR('',#2485,1.);
#2485 = DIRECTION('',(0.,1.,0.));
#2486 = PCURVE('',#44,#2487);
#2487 = DEFINITIONAL_REPRESENTATION('',(#2488),#2491);
#2488 = B_SPLINE_CURVE_WITH_KNOTS('',1,(#2489,#2490),.UNSPECIFIED.,.F.,
  .F.,(2,2),(70.,72.),.PIECEWISE_BEZIER_KNOTS.);
#2489 = CARTESIAN_POINT('',(46.,139.));
#2490 = CARTESIAN_POINT('',(46.,141.));
#2491 = ( GEOMETRIC_REPRESENTATION_CONTEXT(2) 
PARAMETRIC_REPRESENTATION_CONTEXT() REPRESENTATION_CONTEXT('2D SPACE',''
  ) );
#2492 = PCURVE('',#2493,#2498);
#2493 = PLANE('',#2494);
#2494 = AXIS2_PLACEMENT_3D('',#2495,#2496,#2497);
#2495 = CARTESIAN_POINT('',(54.,146.,-1.));
#2496 = DIRECTION('',(1.,0.,0.));
#2497 = DIRECTION('',(0.,0.,1.));
#2498 = DEFINITIONAL_REPRESENTATION('',(#2499),#2502);
#2499 = B_SPLINE_CURVE_WITH_KNOTS('',1,(#2500,#2501),.UNSPECIFIED.,.F.,
  .F.,(2,2),(70.,72.),.PIECEWISE_BEZIER_KNOTS.);
#2500 = CARTESIAN_POINT('',(4.,-1.));
#2501 = CARTESIAN_POINT('',(4.,-3.));
#2502 = ( GEOMETRIC_REPRESENTATION_CONTEXT(2) 
PARAMETRIC_REPRESENTATION_CONTEXT() REPRESENTATION_CONTEXT('2D SPACE',''
  ) );
#2503 = ORIENTED_EDGE('',*,*,#2504,.F.);
#2504 = EDGE_CURVE('',#2505,#2479,#2507,.T.);
#2505 = VERTEX_POINT('',#2506);
#2506 = CARTESIAN_POINT('',(55.,150.,3.));
#2507 = SURFACE_CURVE('',#2508,(#2513,#2520),.PCURVE_S1.);
#2508 = CIRCLE('',#2509,1.);
#2509 = AXIS2_PLACEMENT_3D('',#2510,#2511,#2512);
#2510 = CARTESIAN_POINT('',(55.,149.,3.));
#2511 = DIRECTION('',(0.,0.,1.));
#2512 = DIRECTION('',(-1.,-0.,0.));
#2513 = PCURVE('',#44,#2514);
#2514 = DEFINITIONAL_REPRESENTATION('',(#2515),#2519);
#2515 = CIRCLE('',#2516,1.);
#2516 = AXIS2_PLACEMENT_2D('',#2517,#2518);
#2517 = CARTESIAN_POINT('',(47.,141.));
#2518 = DIRECTION('',(-1.,0.));
#2519 = ( GEOMETRIC_REPRESENTATION_CONTEXT(2) 
PARAMETRIC_REPRESENTATION_CONTEXT() REPRESENTATION_CONTEXT('2D SPACE',''
  ) );
#2520 = PCURVE('',#2521,#2526);
#2521 = CYLINDRICAL_SURFACE('',#2522,1.);
#2522 = AXIS2_PLACEMENT_3D('',#2523,#2524,#2525);
#2523 = CARTESIAN_POINT('',(55.,149.,-1.));
#2524 = DIRECTION('',(0.,0.,1.));
#2525 = DIRECTION('',(-1.,-0.,0.));
#2526 = DEFINITIONAL_REPRESENTATION('',(#2527),#2531);
#2527 = LINE('',#2528,#2529);
#2528 = CARTESIAN_POINT('',(-6.28318530718,4.));
#2529 = VECTOR('',#2530,1.);
#2530 = DIRECTION('',(1.,-0.));
#2531 = ( GEOMETRIC_REPRESENTATION_CONTEXT(2) 
PARAMETRIC_REPRESENTATION_CONTEXT() REPRESENTATION_CONTEXT('2D SPACE',''
  ) );
#2532 = ORIENTED_EDGE('',*,*,#2533,.F.);
#2533 = EDGE_CURVE('',#2534,#2505,#2536,.T.);
#2534 = VERTEX_POINT('',#2535);
#2535 = CARTESIAN_POINT('',(69.,150.,3.));
#2536 = SURFACE_CURVE('',#2537,(#2541,#2547),.PCURVE_S1.);
#2537 = LINE('',#2538,#2539);
#2538 = CARTESIAN_POINT('',(31.,150.,3.));
#2539 = VECTOR('',#2540,1.);
#2540 = DIRECTION('',(-1.,0.,0.));
#2541 = PCURVE('',#44,#2542);
#2542 = DEFINITIONAL_REPRESENTATION('',(#2543),#2546);
#2543 = B_SPLINE_CURVE_WITH_KNOTS('',1,(#2544,#2545),.UNSPECIFIED.,.F.,
  .F.,(2,2),(-38.,-24.),.PIECEWISE_BEZIER_KNOTS.);
#2544 = CARTESIAN_POINT('',(61.,142.));
#2545 = CARTESIAN_POINT('',(47.,142.));
#2546 = ( GEOMETRIC_REPRESENTATION_CONTEXT(2) 
PARAMETRIC_REPRESENTATION_CONTEXT() REPRESENTATION_CONTEXT('2D SPACE',''
  ) );
#2547 = PCURVE('',#2548,#2553);
#2548 = PLANE('',#2549);
#2549 = AXIS2_PLACEMENT_3D('',#2550,#2551,#2552);
#2550 = CARTESIAN_POINT('',(54.,150.,-1.));
#2551 = DIRECTION('',(0.,1.,0.));
#2552 = DIRECTION('',(0.,0.,1.));
#2553 = DEFINITIONAL_REPRESENTATION('',(#2554),#2557);
#2554 = B_SPLINE_CURVE_WITH_KNOTS('',1,(#2555,#2556),.UNSPECIFIED.,.F.,
  .F.,(2,2),(-38.,-24.),.PIECEWISE_BEZIER_KNOTS.);
#2555 = CARTESIAN_POINT('',(4.,15.));
#2556 = CARTESIAN_POINT('',(4.,1.));
#2557 = ( GEOMETRIC_REPRESENTATION_CONTEXT(2) 
PARAMETRIC_REPRESENTATION_CONTEXT() REPRESENTATION_CONTEXT('2D SPACE',''
  ) );
#2558 = ORIENTED_EDGE('',*,*,#2559,.F.);
#2559 = EDGE_CURVE('',#2560,#2534,#2562,.T.);
#2560 = VERTEX_POINT('',#2561);
#2561 = CARTESIAN_POINT('',(70.,149.,3.));
#2562 = SURFACE_CURVE('',#2563,(#2568,#2575),.PCURVE_S1.);
#2563 = CIRCLE('',#2564,1.);
#2564 = AXIS2_PLACEMENT_3D('',#2565,#2566,#2567);
#2565 = CARTESIAN_POINT('',(69.,149.,3.));
#2566 = DIRECTION('',(0.,0.,1.));
#2567 = DIRECTION('',(1.,0.,-0.));
#2568 = PCURVE('',#44,#2569);
#2569 = DEFINITIONAL_REPRESENTATION('',(#2570),#2574);
#2570 = CIRCLE('',#2571,1.);
#2571 = AXIS2_PLACEMENT_2D('',#2572,#2573);
#2572 = CARTESIAN_POINT('',(61.,141.));
#2573 = DIRECTION('',(1.,0.));
#2574 = ( GEOMETRIC_REPRESENTATION_CONTEXT(2) 
PARAMETRIC_REPRESENTATION_CONTEXT() REPRESENTATION_CONTEXT('2D SPACE',''
  ) );
#2575 = PCURVE('',#2576,#2581);
#2576 = CYLINDRICAL_SURFACE('',#2577,1.);
#2577 = AXIS2_PLACEMENT_3D('',#2578,#2579,#2580);
#2578 = CARTESIAN_POINT('',(69.,149.,-1.));
#2579 = DIRECTION('',(0.,0.,1.));
#2580 = DIRECTION('',(1.,0.,-0.));
#2581 = DEFINITIONAL_REPRESENTATION('',(#2582),#2586);
#2582 = LINE('',#2583,#2584);
#2583 = CARTESIAN_POINT('',(0.,4.));
#2584 = VECTOR('',#2585,1.);
#2585 = DIRECTION('',(1.,0.));
#2586 = ( GEOMETRIC_REPRESENTATION_CONTEXT(2) 
PARAMETRIC_REPRESENTATION_CONTEXT() REPRESENTATION_CONTEXT('2D SPACE',''
  ) );
#2587 = ORIENTED_EDGE('',*,*,#2588,.F.);
#2588 = EDGE_CURVE('',#2589,#2560,#2591,.T.);
#2589 = VERTEX_POINT('',#2590);
#2590 = CARTESIAN_POINT('',(70.,147.,3.));
#2591 = SURFACE_CURVE('',#2592,(#2596,#2602),.PCURVE_S1.);
#2592 = LINE('',#2593,#2594);
#2593 = CARTESIAN_POINT('',(70.,77.,3.));
#2594 = VECTOR('',#2595,1.);
#2595 = DIRECTION('',(0.,1.,0.));
#2596 = PCURVE('',#44,#2597);
#2597 = DEFINITIONAL_REPRESENTATION('',(#2598),#2601);
#2598 = B_SPLINE_CURVE_WITH_KNOTS('',1,(#2599,#2600),.UNSPECIFIED.,.F.,
  .F.,(2,2),(70.,72.),.PIECEWISE_BEZIER_KNOTS.);
#2599 = CARTESIAN_POINT('',(62.,139.));
#2600 = CARTESIAN_POINT('',(62.,141.));
#2601 = ( GEOMETRIC_REPRESENTATION_CONTEXT(2) 
PARAMETRIC_REPRESENTATION_CONTEXT() REPRESENTATION_CONTEXT('2D SPACE',''
  ) );
#2602 = PCURVE('',#2603,#2608);
#2603 = PLANE('',#2604);
#2604 = AXIS2_PLACEMENT_3D('',#2605,#2606,#2607);
#2605 = CARTESIAN_POINT('',(70.,146.,-1.));
#2606 = DIRECTION('',(1.,0.,0.));
#2607 = DIRECTION('',(0.,0.,1.));
#2608 = DEFINITIONAL_REPRESENTATION('',(#2609),#2612);
#2609 = B_SPLINE_CURVE_WITH_KNOTS('',1,(#2610,#2611),.UNSPECIFIED.,.F.,
  .F.,(2,2),(70.,72.),.PIECEWISE_BEZIER_KNOTS.);
#2610 = CARTESIAN_POINT('',(4.,-1.));
#2611 = CARTESIAN_POINT('',(4.,-3.));
#2612 = ( GEOMETRIC_REPRESENTATION_CONTEXT(2) 
PARAMETRIC_REPRESENTATION_CONTEXT() REPRESENTATION_CONTEXT('2D SPACE',''
  ) );
#2613 = ORIENTED_EDGE('',*,*,#2614,.F.);
#2614 = EDGE_CURVE('',#2615,#2589,#2617,.T.);
#2615 = VERTEX_POINT('',#2616);
#2616 = CARTESIAN_POINT('',(69.,146.,3.));
#2617 = SURFACE_CURVE('',#2618,(#2623,#2630),.PCURVE_S1.);
#2618 = CIRCLE('',#2619,1.);
#2619 = AXIS2_PLACEMENT_3D('',#2620,#2621,#2622);
#2620 = CARTESIAN_POINT('',(69.,147.,3.));
#2621 = DIRECTION('',(0.,0.,1.));
#2622 = DIRECTION('',(1.,0.,-0.));
#2623 = PCURVE('',#44,#2624);
#2624 = DEFINITIONAL_REPRESENTATION('',(#2625),#2629);
#2625 = CIRCLE('',#2626,1.);
#2626 = AXIS2_PLACEMENT_2D('',#2627,#2628);
#2627 = CARTESIAN_POINT('',(61.,139.));
#2628 = DIRECTION('',(1.,0.));
#2629 = ( GEOMETRIC_REPRESENTATION_CONTEXT(2) 
PARAMETRIC_REPRESENTATION_CONTEXT() REPRESENTATION_CONTEXT('2D SPACE',''
  ) );
#2630 = PCURVE('',#2631,#2636);
#2631 = CYLINDRICAL_SURFACE('',#2632,1.);
#2632 = AXIS2_PLACEMENT_3D('',#2633,#2634,#2635);
#2633 = CARTESIAN_POINT('',(69.,147.,-1.));
#2634 = DIRECTION('',(0.,0.,1.));
#2635 = DIRECTION('',(1.,0.,-0.));
#2636 = DEFINITIONAL_REPRESENTATION('',(#2637),#2641);
#2637 = LINE('',#2638,#2639);
#2638 = CARTESIAN_POINT('',(-6.28318530718,4.));
#2639 = VECTOR('',#2640,1.);
#2640 = DIRECTION('',(1.,-0.));
#2641 = ( GEOMETRIC_REPRESENTATION_CONTEXT(2) 
PARAMETRIC_REPRESENTATION_CONTEXT() REPRESENTATION_CONTEXT('2D SPACE',''
  ) );
#2642 = ORIENTED_EDGE('',*,*,#2643,.T.);
#2643 = EDGE_CURVE('',#2615,#2450,#2644,.T.);
#2644 = SURFACE_CURVE('',#2645,(#2649,#2655),.PCURVE_S1.);
#2645 = LINE('',#2646,#2647);
#2646 = CARTESIAN_POINT('',(31.,146.,3.));
#2647 = VECTOR('',#2648,1.);
#2648 = DIRECTION('',(-1.,0.,0.));
#2649 = PCURVE('',#44,#2650);
#2650 = DEFINITIONAL_REPRESENTATION('',(#2651),#2654);
#2651 = B_SPLINE_CURVE_WITH_KNOTS('',1,(#2652,#2653),.UNSPECIFIED.,.F.,
  .F.,(2,2),(-38.,-24.),.PIECEWISE_BEZIER_KNOTS.);
#2652 = CARTESIAN_POINT('',(61.,138.));
#2653 = CARTESIAN_POINT('',(47.,138.));
#2654 = ( GEOMETRIC_REPRESENTATION_CONTEXT(2) 
PARAMETRIC_REPRESENTATION_CONTEXT() REPRESENTATION_CONTEXT('2D SPACE',''
  ) );
#2655 = PCURVE('',#2656,#2661);
#2656 = PLANE('',#2657);
#2657 = AXIS2_PLACEMENT_3D('',#2658,#2659,#2660);
#2658 = CARTESIAN_POINT('',(54.,146.,-1.));
#2659 = DIRECTION('',(0.,1.,0.));
#2660 = DIRECTION('',(0.,0.,1.));
#2661 = DEFINITIONAL_REPRESENTATION('',(#2662),#2665);
#2662 = B_SPLINE_CURVE_WITH_KNOTS('',1,(#2663,#2664),.UNSPECIFIED.,.F.,
  .F.,(2,2),(-38.,-24.),.PIECEWISE_BEZIER_KNOTS.);
#2663 = CARTESIAN_POINT('',(4.,15.));
#2664 = CARTESIAN_POINT('',(4.,1.));
#2665 = ( GEOMETRIC_REPRESENTATION_CONTEXT(2) 
PARAMETRIC_REPRESENTATION_CONTEXT() REPRESENTATION_CONTEXT('2D SPACE',''
  ) );
#2666 = FACE_BOUND('',#2667,.T.);
#2667 = EDGE_LOOP('',(#2668,#2699,#2725,#2754,#2780,#2809,#2835,#2864));
#2668 = ORIENTED_EDGE('',*,*,#2669,.F.);
#2669 = EDGE_CURVE('',#2670,#2672,#2674,.T.);
#2670 = VERTEX_POINT('',#2671);
#2671 = CARTESIAN_POINT('',(88.,116.,3.));
#2672 = VERTEX_POINT('',#2673);
#2673 = CARTESIAN_POINT('',(89.,115.,3.));
#2674 = SURFACE_CURVE('',#2675,(#2680,#2687),.PCURVE_S1.);
#2675 = CIRCLE('',#2676,1.);
#2676 = AXIS2_PLACEMENT_3D('',#2677,#2678,#2679);
#2677 = CARTESIAN_POINT('',(89.,116.,3.));
#2678 = DIRECTION('',(0.,0.,1.));
#2679 = DIRECTION('',(-1.,-0.,0.));
#2680 = PCURVE('',#44,#2681);
#2681 = DEFINITIONAL_REPRESENTATION('',(#2682),#2686);
#2682 = CIRCLE('',#2683,1.);
#2683 = AXIS2_PLACEMENT_2D('',#2684,#2685);
#2684 = CARTESIAN_POINT('',(81.,108.));
#2685 = DIRECTION('',(-1.,0.));
#2686 = ( GEOMETRIC_REPRESENTATION_CONTEXT(2) 
PARAMETRIC_REPRESENTATION_CONTEXT() REPRESENTATION_CONTEXT('2D SPACE',''
  ) );
#2687 = PCURVE('',#2688,#2693);
#2688 = CYLINDRICAL_SURFACE('',#2689,1.);
#2689 = AXIS2_PLACEMENT_3D('',#2690,#2691,#2692);
#2690 = CARTESIAN_POINT('',(89.,116.,-1.));
#2691 = DIRECTION('',(0.,0.,1.));
#2692 = DIRECTION('',(-1.,-0.,0.));
#2693 = DEFINITIONAL_REPRESENTATION('',(#2694),#2698);
#2694 = LINE('',#2695,#2696);
#2695 = CARTESIAN_POINT('',(0.,4.));
#2696 = VECTOR('',#2697,1.);
#2697 = DIRECTION('',(1.,0.));
#2698 = ( GEOMETRIC_REPRESENTATION_CONTEXT(2) 
PARAMETRIC_REPRESENTATION_CONTEXT() REPRESENTATION_CONTEXT('2D SPACE',''
  ) );
#2699 = ORIENTED_EDGE('',*,*,#2700,.T.);
#2700 = EDGE_CURVE('',#2670,#2701,#2703,.T.);
#2701 = VERTEX_POINT('',#2702);
#2702 = CARTESIAN_POINT('',(88.,118.,3.));
#2703 = SURFACE_CURVE('',#2704,(#2708,#2714),.PCURVE_S1.);
#2704 = LINE('',#2705,#2706);
#2705 = CARTESIAN_POINT('',(88.,61.5,3.));
#2706 = VECTOR('',#2707,1.);
#2707 = DIRECTION('',(0.,1.,0.));
#2708 = PCURVE('',#44,#2709);
#2709 = DEFINITIONAL_REPRESENTATION('',(#2710),#2713);
#2710 = B_SPLINE_CURVE_WITH_KNOTS('',1,(#2711,#2712),.UNSPECIFIED.,.F.,
  .F.,(2,2),(54.5,56.5),.PIECEWISE_BEZIER_KNOTS.);
#2711 = CARTESIAN_POINT('',(80.,108.));
#2712 = CARTESIAN_POINT('',(80.,110.));
#2713 = ( GEOMETRIC_REPRESENTATION_CONTEXT(2) 
PARAMETRIC_REPRESENTATION_CONTEXT() REPRESENTATION_CONTEXT('2D SPACE',''
  ) );
#2714 = PCURVE('',#2715,#2720);
#2715 = PLANE('',#2716);
#2716 = AXIS2_PLACEMENT_3D('',#2717,#2718,#2719);
#2717 = CARTESIAN_POINT('',(88.,115.,-1.));
#2718 = DIRECTION('',(1.,0.,0.));
#2719 = DIRECTION('',(0.,0.,1.));
#2720 = DEFINITIONAL_REPRESENTATION('',(#2721),#2724);
#2721 = B_SPLINE_CURVE_WITH_KNOTS('',1,(#2722,#2723),.UNSPECIFIED.,.F.,
  .F.,(2,2),(54.5,56.5),.PIECEWISE_BEZIER_KNOTS.);
#2722 = CARTESIAN_POINT('',(4.,-1.));
#2723 = CARTESIAN_POINT('',(4.,-3.));
#2724 = ( GEOMETRIC_REPRESENTATION_CONTEXT(2) 
PARAMETRIC_REPRESENTATION_CONTEXT() REPRESENTATION_CONTEXT('2D SPACE',''
  ) );
#2725 = ORIENTED_EDGE('',*,*,#2726,.F.);
#2726 = EDGE_CURVE('',#2727,#2701,#2729,.T.);
#2727 = VERTEX_POINT('',#2728);
#2728 = CARTESIAN_POINT('',(89.,119.,3.));
#2729 = SURFACE_CURVE('',#2730,(#2735,#2742),.PCURVE_S1.);
#2730 = CIRCLE('',#2731,1.);
#2731 = AXIS2_PLACEMENT_3D('',#2732,#2733,#2734);
#2732 = CARTESIAN_POINT('',(89.,118.,3.));
#2733 = DIRECTION('',(0.,0.,1.));
#2734 = DIRECTION('',(-1.,-0.,0.));
#2735 = PCURVE('',#44,#2736);
#2736 = DEFINITIONAL_REPRESENTATION('',(#2737),#2741);
#2737 = CIRCLE('',#2738,1.);
#2738 = AXIS2_PLACEMENT_2D('',#2739,#2740);
#2739 = CARTESIAN_POINT('',(81.,110.));
#2740 = DIRECTION('',(-1.,0.));
#2741 = ( GEOMETRIC_REPRESENTATION_CONTEXT(2) 
PARAMETRIC_REPRESENTATION_CONTEXT() REPRESENTATION_CONTEXT('2D SPACE',''
  ) );
#2742 = PCURVE('',#2743,#2748);
#2743 = CYLINDRICAL_SURFACE('',#2744,1.);
#2744 = AXIS2_PLACEMENT_3D('',#2745,#2746,#2747);
#2745 = CARTESIAN_POINT('',(89.,118.,-1.));
#2746 = DIRECTION('',(0.,0.,1.));
#2747 = DIRECTION('',(-1.,-0.,0.));
#2748 = DEFINITIONAL_REPRESENTATION('',(#2749),#2753);
#2749 = LINE('',#2750,#2751);
#2750 = CARTESIAN_POINT('',(-6.28318530718,4.));
#2751 = VECTOR('',#2752,1.);
#2752 = DIRECTION('',(1.,-0.));
#2753 = ( GEOMETRIC_REPRESENTATION_CONTEXT(2) 
PARAMETRIC_REPRESENTATION_CONTEXT() REPRESENTATION_CONTEXT('2D SPACE',''
  ) );
#2754 = ORIENTED_EDGE('',*,*,#2755,.F.);
#2755 = EDGE_CURVE('',#2756,#2727,#2758,.T.);
#2756 = VERTEX_POINT('',#2757);
#2757 = CARTESIAN_POINT('',(103.,119.,3.));
#2758 = SURFACE_CURVE('',#2759,(#2763,#2769),.PCURVE_S1.);
#2759 = LINE('',#2760,#2761);
#2760 = CARTESIAN_POINT('',(48.,119.,3.));
#2761 = VECTOR('',#2762,1.);
#2762 = DIRECTION('',(-1.,0.,0.));
#2763 = PCURVE('',#44,#2764);
#2764 = DEFINITIONAL_REPRESENTATION('',(#2765),#2768);
#2765 = B_SPLINE_CURVE_WITH_KNOTS('',1,(#2766,#2767),.UNSPECIFIED.,.F.,
  .F.,(2,2),(-55.,-41.),.PIECEWISE_BEZIER_KNOTS.);
#2766 = CARTESIAN_POINT('',(95.,111.));
#2767 = CARTESIAN_POINT('',(81.,111.));
#2768 = ( GEOMETRIC_REPRESENTATION_CONTEXT(2) 
PARAMETRIC_REPRESENTATION_CONTEXT() REPRESENTATION_CONTEXT('2D SPACE',''
  ) );
#2769 = PCURVE('',#2770,#2775);
#2770 = PLANE('',#2771);
#2771 = AXIS2_PLACEMENT_3D('',#2772,#2773,#2774);
#2772 = CARTESIAN_POINT('',(88.,119.,-1.));
#2773 = DIRECTION('',(0.,1.,0.));
#2774 = DIRECTION('',(0.,0.,1.));
#2775 = DEFINITIONAL_REPRESENTATION('',(#2776),#2779);
#2776 = B_SPLINE_CURVE_WITH_KNOTS('',1,(#2777,#2778),.UNSPECIFIED.,.F.,
  .F.,(2,2),(-55.,-41.),.PIECEWISE_BEZIER_KNOTS.);
#2777 = CARTESIAN_POINT('',(4.,15.));
#2778 = CARTESIAN_POINT('',(4.,1.));
#2779 = ( GEOMETRIC_REPRESENTATION_CONTEXT(2) 
PARAMETRIC_REPRESENTATION_CONTEXT() REPRESENTATION_CONTEXT('2D SPACE',''
  ) );
#2780 = ORIENTED_EDGE('',*,*,#2781,.F.);
#2781 = EDGE_CURVE('',#2782,#2756,#2784,.T.);
#2782 = VERTEX_POINT('',#2783);
#2783 = CARTESIAN_POINT('',(104.,118.,3.));
#2784 = SURFACE_CURVE('',#2785,(#2790,#2797),.PCURVE_S1.);
#2785 = CIRCLE('',#2786,1.);
#2786 = AXIS2_PLACEMENT_3D('',#2787,#2788,#2789);
#2787 = CARTESIAN_POINT('',(103.,118.,3.));
#2788 = DIRECTION('',(0.,0.,1.));
#2789 = DIRECTION('',(1.,0.,-0.));
#2790 = PCURVE('',#44,#2791);
#2791 = DEFINITIONAL_REPRESENTATION('',(#2792),#2796);
#2792 = CIRCLE('',#2793,1.);
#2793 = AXIS2_PLACEMENT_2D('',#2794,#2795);
#2794 = CARTESIAN_POINT('',(95.,110.));
#2795 = DIRECTION('',(1.,0.));
#2796 = ( GEOMETRIC_REPRESENTATION_CONTEXT(2) 
PARAMETRIC_REPRESENTATION_CONTEXT() REPRESENTATION_CONTEXT('2D SPACE',''
  ) );
#2797 = PCURVE('',#2798,#2803);
#2798 = CYLINDRICAL_SURFACE('',#2799,1.);
#2799 = AXIS2_PLACEMENT_3D('',#2800,#2801,#2802);
#2800 = CARTESIAN_POINT('',(103.,118.,-1.));
#2801 = DIRECTION('',(0.,0.,1.));
#2802 = DIRECTION('',(1.,0.,-0.));
#2803 = DEFINITIONAL_REPRESENTATION('',(#2804),#2808);
#2804 = LINE('',#2805,#2806);
#2805 = CARTESIAN_POINT('',(0.,4.));
#2806 = VECTOR('',#2807,1.);
#2807 = DIRECTION('',(1.,0.));
#2808 = ( GEOMETRIC_REPRESENTATION_CONTEXT(2) 
PARAMETRIC_REPRESENTATION_CONTEXT() REPRESENTATION_CONTEXT('2D SPACE',''
  ) );
#2809 = ORIENTED_EDGE('',*,*,#2810,.F.);
#2810 = EDGE_CURVE('',#2811,#2782,#2813,.T.);
#2811 = VERTEX_POINT('',#2812);
#2812 = CARTESIAN_POINT('',(104.,116.,3.));
#2813 = SURFACE_CURVE('',#2814,(#2818,#2824),.PCURVE_S1.);
#2814 = LINE('',#2815,#2816);
#2815 = CARTESIAN_POINT('',(104.,61.5,3.));
#2816 = VECTOR('',#2817,1.);
#2817 = DIRECTION('',(0.,1.,0.));
#2818 = PCURVE('',#44,#2819);
#2819 = DEFINITIONAL_REPRESENTATION('',(#2820),#2823);
#2820 = B_SPLINE_CURVE_WITH_KNOTS('',1,(#2821,#2822),.UNSPECIFIED.,.F.,
  .F.,(2,2),(54.5,56.5),.PIECEWISE_BEZIER_KNOTS.);
#2821 = CARTESIAN_POINT('',(96.,108.));
#2822 = CARTESIAN_POINT('',(96.,110.));
#2823 = ( GEOMETRIC_REPRESENTATION_CONTEXT(2) 
PARAMETRIC_REPRESENTATION_CONTEXT() REPRESENTATION_CONTEXT('2D SPACE',''
  ) );
#2824 = PCURVE('',#2825,#2830);
#2825 = PLANE('',#2826);
#2826 = AXIS2_PLACEMENT_3D('',#2827,#2828,#2829);
#2827 = CARTESIAN_POINT('',(104.,115.,-1.));
#2828 = DIRECTION('',(1.,0.,0.));
#2829 = DIRECTION('',(0.,0.,1.));
#2830 = DEFINITIONAL_REPRESENTATION('',(#2831),#2834);
#2831 = B_SPLINE_CURVE_WITH_KNOTS('',1,(#2832,#2833),.UNSPECIFIED.,.F.,
  .F.,(2,2),(54.5,56.5),.PIECEWISE_BEZIER_KNOTS.);
#2832 = CARTESIAN_POINT('',(4.,-1.));
#2833 = CARTESIAN_POINT('',(4.,-3.));
#2834 = ( GEOMETRIC_REPRESENTATION_CONTEXT(2) 
PARAMETRIC_REPRESENTATION_CONTEXT() REPRESENTATION_CONTEXT('2D SPACE',''
  ) );
#2835 = ORIENTED_EDGE('',*,*,#2836,.F.);
#2836 = EDGE_CURVE('',#2837,#2811,#2839,.T.);
#2837 = VERTEX_POINT('',#2838);
#2838 = CARTESIAN_POINT('',(103.,115.,3.));
#2839 = SURFACE_CURVE('',#2840,(#2845,#2852),.PCURVE_S1.);
#2840 = CIRCLE('',#2841,1.);
#2841 = AXIS2_PLACEMENT_3D('',#2842,#2843,#2844);
#2842 = CARTESIAN_POINT('',(103.,116.,3.));
#2843 = DIRECTION('',(0.,0.,1.));
#2844 = DIRECTION('',(1.,0.,-0.));
#2845 = PCURVE('',#44,#2846);
#2846 = DEFINITIONAL_REPRESENTATION('',(#2847),#2851);
#2847 = CIRCLE('',#2848,1.);
#2848 = AXIS2_PLACEMENT_2D('',#2849,#2850);
#2849 = CARTESIAN_POINT('',(95.,108.));
#2850 = DIRECTION('',(1.,0.));
#2851 = ( GEOMETRIC_REPRESENTATION_CONTEXT(2) 
PARAMETRIC_REPRESENTATION_CONTEXT() REPRESENTATION_CONTEXT('2D SPACE',''
  ) );
#2852 = PCURVE('',#2853,#2858);
#2853 = CYLINDRICAL_SURFACE('',#2854,1.);
#2854 = AXIS2_PLACEMENT_3D('',#2855,#2856,#2857);
#2855 = CARTESIAN_POINT('',(103.,116.,-1.));
#2856 = DIRECTION('',(0.,0.,1.));
#2857 = DIRECTION('',(1.,0.,-0.));
#2858 = DEFINITIONAL_REPRESENTATION('',(#2859),#2863);
#2859 = LINE('',#2860,#2861);
#2860 = CARTESIAN_POINT('',(-6.28318530718,4.));
#2861 = VECTOR('',#2862,1.);
#2862 = DIRECTION('',(1.,-0.));
#2863 = ( GEOMETRIC_REPRESENTATION_CONTEXT(2) 
PARAMETRIC_REPRESENTATION_CONTEXT() REPRESENTATION_CONTEXT('2D SPACE',''
  ) );
#2864 = ORIENTED_EDGE('',*,*,#2865,.T.);
#2865 = EDGE_CURVE('',#2837,#2672,#2866,.T.);
#2866 = SURFACE_CURVE('',#2867,(#2871,#2877),.PCURVE_S1.);
#2867 = LINE('',#2868,#2869);
#2868 = CARTESIAN_POINT('',(48.,115.,3.));
#2869 = VECTOR('',#2870,1.);
#2870 = DIRECTION('',(-1.,0.,0.));
#2871 = PCURVE('',#44,#2872);
#2872 = DEFINITIONAL_REPRESENTATION('',(#2873),#2876);
#2873 = B_SPLINE_CURVE_WITH_KNOTS('',1,(#2874,#2875),.UNSPECIFIED.,.F.,
  .F.,(2,2),(-55.,-41.),.PIECEWISE_BEZIER_KNOTS.);
#2874 = CARTESIAN_POINT('',(95.,107.));
#2875 = CARTESIAN_POINT('',(81.,107.));
#2876 = ( GEOMETRIC_REPRESENTATION_CONTEXT(2) 
PARAMETRIC_REPRESENTATION_CONTEXT() REPRESENTATION_CONTEXT('2D SPACE',''
  ) );
#2877 = PCURVE('',#2878,#2883);
#2878 = PLANE('',#2879);
#2879 = AXIS2_PLACEMENT_3D('',#2880,#2881,#2882);
#2880 = CARTESIAN_POINT('',(88.,115.,-1.));
#2881 = DIRECTION('',(0.,1.,0.));
#2882 = DIRECTION('',(0.,0.,1.));
#2883 = DEFINITIONAL_REPRESENTATION('',(#2884),#2887);
#2884 = B_SPLINE_CURVE_WITH_KNOTS('',1,(#2885,#2886),.UNSPECIFIED.,.F.,
  .F.,(2,2),(-55.,-41.),.PIECEWISE_BEZIER_KNOTS.);
#2885 = CARTESIAN_POINT('',(4.,15.));
#2886 = CARTESIAN_POINT('',(4.,1.));
#2887 = ( GEOMETRIC_REPRESENTATION_CONTEXT(2) 
PARAMETRIC_REPRESENTATION_CONTEXT() REPRESENTATION_CONTEXT('2D SPACE',''
  ) );
#2888 = FACE_BOUND('',#2889,.T.);
#2889 = EDGE_LOOP('',(#2890,#2921,#2947,#2976,#3002,#3031,#3057,#3086));
#2890 = ORIENTED_EDGE('',*,*,#2891,.F.);
#2891 = EDGE_CURVE('',#2892,#2894,#2896,.T.);
#2892 = VERTEX_POINT('',#2893);
#2893 = CARTESIAN_POINT('',(88.,147.,3.));
#2894 = VERTEX_POINT('',#2895);
#2895 = CARTESIAN_POINT('',(89.,146.,3.));
#2896 = SURFACE_CURVE('',#2897,(#2902,#2909),.PCURVE_S1.);
#2897 = CIRCLE('',#2898,1.);
#2898 = AXIS2_PLACEMENT_3D('',#2899,#2900,#2901);
#2899 = CARTESIAN_POINT('',(89.,147.,3.));
#2900 = DIRECTION('',(0.,0.,1.));
#2901 = DIRECTION('',(-1.,-0.,0.));
#2902 = PCURVE('',#44,#2903);
#2903 = DEFINITIONAL_REPRESENTATION('',(#2904),#2908);
#2904 = CIRCLE('',#2905,1.);
#2905 = AXIS2_PLACEMENT_2D('',#2906,#2907);
#2906 = CARTESIAN_POINT('',(81.,139.));
#2907 = DIRECTION('',(-1.,0.));
#2908 = ( GEOMETRIC_REPRESENTATION_CONTEXT(2) 
PARAMETRIC_REPRESENTATION_CONTEXT() REPRESENTATION_CONTEXT('2D SPACE',''
  ) );
#2909 = PCURVE('',#2910,#2915);
#2910 = CYLINDRICAL_SURFACE('',#2911,1.);
#2911 = AXIS2_PLACEMENT_3D('',#2912,#2913,#2914);
#2912 = CARTESIAN_POINT('',(89.,147.,-1.));
#2913 = DIRECTION('',(0.,0.,1.));
#2914 = DIRECTION('',(-1.,-0.,0.));
#2915 = DEFINITIONAL_REPRESENTATION('',(#2916),#2920);
#2916 = LINE('',#2917,#2918);
#2917 = CARTESIAN_POINT('',(0.,4.));
#2918 = VECTOR('',#2919,1.);
#2919 = DIRECTION('',(1.,0.));
#2920 = ( GEOMETRIC_REPRESENTATION_CONTEXT(2) 
PARAMETRIC_REPRESENTATION_CONTEXT() REPRESENTATION_CONTEXT('2D SPACE',''
  ) );
#2921 = ORIENTED_EDGE('',*,*,#2922,.T.);
#2922 = EDGE_CURVE('',#2892,#2923,#2925,.T.);
#2923 = VERTEX_POINT('',#2924);
#2924 = CARTESIAN_POINT('',(88.,149.,3.));
#2925 = SURFACE_CURVE('',#2926,(#2930,#2936),.PCURVE_S1.);
#2926 = LINE('',#2927,#2928);
#2927 = CARTESIAN_POINT('',(88.,77.,3.));
#2928 = VECTOR('',#2929,1.);
#2929 = DIRECTION('',(0.,1.,0.));
#2930 = PCURVE('',#44,#2931);
#2931 = DEFINITIONAL_REPRESENTATION('',(#2932),#2935);
#2932 = B_SPLINE_CURVE_WITH_KNOTS('',1,(#2933,#2934),.UNSPECIFIED.,.F.,
  .F.,(2,2),(70.,72.),.PIECEWISE_BEZIER_KNOTS.);
#2933 = CARTESIAN_POINT('',(80.,139.));
#2934 = CARTESIAN_POINT('',(80.,141.));
#2935 = ( GEOMETRIC_REPRESENTATION_CONTEXT(2) 
PARAMETRIC_REPRESENTATION_CONTEXT() REPRESENTATION_CONTEXT('2D SPACE',''
  ) );
#2936 = PCURVE('',#2937,#2942);
#2937 = PLANE('',#2938);
#2938 = AXIS2_PLACEMENT_3D('',#2939,#2940,#2941);
#2939 = CARTESIAN_POINT('',(88.,146.,-1.));
#2940 = DIRECTION('',(1.,0.,0.));
#2941 = DIRECTION('',(0.,0.,1.));
#2942 = DEFINITIONAL_REPRESENTATION('',(#2943),#2946);
#2943 = B_SPLINE_CURVE_WITH_KNOTS('',1,(#2944,#2945),.UNSPECIFIED.,.F.,
  .F.,(2,2),(70.,72.),.PIECEWISE_BEZIER_KNOTS.);
#2944 = CARTESIAN_POINT('',(4.,-1.));
#2945 = CARTESIAN_POINT('',(4.,-3.));
#2946 = ( GEOMETRIC_REPRESENTATION_CONTEXT(2) 
PARAMETRIC_REPRESENTATION_CONTEXT() REPRESENTATION_CONTEXT('2D SPACE',''
  ) );
#2947 = ORIENTED_EDGE('',*,*,#2948,.F.);
#2948 = EDGE_CURVE('',#2949,#2923,#2951,.T.);
#2949 = VERTEX_POINT('',#2950);
#2950 = CARTESIAN_POINT('',(89.,150.,3.));
#2951 = SURFACE_CURVE('',#2952,(#2957,#2964),.PCURVE_S1.);
#2952 = CIRCLE('',#2953,1.);
#2953 = AXIS2_PLACEMENT_3D('',#2954,#2955,#2956);
#2954 = CARTESIAN_POINT('',(89.,149.,3.));
#2955 = DIRECTION('',(0.,0.,1.));
#2956 = DIRECTION('',(-1.,-0.,0.));
#2957 = PCURVE('',#44,#2958);
#2958 = DEFINITIONAL_REPRESENTATION('',(#2959),#2963);
#2959 = CIRCLE('',#2960,1.);
#2960 = AXIS2_PLACEMENT_2D('',#2961,#2962);
#2961 = CARTESIAN_POINT('',(81.,141.));
#2962 = DIRECTION('',(-1.,0.));
#2963 = ( GEOMETRIC_REPRESENTATION_CONTEXT(2) 
PARAMETRIC_REPRESENTATION_CONTEXT() REPRESENTATION_CONTEXT('2D SPACE',''
  ) );
#2964 = PCURVE('',#2965,#2970);
#2965 = CYLINDRICAL_SURFACE('',#2966,1.);
#2966 = AXIS2_PLACEMENT_3D('',#2967,#2968,#2969);
#2967 = CARTESIAN_POINT('',(89.,149.,-1.));
#2968 = DIRECTION('',(0.,0.,1.));
#2969 = DIRECTION('',(-1.,-0.,0.));
#2970 = DEFINITIONAL_REPRESENTATION('',(#2971),#2975);
#2971 = LINE('',#2972,#2973);
#2972 = CARTESIAN_POINT('',(-6.28318530718,4.));
#2973 = VECTOR('',#2974,1.);
#2974 = DIRECTION('',(1.,-0.));
#2975 = ( GEOMETRIC_REPRESENTATION_CONTEXT(2) 
PARAMETRIC_REPRESENTATION_CONTEXT() REPRESENTATION_CONTEXT('2D SPACE',''
  ) );
#2976 = ORIENTED_EDGE('',*,*,#2977,.F.);
#2977 = EDGE_CURVE('',#2978,#2949,#2980,.T.);
#2978 = VERTEX_POINT('',#2979);
#2979 = CARTESIAN_POINT('',(103.,150.,3.));
#2980 = SURFACE_CURVE('',#2981,(#2985,#2991),.PCURVE_S1.);
#2981 = LINE('',#2982,#2983);
#2982 = CARTESIAN_POINT('',(48.,150.,3.));
#2983 = VECTOR('',#2984,1.);
#2984 = DIRECTION('',(-1.,0.,0.));
#2985 = PCURVE('',#44,#2986);
#2986 = DEFINITIONAL_REPRESENTATION('',(#2987),#2990);
#2987 = B_SPLINE_CURVE_WITH_KNOTS('',1,(#2988,#2989),.UNSPECIFIED.,.F.,
  .F.,(2,2),(-55.,-41.),.PIECEWISE_BEZIER_KNOTS.);
#2988 = CARTESIAN_POINT('',(95.,142.));
#2989 = CARTESIAN_POINT('',(81.,142.));
#2990 = ( GEOMETRIC_REPRESENTATION_CONTEXT(2) 
PARAMETRIC_REPRESENTATION_CONTEXT() REPRESENTATION_CONTEXT('2D SPACE',''
  ) );
#2991 = PCURVE('',#2992,#2997);
#2992 = PLANE('',#2993);
#2993 = AXIS2_PLACEMENT_3D('',#2994,#2995,#2996);
#2994 = CARTESIAN_POINT('',(88.,150.,-1.));
#2995 = DIRECTION('',(0.,1.,0.));
#2996 = DIRECTION('',(0.,0.,1.));
#2997 = DEFINITIONAL_REPRESENTATION('',(#2998),#3001);
#2998 = B_SPLINE_CURVE_WITH_KNOTS('',1,(#2999,#3000),.UNSPECIFIED.,.F.,
  .F.,(2,2),(-55.,-41.),.PIECEWISE_BEZIER_KNOTS.);
#2999 = CARTESIAN_POINT('',(4.,15.));
#3000 = CARTESIAN_POINT('',(4.,1.));
#3001 = ( GEOMETRIC_REPRESENTATION_CONTEXT(2) 
PARAMETRIC_REPRESENTATION_CONTEXT() REPRESENTATION_CONTEXT('2D SPACE',''
  ) );
#3002 = ORIENTED_EDGE('',*,*,#3003,.F.);
#3003 = EDGE_CURVE('',#3004,#2978,#3006,.T.);
#3004 = VERTEX_POINT('',#3005);
#3005 = CARTESIAN_POINT('',(104.,149.,3.));
#3006 = SURFACE_CURVE('',#3007,(#3012,#3019),.PCURVE_S1.);
#3007 = CIRCLE('',#3008,1.);
#3008 = AXIS2_PLACEMENT_3D('',#3009,#3010,#3011);
#3009 = CARTESIAN_POINT('',(103.,149.,3.));
#3010 = DIRECTION('',(0.,0.,1.));
#3011 = DIRECTION('',(1.,0.,-0.));
#3012 = PCURVE('',#44,#3013);
#3013 = DEFINITIONAL_REPRESENTATION('',(#3014),#3018);
#3014 = CIRCLE('',#3015,1.);
#3015 = AXIS2_PLACEMENT_2D('',#3016,#3017);
#3016 = CARTESIAN_POINT('',(95.,141.));
#3017 = DIRECTION('',(1.,0.));
#3018 = ( GEOMETRIC_REPRESENTATION_CONTEXT(2) 
PARAMETRIC_REPRESENTATION_CONTEXT() REPRESENTATION_CONTEXT('2D SPACE',''
  ) );
#3019 = PCURVE('',#3020,#3025);
#3020 = CYLINDRICAL_SURFACE('',#3021,1.);
#3021 = AXIS2_PLACEMENT_3D('',#3022,#3023,#3024);
#3022 = CARTESIAN_POINT('',(103.,149.,-1.));
#3023 = DIRECTION('',(0.,0.,1.));
#3024 = DIRECTION('',(1.,0.,-0.));
#3025 = DEFINITIONAL_REPRESENTATION('',(#3026),#3030);
#3026 = LINE('',#3027,#3028);
#3027 = CARTESIAN_POINT('',(0.,4.));
#3028 = VECTOR('',#3029,1.);
#3029 = DIRECTION('',(1.,0.));
#3030 = ( GEOMETRIC_REPRESENTATION_CONTEXT(2) 
PARAMETRIC_REPRESENTATION_CONTEXT() REPRESENTATION_CONTEXT('2D SPACE',''
  ) );
#3031 = ORIENTED_EDGE('',*,*,#3032,.F.);
#3032 = EDGE_CURVE('',#3033,#3004,#3035,.T.);
#3033 = VERTEX_POINT('',#3034);
#3034 = CARTESIAN_POINT('',(104.,147.,3.));
#3035 = SURFACE_CURVE('',#3036,(#3040,#3046),.PCURVE_S1.);
#3036 = LINE('',#3037,#3038);
#3037 = CARTESIAN_POINT('',(104.,77.,3.));
#3038 = VECTOR('',#3039,1.);
#3039 = DIRECTION('',(0.,1.,0.));
#3040 = PCURVE('',#44,#3041);
#3041 = DEFINITIONAL_REPRESENTATION('',(#3042),#3045);
#3042 = B_SPLINE_CURVE_WITH_KNOTS('',1,(#3043,#3044),.UNSPECIFIED.,.F.,
  .F.,(2,2),(70.,72.),.PIECEWISE_BEZIER_KNOTS.);
#3043 = CARTESIAN_POINT('',(96.,139.));
#3044 = CARTESIAN_POINT('',(96.,141.));
#3045 = ( GEOMETRIC_REPRESENTATION_CONTEXT(2) 
PARAMETRIC_REPRESENTATION_CONTEXT() REPRESENTATION_CONTEXT('2D SPACE',''
  ) );
#3046 = PCURVE('',#3047,#3052);
#3047 = PLANE('',#3048);
#3048 = AXIS2_PLACEMENT_3D('',#3049,#3050,#3051);
#3049 = CARTESIAN_POINT('',(104.,146.,-1.));
#3050 = DIRECTION('',(1.,0.,0.));
#3051 = DIRECTION('',(0.,0.,1.));
#3052 = DEFINITIONAL_REPRESENTATION('',(#3053),#3056);
#3053 = B_SPLINE_CURVE_WITH_KNOTS('',1,(#3054,#3055),.UNSPECIFIED.,.F.,
  .F.,(2,2),(70.,72.),.PIECEWISE_BEZIER_KNOTS.);
#3054 = CARTESIAN_POINT('',(4.,-1.));
#3055 = CARTESIAN_POINT('',(4.,-3.));
#3056 = ( GEOMETRIC_REPRESENTATION_CONTEXT(2) 
PARAMETRIC_REPRESENTATION_CONTEXT() REPRESENTATION_CONTEXT('2D SPACE',''
  ) );
#3057 = ORIENTED_EDGE('',*,*,#3058,.F.);
#3058 = EDGE_CURVE('',#3059,#3033,#3061,.T.);
#3059 = VERTEX_POINT('',#3060);
#3060 = CARTESIAN_POINT('',(103.,146.,3.));
#3061 = SURFACE_CURVE('',#3062,(#3067,#3074),.PCURVE_S1.);
#3062 = CIRCLE('',#3063,1.);
#3063 = AXIS2_PLACEMENT_3D('',#3064,#3065,#3066);
#3064 = CARTESIAN_POINT('',(103.,147.,3.));
#3065 = DIRECTION('',(0.,0.,1.));
#3066 = DIRECTION('',(1.,0.,-0.));
#3067 = PCURVE('',#44,#3068);
#3068 = DEFINITIONAL_REPRESENTATION('',(#3069),#3073);
#3069 = CIRCLE('',#3070,1.);
#3070 = AXIS2_PLACEMENT_2D('',#3071,#3072);
#3071 = CARTESIAN_POINT('',(95.,139.));
#3072 = DIRECTION('',(1.,0.));
#3073 = ( GEOMETRIC_REPRESENTATION_CONTEXT(2) 
PARAMETRIC_REPRESENTATION_CONTEXT() REPRESENTATION_CONTEXT('2D SPACE',''
  ) );
#3074 = PCURVE('',#3075,#3080);
#3075 = CYLINDRICAL_SURFACE('',#3076,1.);
#3076 = AXIS2_PLACEMENT_3D('',#3077,#3078,#3079);
#3077 = CARTESIAN_POINT('',(103.,147.,-1.));
#3078 = DIRECTION('',(0.,0.,1.));
#3079 = DIRECTION('',(1.,0.,-0.));
#3080 = DEFINITIONAL_REPRESENTATION('',(#3081),#3085);
#3081 = LINE('',#3082,#3083);
#3082 = CARTESIAN_POINT('',(-6.28318530718,4.));
#3083 = VECTOR('',#3084,1.);
#3084 = DIRECTION('',(1.,-0.));
#3085 = ( GEOMETRIC_REPRESENTATION_CONTEXT(2) 
PARAMETRIC_REPRESENTATION_CONTEXT() REPRESENTATION_CONTEXT('2D SPACE',''
  ) );
#3086 = ORIENTED_EDGE('',*,*,#3087,.T.);
#3087 = EDGE_CURVE('',#3059,#2894,#3088,.T.);
#3088 = SURFACE_CURVE('',#3089,(#3093,#3099),.PCURVE_S1.);
#3089 = LINE('',#3090,#3091);
#3090 = CARTESIAN_POINT('',(48.,146.,3.));
#3091 = VECTOR('',#3092,1.);
#3092 = DIRECTION('',(-1.,0.,0.));
#3093 = PCURVE('',#44,#3094);
#3094 = DEFINITIONAL_REPRESENTATION('',(#3095),#3098);
#3095 = B_SPLINE_CURVE_WITH_KNOTS('',1,(#3096,#3097),.UNSPECIFIED.,.F.,
  .F.,(2,2),(-55.,-41.),.PIECEWISE_BEZIER_KNOTS.);
#3096 = CARTESIAN_POINT('',(95.,138.));
#3097 = CARTESIAN_POINT('',(81.,138.));
#3098 = ( GEOMETRIC_REPRESENTATION_CONTEXT(2) 
PARAMETRIC_REPRESENTATION_CONTEXT() REPRESENTATION_CONTEXT('2D SPACE',''
  ) );
#3099 = PCURVE('',#3100,#3105);
#3100 = PLANE('',#3101);
#3101 = AXIS2_PLACEMENT_3D('',#3102,#3103,#3104);
#3102 = CARTESIAN_POINT('',(88.,146.,-1.));
#3103 = DIRECTION('',(0.,1.,0.));
#3104 = DIRECTION('',(0.,0.,1.));
#3105 = DEFINITIONAL_REPRESENTATION('',(#3106),#3109);
#3106 = B_SPLINE_CURVE_WITH_KNOTS('',1,(#3107,#3108),.UNSPECIFIED.,.F.,
  .F.,(2,2),(-55.,-41.),.PIECEWISE_BEZIER_KNOTS.);
#3107 = CARTESIAN_POINT('',(4.,15.));
#3108 = CARTESIAN_POINT('',(4.,1.));
#3109 = ( GEOMETRIC_REPRESENTATION_CONTEXT(2) 
PARAMETRIC_REPRESENTATION_CONTEXT() REPRESENTATION_CONTEXT('2D SPACE',''
  ) );
#3110 = FACE_BOUND('',#3111,.T.);
#3111 = EDGE_LOOP('',(#3112));
#3112 = ORIENTED_EDGE('',*,*,#3113,.T.);
#3113 = EDGE_CURVE('',#3114,#3114,#3116,.T.);
#3114 = VERTEX_POINT('',#3115);
#3115 = CARTESIAN_POINT('',(109.7,168.,3.));
#3116 = SURFACE_CURVE('',#3117,(#3122,#3133),.PCURVE_S1.);
#3117 = CIRCLE('',#3118,1.7);
#3118 = AXIS2_PLACEMENT_3D('',#3119,#3120,#3121);
#3119 = CARTESIAN_POINT('',(108.,168.,3.));
#3120 = DIRECTION('',(0.,0.,-1.));
#3121 = DIRECTION('',(1.,0.,0.));
#3122 = PCURVE('',#44,#3123);
#3123 = DEFINITIONAL_REPRESENTATION('',(#3124),#3132);
#3124 = ( BOUNDED_CURVE() B_SPLINE_CURVE(2,(#3125,#3126,#3127,#3128,
#3129,#3130,#3131),.UNSPECIFIED.,.T.,.F.) B_SPLINE_CURVE_WITH_KNOTS((1,2
    ,2,2,2,1),(-2.094395102393,0.,2.094395102393,4.188790204786,
6.28318530718,8.377580409573),.UNSPECIFIED.) CURVE() 
GEOMETRIC_REPRESENTATION_ITEM() RATIONAL_B_SPLINE_CURVE((1.,0.5,1.,0.5,
1.,0.5,1.)) REPRESENTATION_ITEM('') );
#3125 = CARTESIAN_POINT('',(101.7,160.));
#3126 = CARTESIAN_POINT('',(101.7,157.05551362713));
#3127 = CARTESIAN_POINT('',(99.15,158.52775681356));
#3128 = CARTESIAN_POINT('',(96.6,160.));
#3129 = CARTESIAN_POINT('',(99.15,161.47224318643));
#3130 = CARTESIAN_POINT('',(101.7,162.94448637286));
#3131 = CARTESIAN_POINT('',(101.7,160.));
#3132 = ( GEOMETRIC_REPRESENTATION_CONTEXT(2) 
PARAMETRIC_REPRESENTATION_CONTEXT() REPRESENTATION_CONTEXT('2D SPACE',''
  ) );
#3133 = PCURVE('',#3134,#3139);
#3134 = CYLINDRICAL_SURFACE('',#3135,1.7);
#3135 = AXIS2_PLACEMENT_3D('',#3136,#3137,#3138);
#3136 = CARTESIAN_POINT('',(108.,168.,-1.));
#3137 = DIRECTION('',(-0.,-0.,-1.));
#3138 = DIRECTION('',(1.,0.,0.));
#3139 = DEFINITIONAL_REPRESENTATION('',(#3140),#3144);
#3140 = LINE('',#3141,#3142);
#3141 = CARTESIAN_POINT('',(-6.28318530718,-4.));
#3142 = VECTOR('',#3143,1.);
#3143 = DIRECTION('',(1.,-0.));
#3144 = ( GEOMETRIC_REPRESENTATION_CONTEXT(2) 
PARAMETRIC_REPRESENTATION_CONTEXT() REPRESENTATION_CONTEXT('2D SPACE',''
  ) );
#3145 = ADVANCED_FACE('',(#3146),#123,.F.);
#3146 = FACE_BOUND('',#3147,.T.);
#3147 = EDGE_LOOP('',(#3148,#3149,#3170,#3196));
#3148 = ORIENTED_EDGE('',*,*,#316,.F.);
#3149 = ORIENTED_EDGE('',*,*,#3150,.T.);
#3150 = EDGE_CURVE('',#289,#3151,#3153,.T.);
#3151 = VERTEX_POINT('',#3152);
#3152 = CARTESIAN_POINT('',(15.726068688319,182.,0.));
#3153 = SURFACE_CURVE('',#3154,(#3158,#3164),.PCURVE_S1.);
#3154 = LINE('',#3155,#3156);
#3155 = CARTESIAN_POINT('',(15.72606868832,182.,-1.));
#3156 = VECTOR('',#3157,1.);
#3157 = DIRECTION('',(-0.,-0.,-1.));
#3158 = PCURVE('',#123,#3159);
#3159 = DEFINITIONAL_REPRESENTATION('',(#3160),#3163);
#3160 = B_SPLINE_CURVE_WITH_KNOTS('',1,(#3161,#3162),.UNSPECIFIED.,.F.,
  .F.,(2,2),(-4.,-1.),.PIECEWISE_BEZIER_KNOTS.);
#3161 = CARTESIAN_POINT('',(-6.430779412839,-4.));
#3162 = CARTESIAN_POINT('',(-6.430779412839,-1.));
#3163 = ( GEOMETRIC_REPRESENTATION_CONTEXT(2) 
PARAMETRIC_REPRESENTATION_CONTEXT() REPRESENTATION_CONTEXT('2D SPACE',''
  ) );
#3164 = PCURVE('',#304,#3165);
#3165 = DEFINITIONAL_REPRESENTATION('',(#3166),#3169);
#3166 = B_SPLINE_CURVE_WITH_KNOTS('',1,(#3167,#3168),.UNSPECIFIED.,.F.,
  .F.,(2,2),(-4.3,-0.7),.PIECEWISE_BEZIER_KNOTS.);
#3167 = CARTESIAN_POINT('',(3.3,7.72606868832));
#3168 = CARTESIAN_POINT('',(-0.3,7.72606868832));
#3169 = ( GEOMETRIC_REPRESENTATION_CONTEXT(2) 
PARAMETRIC_REPRESENTATION_CONTEXT() REPRESENTATION_CONTEXT('2D SPACE',''
  ) );
#3170 = ORIENTED_EDGE('',*,*,#3171,.T.);
#3171 = EDGE_CURVE('',#3151,#83,#3172,.T.);
#3172 = SURFACE_CURVE('',#3173,(#3178,#3185),.PCURVE_S1.);
#3173 = CIRCLE('',#3174,6.8);
#3174 = AXIS2_PLACEMENT_3D('',#3175,#3176,#3177);
#3175 = CARTESIAN_POINT('',(9.,181.,0.));
#3176 = DIRECTION('',(0.,0.,-1.));
#3177 = DIRECTION('',(0.989127748282,0.147058823529,0.));
#3178 = PCURVE('',#123,#3179);
#3179 = DEFINITIONAL_REPRESENTATION('',(#3180),#3184);
#3180 = LINE('',#3181,#3182);
#3181 = CARTESIAN_POINT('',(-6.430779412839,-1.));
#3182 = VECTOR('',#3183,1.);
#3183 = DIRECTION('',(1.,-0.));
#3184 = ( GEOMETRIC_REPRESENTATION_CONTEXT(2) 
PARAMETRIC_REPRESENTATION_CONTEXT() REPRESENTATION_CONTEXT('2D SPACE',''
  ) );
#3185 = PCURVE('',#98,#3186);
#3186 = DEFINITIONAL_REPRESENTATION('',(#3187),#3195);
#3187 = ( BOUNDED_CURVE() B_SPLINE_CURVE(2,(#3188,#3189,#3190,#3191,
#3192,#3193,#3194),.UNSPECIFIED.,.T.,.F.) B_SPLINE_CURVE_WITH_KNOTS((1,2
    ,2,2,2,1),(-2.094395102393,0.,2.094395102393,4.188790204786,
6.28318530718,8.377580409573),.UNSPECIFIED.) CURVE() 
GEOMETRIC_REPRESENTATION_ITEM() RATIONAL_B_SPLINE_CURVE((1.,0.5,1.,0.5,
1.,0.5,1.)) REPRESENTATION_ITEM('') );
#3188 = CARTESIAN_POINT('',(7.72606868832,174.));
#3189 = CARTESIAN_POINT('',(9.458119495889,162.35010729663));
#3190 = CARTESIAN_POINT('',(-1.497008940376,166.67505364831));
#3191 = CARTESIAN_POINT('',(-12.45213737664,171.));
#3192 = CARTESIAN_POINT('',(-3.229059747945,178.32494635168));
#3193 = CARTESIAN_POINT('',(5.994017880751,185.64989270336));
#3194 = CARTESIAN_POINT('',(7.72606868832,174.));
#3195 = ( GEOMETRIC_REPRESENTATION_CONTEXT(2) 
PARAMETRIC_REPRESENTATION_CONTEXT() REPRESENTATION_CONTEXT('2D SPACE',''
  ) );
#3196 = ORIENTED_EDGE('',*,*,#110,.F.);
#3197 = ADVANCED_FACE('',(#3198,#3349,#3379,#3561,#3743,#3925,#4107,
    #4137,#4319,#4501,#4683,#4865,#5047,#5077,#5259,#5441,#5623),#98,.F.
  );
#3198 = FACE_BOUND('',#3199,.F.);
#3199 = EDGE_LOOP('',(#3200,#3201,#3225,#3248,#3276,#3299,#3327,#3348));
#3200 = ORIENTED_EDGE('',*,*,#82,.F.);
#3201 = ORIENTED_EDGE('',*,*,#3202,.F.);
#3202 = EDGE_CURVE('',#3203,#57,#3205,.T.);
#3203 = VERTEX_POINT('',#3204);
#3204 = CARTESIAN_POINT('',(15.72606868832,8.,0.));
#3205 = SURFACE_CURVE('',#3206,(#3211,#3218),.PCURVE_S1.);
#3206 = CIRCLE('',#3207,6.8);
#3207 = AXIS2_PLACEMENT_3D('',#3208,#3209,#3210);
#3208 = CARTESIAN_POINT('',(9.,9.,0.));
#3209 = DIRECTION('',(-0.,0.,1.));
#3210 = DIRECTION('',(0.989127748282,-0.147058823529,0.));
#3211 = PCURVE('',#98,#3212);
#3212 = DEFINITIONAL_REPRESENTATION('',(#3213),#3217);
#3213 = CIRCLE('',#3214,6.8);
#3214 = AXIS2_PLACEMENT_2D('',#3215,#3216);
#3215 = CARTESIAN_POINT('',(1.,1.));
#3216 = DIRECTION('',(0.989127748282,-0.147058823529));
#3217 = ( GEOMETRIC_REPRESENTATION_CONTEXT(2) 
PARAMETRIC_REPRESENTATION_CONTEXT() REPRESENTATION_CONTEXT('2D SPACE',''
  ) );
#3218 = PCURVE('',#71,#3219);
#3219 = DEFINITIONAL_REPRESENTATION('',(#3220),#3224);
#3220 = LINE('',#3221,#3222);
#3221 = CARTESIAN_POINT('',(-6.135591201521,-1.));
#3222 = VECTOR('',#3223,1.);
#3223 = DIRECTION('',(-1.,-0.));
#3224 = ( GEOMETRIC_REPRESENTATION_CONTEXT(2) 
PARAMETRIC_REPRESENTATION_CONTEXT() REPRESENTATION_CONTEXT('2D SPACE',''
  ) );
#3225 = ORIENTED_EDGE('',*,*,#3226,.T.);
#3226 = EDGE_CURVE('',#3203,#3227,#3229,.T.);
#3227 = VERTEX_POINT('',#3228);
#3228 = CARTESIAN_POINT('',(114.27393131168,8.,0.));
#3229 = SURFACE_CURVE('',#3230,(#3234,#3241),.PCURVE_S1.);
#3230 = LINE('',#3231,#3232);
#3231 = CARTESIAN_POINT('',(8.,8.,0.));
#3232 = VECTOR('',#3233,1.);
#3233 = DIRECTION('',(1.,0.,0.));
#3234 = PCURVE('',#98,#3235);
#3235 = DEFINITIONAL_REPRESENTATION('',(#3236),#3240);
#3236 = LINE('',#3237,#3238);
#3237 = CARTESIAN_POINT('',(0.,0.));
#3238 = VECTOR('',#3239,1.);
#3239 = DIRECTION('',(1.,0.));
#3240 = ( GEOMETRIC_REPRESENTATION_CONTEXT(2) 
PARAMETRIC_REPRESENTATION_CONTEXT() REPRESENTATION_CONTEXT('2D SPACE',''
  ) );
#3241 = PCURVE('',#182,#3242);
#3242 = DEFINITIONAL_REPRESENTATION('',(#3243),#3247);
#3243 = LINE('',#3244,#3245);
#3244 = CARTESIAN_POINT('',(0.,0.));
#3245 = VECTOR('',#3246,1.);
#3246 = DIRECTION('',(0.,1.));
#3247 = ( GEOMETRIC_REPRESENTATION_CONTEXT(2) 
PARAMETRIC_REPRESENTATION_CONTEXT() REPRESENTATION_CONTEXT('2D SPACE',''
  ) );
#3248 = ORIENTED_EDGE('',*,*,#3249,.T.);
#3249 = EDGE_CURVE('',#3227,#3250,#3252,.T.);
#3250 = VERTEX_POINT('',#3251);
#3251 = CARTESIAN_POINT('',(122.,15.72606868832,0.));
#3252 = SURFACE_CURVE('',#3253,(#3258,#3269),.PCURVE_S1.);
#3253 = CIRCLE('',#3254,6.8);
#3254 = AXIS2_PLACEMENT_3D('',#3255,#3256,#3257);
#3255 = CARTESIAN_POINT('',(121.,9.,0.));
#3256 = DIRECTION('',(0.,0.,-1.));
#3257 = DIRECTION('',(1.,0.,0.));
#3258 = PCURVE('',#98,#3259);
#3259 = DEFINITIONAL_REPRESENTATION('',(#3260),#3268);
#3260 = ( BOUNDED_CURVE() B_SPLINE_CURVE(2,(#3261,#3262,#3263,#3264,
#3265,#3266,#3267),.UNSPECIFIED.,.T.,.F.) B_SPLINE_CURVE_WITH_KNOTS((1,2
    ,2,2,2,1),(-2.094395102393,0.,2.094395102393,4.188790204786,
6.28318530718,8.377580409573),.UNSPECIFIED.) CURVE() 
GEOMETRIC_REPRESENTATION_ITEM() RATIONAL_B_SPLINE_CURVE((1.,0.5,1.,0.5,
1.,0.5,1.)) REPRESENTATION_ITEM('') );
#3261 = CARTESIAN_POINT('',(119.8,1.));
#3262 = CARTESIAN_POINT('',(119.8,-10.77794549146));
#3263 = CARTESIAN_POINT('',(109.6,-4.888972745734));
#3264 = CARTESIAN_POINT('',(99.4,1.));
#3265 = CARTESIAN_POINT('',(109.6,6.888972745734));
#3266 = CARTESIAN_POINT('',(119.8,12.777945491468));
#3267 = CARTESIAN_POINT('',(119.8,1.));
#3268 = ( GEOMETRIC_REPRESENTATION_CONTEXT(2) 
PARAMETRIC_REPRESENTATION_CONTEXT() REPRESENTATION_CONTEXT('2D SPACE',''
  ) );
#3269 = PCURVE('',#215,#3270);
#3270 = DEFINITIONAL_REPRESENTATION('',(#3271),#3275);
#3271 = LINE('',#3272,#3273);
#3272 = CARTESIAN_POINT('',(-6.28318530718,-1.));
#3273 = VECTOR('',#3274,1.);
#3274 = DIRECTION('',(1.,-0.));
#3275 = ( GEOMETRIC_REPRESENTATION_CONTEXT(2) 
PARAMETRIC_REPRESENTATION_CONTEXT() REPRESENTATION_CONTEXT('2D SPACE',''
  ) );
#3276 = ORIENTED_EDGE('',*,*,#3277,.T.);
#3277 = EDGE_CURVE('',#3250,#3278,#3280,.T.);
#3278 = VERTEX_POINT('',#3279);
#3279 = CARTESIAN_POINT('',(122.,174.27393131168,0.));
#3280 = SURFACE_CURVE('',#3281,(#3285,#3292),.PCURVE_S1.);
#3281 = LINE('',#3282,#3283);
#3282 = CARTESIAN_POINT('',(122.,8.,0.));
#3283 = VECTOR('',#3284,1.);
#3284 = DIRECTION('',(0.,1.,0.));
#3285 = PCURVE('',#98,#3286);
#3286 = DEFINITIONAL_REPRESENTATION('',(#3287),#3291);
#3287 = LINE('',#3288,#3289);
#3288 = CARTESIAN_POINT('',(114.,0.));
#3289 = VECTOR('',#3290,1.);
#3290 = DIRECTION('',(0.,1.));
#3291 = ( GEOMETRIC_REPRESENTATION_CONTEXT(2) 
PARAMETRIC_REPRESENTATION_CONTEXT() REPRESENTATION_CONTEXT('2D SPACE',''
  ) );
#3292 = PCURVE('',#243,#3293);
#3293 = DEFINITIONAL_REPRESENTATION('',(#3294),#3298);
#3294 = LINE('',#3295,#3296);
#3295 = CARTESIAN_POINT('',(0.,0.));
#3296 = VECTOR('',#3297,1.);
#3297 = DIRECTION('',(0.,-1.));
#3298 = ( GEOMETRIC_REPRESENTATION_CONTEXT(2) 
PARAMETRIC_REPRESENTATION_CONTEXT() REPRESENTATION_CONTEXT('2D SPACE',''
  ) );
#3299 = ORIENTED_EDGE('',*,*,#3300,.T.);
#3300 = EDGE_CURVE('',#3278,#3301,#3303,.T.);
#3301 = VERTEX_POINT('',#3302);
#3302 = CARTESIAN_POINT('',(114.27393131168,182.,0.));
#3303 = SURFACE_CURVE('',#3304,(#3309,#3320),.PCURVE_S1.);
#3304 = CIRCLE('',#3305,6.8);
#3305 = AXIS2_PLACEMENT_3D('',#3306,#3307,#3308);
#3306 = CARTESIAN_POINT('',(121.,181.,0.));
#3307 = DIRECTION('',(0.,0.,-1.));
#3308 = DIRECTION('',(1.,0.,0.));
#3309 = PCURVE('',#98,#3310);
#3310 = DEFINITIONAL_REPRESENTATION('',(#3311),#3319);
#3311 = ( BOUNDED_CURVE() B_SPLINE_CURVE(2,(#3312,#3313,#3314,#3315,
#3316,#3317,#3318),.UNSPECIFIED.,.T.,.F.) B_SPLINE_CURVE_WITH_KNOTS((1,2
    ,2,2,2,1),(-2.094395102393,0.,2.094395102393,4.188790204786,
6.28318530718,8.377580409573),.UNSPECIFIED.) CURVE() 
GEOMETRIC_REPRESENTATION_ITEM() RATIONAL_B_SPLINE_CURVE((1.,0.5,1.,0.5,
1.,0.5,1.)) REPRESENTATION_ITEM('') );
#3312 = CARTESIAN_POINT('',(119.8,173.));
#3313 = CARTESIAN_POINT('',(119.8,161.22205450853));
#3314 = CARTESIAN_POINT('',(109.6,167.11102725426));
#3315 = CARTESIAN_POINT('',(99.4,173.));
#3316 = CARTESIAN_POINT('',(109.6,178.88897274573));
#3317 = CARTESIAN_POINT('',(119.8,184.77794549146));
#3318 = CARTESIAN_POINT('',(119.8,173.));
#3319 = ( GEOMETRIC_REPRESENTATION_CONTEXT(2) 
PARAMETRIC_REPRESENTATION_CONTEXT() REPRESENTATION_CONTEXT('2D SPACE',''
  ) );
#3320 = PCURVE('',#276,#3321);
#3321 = DEFINITIONAL_REPRESENTATION('',(#3322),#3326);
#3322 = LINE('',#3323,#3324);
#3323 = CARTESIAN_POINT('',(-6.28318530718,-1.));
#3324 = VECTOR('',#3325,1.);
#3325 = DIRECTION('',(1.,-0.));
#3326 = ( GEOMETRIC_REPRESENTATION_CONTEXT(2) 
PARAMETRIC_REPRESENTATION_CONTEXT() REPRESENTATION_CONTEXT('2D SPACE',''
  ) );
#3327 = ORIENTED_EDGE('',*,*,#3328,.F.);
#3328 = EDGE_CURVE('',#3151,#3301,#3329,.T.);
#3329 = SURFACE_CURVE('',#3330,(#3334,#3341),.PCURVE_S1.);
#3330 = LINE('',#3331,#3332);
#3331 = CARTESIAN_POINT('',(8.,182.,0.));
#3332 = VECTOR('',#3333,1.);
#3333 = DIRECTION('',(1.,0.,0.));
#3334 = PCURVE('',#98,#3335);
#3335 = DEFINITIONAL_REPRESENTATION('',(#3336),#3340);
#3336 = LINE('',#3337,#3338);
#3337 = CARTESIAN_POINT('',(0.,174.));
#3338 = VECTOR('',#3339,1.);
#3339 = DIRECTION('',(1.,0.));
#3340 = ( GEOMETRIC_REPRESENTATION_CONTEXT(2) 
PARAMETRIC_REPRESENTATION_CONTEXT() REPRESENTATION_CONTEXT('2D SPACE',''
  ) );
#3341 = PCURVE('',#304,#3342);
#3342 = DEFINITIONAL_REPRESENTATION('',(#3343),#3347);
#3343 = LINE('',#3344,#3345);
#3344 = CARTESIAN_POINT('',(0.,0.));
#3345 = VECTOR('',#3346,1.);
#3346 = DIRECTION('',(0.,1.));
#3347 = ( GEOMETRIC_REPRESENTATION_CONTEXT(2) 
PARAMETRIC_REPRESENTATION_CONTEXT() REPRESENTATION_CONTEXT('2D SPACE',''
  ) );
#3348 = ORIENTED_EDGE('',*,*,#3171,.T.);
#3349 = FACE_BOUND('',#3350,.F.);
#3350 = EDGE_LOOP('',(#3351));
#3351 = ORIENTED_EDGE('',*,*,#3352,.T.);
#3352 = EDGE_CURVE('',#3353,#3353,#3355,.T.);
#3353 = VERTEX_POINT('',#3354);
#3354 = CARTESIAN_POINT('',(23.7,22.,0.));
#3355 = SURFACE_CURVE('',#3356,(#3361,#3372),.PCURVE_S1.);
#3356 = CIRCLE('',#3357,1.7);
#3357 = AXIS2_PLACEMENT_3D('',#3358,#3359,#3360);
#3358 = CARTESIAN_POINT('',(22.,22.,0.));
#3359 = DIRECTION('',(0.,0.,-1.));
#3360 = DIRECTION('',(1.,0.,0.));
#3361 = PCURVE('',#98,#3362);
#3362 = DEFINITIONAL_REPRESENTATION('',(#3363),#3371);
#3363 = ( BOUNDED_CURVE() B_SPLINE_CURVE(2,(#3364,#3365,#3366,#3367,
#3368,#3369,#3370),.UNSPECIFIED.,.T.,.F.) B_SPLINE_CURVE_WITH_KNOTS((1,2
    ,2,2,2,1),(-2.094395102393,0.,2.094395102393,4.188790204786,
6.28318530718,8.377580409573),.UNSPECIFIED.) CURVE() 
GEOMETRIC_REPRESENTATION_ITEM() RATIONAL_B_SPLINE_CURVE((1.,0.5,1.,0.5,
1.,0.5,1.)) REPRESENTATION_ITEM('') );
#3364 = CARTESIAN_POINT('',(15.7,14.));
#3365 = CARTESIAN_POINT('',(15.7,11.055513627133));
#3366 = CARTESIAN_POINT('',(13.15,12.527756813566));
#3367 = CARTESIAN_POINT('',(10.6,14.));
#3368 = CARTESIAN_POINT('',(13.15,15.472243186434));
#3369 = CARTESIAN_POINT('',(15.7,16.944486372867));
#3370 = CARTESIAN_POINT('',(15.7,14.));
#3371 = ( GEOMETRIC_REPRESENTATION_CONTEXT(2) 
PARAMETRIC_REPRESENTATION_CONTEXT() REPRESENTATION_CONTEXT('2D SPACE',''
  ) );
#3372 = PCURVE('',#365,#3373);
#3373 = DEFINITIONAL_REPRESENTATION('',(#3374),#3378);
#3374 = LINE('',#3375,#3376);
#3375 = CARTESIAN_POINT('',(-6.28318530718,-1.));
#3376 = VECTOR('',#3377,1.);
#3377 = DIRECTION('',(1.,-0.));
#3378 = ( GEOMETRIC_REPRESENTATION_CONTEXT(2) 
PARAMETRIC_REPRESENTATION_CONTEXT() REPRESENTATION_CONTEXT('2D SPACE',''
  ) );
#3379 = FACE_BOUND('',#3380,.F.);
#3380 = EDGE_LOOP('',(#3381,#3407,#3428,#3452,#3473,#3497,#3518,#3542));
#3381 = ORIENTED_EDGE('',*,*,#3382,.F.);
#3382 = EDGE_CURVE('',#3383,#3385,#3387,.T.);
#3383 = VERTEX_POINT('',#3384);
#3384 = CARTESIAN_POINT('',(20.,38.,0.));
#3385 = VERTEX_POINT('',#3386);
#3386 = CARTESIAN_POINT('',(21.,37.,0.));
#3387 = SURFACE_CURVE('',#3388,(#3393,#3400),.PCURVE_S1.);
#3388 = CIRCLE('',#3389,1.);
#3389 = AXIS2_PLACEMENT_3D('',#3390,#3391,#3392);
#3390 = CARTESIAN_POINT('',(21.,38.,0.));
#3391 = DIRECTION('',(0.,0.,1.));
#3392 = DIRECTION('',(-1.,-0.,0.));
#3393 = PCURVE('',#98,#3394);
#3394 = DEFINITIONAL_REPRESENTATION('',(#3395),#3399);
#3395 = CIRCLE('',#3396,1.);
#3396 = AXIS2_PLACEMENT_2D('',#3397,#3398);
#3397 = CARTESIAN_POINT('',(13.,30.));
#3398 = DIRECTION('',(-1.,0.));
#3399 = ( GEOMETRIC_REPRESENTATION_CONTEXT(2) 
PARAMETRIC_REPRESENTATION_CONTEXT() REPRESENTATION_CONTEXT('2D SPACE',''
  ) );
#3400 = PCURVE('',#398,#3401);
#3401 = DEFINITIONAL_REPRESENTATION('',(#3402),#3406);
#3402 = LINE('',#3403,#3404);
#3403 = CARTESIAN_POINT('',(0.,1.));
#3404 = VECTOR('',#3405,1.);
#3405 = DIRECTION('',(1.,0.));
#3406 = ( GEOMETRIC_REPRESENTATION_CONTEXT(2) 
PARAMETRIC_REPRESENTATION_CONTEXT() REPRESENTATION_CONTEXT('2D SPACE',''
  ) );
#3407 = ORIENTED_EDGE('',*,*,#3408,.T.);
#3408 = EDGE_CURVE('',#3383,#3409,#3411,.T.);
#3409 = VERTEX_POINT('',#3410);
#3410 = CARTESIAN_POINT('',(20.,40.,0.));
#3411 = SURFACE_CURVE('',#3412,(#3416,#3422),.PCURVE_S1.);
#3412 = LINE('',#3413,#3414);
#3413 = CARTESIAN_POINT('',(20.,22.5,0.));
#3414 = VECTOR('',#3415,1.);
#3415 = DIRECTION('',(0.,1.,0.));
#3416 = PCURVE('',#98,#3417);
#3417 = DEFINITIONAL_REPRESENTATION('',(#3418),#3421);
#3418 = B_SPLINE_CURVE_WITH_KNOTS('',1,(#3419,#3420),.UNSPECIFIED.,.F.,
  .F.,(2,2),(15.5,17.5),.PIECEWISE_BEZIER_KNOTS.);
#3419 = CARTESIAN_POINT('',(12.,30.));
#3420 = CARTESIAN_POINT('',(12.,32.));
#3421 = ( GEOMETRIC_REPRESENTATION_CONTEXT(2) 
PARAMETRIC_REPRESENTATION_CONTEXT() REPRESENTATION_CONTEXT('2D SPACE',''
  ) );
#3422 = PCURVE('',#425,#3423);
#3423 = DEFINITIONAL_REPRESENTATION('',(#3424),#3427);
#3424 = B_SPLINE_CURVE_WITH_KNOTS('',1,(#3425,#3426),.UNSPECIFIED.,.F.,
  .F.,(2,2),(15.5,17.5),.PIECEWISE_BEZIER_KNOTS.);
#3425 = CARTESIAN_POINT('',(1.,-1.));
#3426 = CARTESIAN_POINT('',(1.,-3.));
#3427 = ( GEOMETRIC_REPRESENTATION_CONTEXT(2) 
PARAMETRIC_REPRESENTATION_CONTEXT() REPRESENTATION_CONTEXT('2D SPACE',''
  ) );
#3428 = ORIENTED_EDGE('',*,*,#3429,.F.);
#3429 = EDGE_CURVE('',#3430,#3409,#3432,.T.);
#3430 = VERTEX_POINT('',#3431);
#3431 = CARTESIAN_POINT('',(21.,41.,0.));
#3432 = SURFACE_CURVE('',#3433,(#3438,#3445),.PCURVE_S1.);
#3433 = CIRCLE('',#3434,1.);
#3434 = AXIS2_PLACEMENT_3D('',#3435,#3436,#3437);
#3435 = CARTESIAN_POINT('',(21.,40.,0.));
#3436 = DIRECTION('',(0.,0.,1.));
#3437 = DIRECTION('',(-1.,-0.,0.));
#3438 = PCURVE('',#98,#3439);
#3439 = DEFINITIONAL_REPRESENTATION('',(#3440),#3444);
#3440 = CIRCLE('',#3441,1.);
#3441 = AXIS2_PLACEMENT_2D('',#3442,#3443);
#3442 = CARTESIAN_POINT('',(13.,32.));
#3443 = DIRECTION('',(-1.,0.));
#3444 = ( GEOMETRIC_REPRESENTATION_CONTEXT(2) 
PARAMETRIC_REPRESENTATION_CONTEXT() REPRESENTATION_CONTEXT('2D SPACE',''
  ) );
#3445 = PCURVE('',#453,#3446);
#3446 = DEFINITIONAL_REPRESENTATION('',(#3447),#3451);
#3447 = LINE('',#3448,#3449);
#3448 = CARTESIAN_POINT('',(-6.28318530718,1.));
#3449 = VECTOR('',#3450,1.);
#3450 = DIRECTION('',(1.,-0.));
#3451 = ( GEOMETRIC_REPRESENTATION_CONTEXT(2) 
PARAMETRIC_REPRESENTATION_CONTEXT() REPRESENTATION_CONTEXT('2D SPACE',''
  ) );
#3452 = ORIENTED_EDGE('',*,*,#3453,.F.);
#3453 = EDGE_CURVE('',#3454,#3430,#3456,.T.);
#3454 = VERTEX_POINT('',#3455);
#3455 = CARTESIAN_POINT('',(35.,41.,0.));
#3456 = SURFACE_CURVE('',#3457,(#3461,#3467),.PCURVE_S1.);
#3457 = LINE('',#3458,#3459);
#3458 = CARTESIAN_POINT('',(14.,41.,0.));
#3459 = VECTOR('',#3460,1.);
#3460 = DIRECTION('',(-1.,0.,0.));
#3461 = PCURVE('',#98,#3462);
#3462 = DEFINITIONAL_REPRESENTATION('',(#3463),#3466);
#3463 = B_SPLINE_CURVE_WITH_KNOTS('',1,(#3464,#3465),.UNSPECIFIED.,.F.,
  .F.,(2,2),(-21.,-7.),.PIECEWISE_BEZIER_KNOTS.);
#3464 = CARTESIAN_POINT('',(27.,33.));
#3465 = CARTESIAN_POINT('',(13.,33.));
#3466 = ( GEOMETRIC_REPRESENTATION_CONTEXT(2) 
PARAMETRIC_REPRESENTATION_CONTEXT() REPRESENTATION_CONTEXT('2D SPACE',''
  ) );
#3467 = PCURVE('',#480,#3468);
#3468 = DEFINITIONAL_REPRESENTATION('',(#3469),#3472);
#3469 = B_SPLINE_CURVE_WITH_KNOTS('',1,(#3470,#3471),.UNSPECIFIED.,.F.,
  .F.,(2,2),(-21.,-7.),.PIECEWISE_BEZIER_KNOTS.);
#3470 = CARTESIAN_POINT('',(1.,15.));
#3471 = CARTESIAN_POINT('',(1.,1.));
#3472 = ( GEOMETRIC_REPRESENTATION_CONTEXT(2) 
PARAMETRIC_REPRESENTATION_CONTEXT() REPRESENTATION_CONTEXT('2D SPACE',''
  ) );
#3473 = ORIENTED_EDGE('',*,*,#3474,.F.);
#3474 = EDGE_CURVE('',#3475,#3454,#3477,.T.);
#3475 = VERTEX_POINT('',#3476);
#3476 = CARTESIAN_POINT('',(36.,40.,0.));
#3477 = SURFACE_CURVE('',#3478,(#3483,#3490),.PCURVE_S1.);
#3478 = CIRCLE('',#3479,1.);
#3479 = AXIS2_PLACEMENT_3D('',#3480,#3481,#3482);
#3480 = CARTESIAN_POINT('',(35.,40.,0.));
#3481 = DIRECTION('',(0.,0.,1.));
#3482 = DIRECTION('',(1.,0.,-0.));
#3483 = PCURVE('',#98,#3484);
#3484 = DEFINITIONAL_REPRESENTATION('',(#3485),#3489);
#3485 = CIRCLE('',#3486,1.);
#3486 = AXIS2_PLACEMENT_2D('',#3487,#3488);
#3487 = CARTESIAN_POINT('',(27.,32.));
#3488 = DIRECTION('',(1.,0.));
#3489 = ( GEOMETRIC_REPRESENTATION_CONTEXT(2) 
PARAMETRIC_REPRESENTATION_CONTEXT() REPRESENTATION_CONTEXT('2D SPACE',''
  ) );
#3490 = PCURVE('',#508,#3491);
#3491 = DEFINITIONAL_REPRESENTATION('',(#3492),#3496);
#3492 = LINE('',#3493,#3494);
#3493 = CARTESIAN_POINT('',(0.,1.));
#3494 = VECTOR('',#3495,1.);
#3495 = DIRECTION('',(1.,0.));
#3496 = ( GEOMETRIC_REPRESENTATION_CONTEXT(2) 
PARAMETRIC_REPRESENTATION_CONTEXT() REPRESENTATION_CONTEXT('2D SPACE',''
  ) );
#3497 = ORIENTED_EDGE('',*,*,#3498,.F.);
#3498 = EDGE_CURVE('',#3499,#3475,#3501,.T.);
#3499 = VERTEX_POINT('',#3500);
#3500 = CARTESIAN_POINT('',(36.,38.,0.));
#3501 = SURFACE_CURVE('',#3502,(#3506,#3512),.PCURVE_S1.);
#3502 = LINE('',#3503,#3504);
#3503 = CARTESIAN_POINT('',(36.,22.5,0.));
#3504 = VECTOR('',#3505,1.);
#3505 = DIRECTION('',(0.,1.,0.));
#3506 = PCURVE('',#98,#3507);
#3507 = DEFINITIONAL_REPRESENTATION('',(#3508),#3511);
#3508 = B_SPLINE_CURVE_WITH_KNOTS('',1,(#3509,#3510),.UNSPECIFIED.,.F.,
  .F.,(2,2),(15.5,17.5),.PIECEWISE_BEZIER_KNOTS.);
#3509 = CARTESIAN_POINT('',(28.,30.));
#3510 = CARTESIAN_POINT('',(28.,32.));
#3511 = ( GEOMETRIC_REPRESENTATION_CONTEXT(2) 
PARAMETRIC_REPRESENTATION_CONTEXT() REPRESENTATION_CONTEXT('2D SPACE',''
  ) );
#3512 = PCURVE('',#535,#3513);
#3513 = DEFINITIONAL_REPRESENTATION('',(#3514),#3517);
#3514 = B_SPLINE_CURVE_WITH_KNOTS('',1,(#3515,#3516),.UNSPECIFIED.,.F.,
  .F.,(2,2),(15.5,17.5),.PIECEWISE_BEZIER_KNOTS.);
#3515 = CARTESIAN_POINT('',(1.,-1.));
#3516 = CARTESIAN_POINT('',(1.,-3.));
#3517 = ( GEOMETRIC_REPRESENTATION_CONTEXT(2) 
PARAMETRIC_REPRESENTATION_CONTEXT() REPRESENTATION_CONTEXT('2D SPACE',''
  ) );
#3518 = ORIENTED_EDGE('',*,*,#3519,.F.);
#3519 = EDGE_CURVE('',#3520,#3499,#3522,.T.);
#3520 = VERTEX_POINT('',#3521);
#3521 = CARTESIAN_POINT('',(35.,37.,0.));
#3522 = SURFACE_CURVE('',#3523,(#3528,#3535),.PCURVE_S1.);
#3523 = CIRCLE('',#3524,1.);
#3524 = AXIS2_PLACEMENT_3D('',#3525,#3526,#3527);
#3525 = CARTESIAN_POINT('',(35.,38.,0.));
#3526 = DIRECTION('',(0.,0.,1.));
#3527 = DIRECTION('',(1.,0.,-0.));
#3528 = PCURVE('',#98,#3529);
#3529 = DEFINITIONAL_REPRESENTATION('',(#3530),#3534);
#3530 = CIRCLE('',#3531,1.);
#3531 = AXIS2_PLACEMENT_2D('',#3532,#3533);
#3532 = CARTESIAN_POINT('',(27.,30.));
#3533 = DIRECTION('',(1.,0.));
#3534 = ( GEOMETRIC_REPRESENTATION_CONTEXT(2) 
PARAMETRIC_REPRESENTATION_CONTEXT() REPRESENTATION_CONTEXT('2D SPACE',''
  ) );
#3535 = PCURVE('',#563,#3536);
#3536 = DEFINITIONAL_REPRESENTATION('',(#3537),#3541);
#3537 = LINE('',#3538,#3539);
#3538 = CARTESIAN_POINT('',(-6.28318530718,1.));
#3539 = VECTOR('',#3540,1.);
#3540 = DIRECTION('',(1.,-0.));
#3541 = ( GEOMETRIC_REPRESENTATION_CONTEXT(2) 
PARAMETRIC_REPRESENTATION_CONTEXT() REPRESENTATION_CONTEXT('2D SPACE',''
  ) );
#3542 = ORIENTED_EDGE('',*,*,#3543,.T.);
#3543 = EDGE_CURVE('',#3520,#3385,#3544,.T.);
#3544 = SURFACE_CURVE('',#3545,(#3549,#3555),.PCURVE_S1.);
#3545 = LINE('',#3546,#3547);
#3546 = CARTESIAN_POINT('',(14.,37.,0.));
#3547 = VECTOR('',#3548,1.);
#3548 = DIRECTION('',(-1.,0.,0.));
#3549 = PCURVE('',#98,#3550);
#3550 = DEFINITIONAL_REPRESENTATION('',(#3551),#3554);
#3551 = B_SPLINE_CURVE_WITH_KNOTS('',1,(#3552,#3553),.UNSPECIFIED.,.F.,
  .F.,(2,2),(-21.,-7.),.PIECEWISE_BEZIER_KNOTS.);
#3552 = CARTESIAN_POINT('',(27.,29.));
#3553 = CARTESIAN_POINT('',(13.,29.));
#3554 = ( GEOMETRIC_REPRESENTATION_CONTEXT(2) 
PARAMETRIC_REPRESENTATION_CONTEXT() REPRESENTATION_CONTEXT('2D SPACE',''
  ) );
#3555 = PCURVE('',#588,#3556);
#3556 = DEFINITIONAL_REPRESENTATION('',(#3557),#3560);
#3557 = B_SPLINE_CURVE_WITH_KNOTS('',1,(#3558,#3559),.UNSPECIFIED.,.F.,
  .F.,(2,2),(-21.,-7.),.PIECEWISE_BEZIER_KNOTS.);
#3558 = CARTESIAN_POINT('',(1.,15.));
#3559 = CARTESIAN_POINT('',(1.,1.));
#3560 = ( GEOMETRIC_REPRESENTATION_CONTEXT(2) 
PARAMETRIC_REPRESENTATION_CONTEXT() REPRESENTATION_CONTEXT('2D SPACE',''
  ) );
#3561 = FACE_BOUND('',#3562,.F.);
#3562 = EDGE_LOOP('',(#3563,#3589,#3610,#3634,#3655,#3679,#3700,#3724));
#3563 = ORIENTED_EDGE('',*,*,#3564,.F.);
#3564 = EDGE_CURVE('',#3565,#3567,#3569,.T.);
#3565 = VERTEX_POINT('',#3566);
#3566 = CARTESIAN_POINT('',(54.,38.,0.));
#3567 = VERTEX_POINT('',#3568);
#3568 = CARTESIAN_POINT('',(55.,37.,0.));
#3569 = SURFACE_CURVE('',#3570,(#3575,#3582),.PCURVE_S1.);
#3570 = CIRCLE('',#3571,1.);
#3571 = AXIS2_PLACEMENT_3D('',#3572,#3573,#3574);
#3572 = CARTESIAN_POINT('',(55.,38.,0.));
#3573 = DIRECTION('',(0.,0.,1.));
#3574 = DIRECTION('',(-1.,-0.,0.));
#3575 = PCURVE('',#98,#3576);
#3576 = DEFINITIONAL_REPRESENTATION('',(#3577),#3581);
#3577 = CIRCLE('',#3578,1.);
#3578 = AXIS2_PLACEMENT_2D('',#3579,#3580);
#3579 = CARTESIAN_POINT('',(47.,30.));
#3580 = DIRECTION('',(-1.,0.));
#3581 = ( GEOMETRIC_REPRESENTATION_CONTEXT(2) 
PARAMETRIC_REPRESENTATION_CONTEXT() REPRESENTATION_CONTEXT('2D SPACE',''
  ) );
#3582 = PCURVE('',#620,#3583);
#3583 = DEFINITIONAL_REPRESENTATION('',(#3584),#3588);
#3584 = LINE('',#3585,#3586);
#3585 = CARTESIAN_POINT('',(0.,1.));
#3586 = VECTOR('',#3587,1.);
#3587 = DIRECTION('',(1.,0.));
#3588 = ( GEOMETRIC_REPRESENTATION_CONTEXT(2) 
PARAMETRIC_REPRESENTATION_CONTEXT() REPRESENTATION_CONTEXT('2D SPACE',''
  ) );
#3589 = ORIENTED_EDGE('',*,*,#3590,.T.);
#3590 = EDGE_CURVE('',#3565,#3591,#3593,.T.);
#3591 = VERTEX_POINT('',#3592);
#3592 = CARTESIAN_POINT('',(54.,40.,0.));
#3593 = SURFACE_CURVE('',#3594,(#3598,#3604),.PCURVE_S1.);
#3594 = LINE('',#3595,#3596);
#3595 = CARTESIAN_POINT('',(54.,22.5,0.));
#3596 = VECTOR('',#3597,1.);
#3597 = DIRECTION('',(0.,1.,0.));
#3598 = PCURVE('',#98,#3599);
#3599 = DEFINITIONAL_REPRESENTATION('',(#3600),#3603);
#3600 = B_SPLINE_CURVE_WITH_KNOTS('',1,(#3601,#3602),.UNSPECIFIED.,.F.,
  .F.,(2,2),(15.5,17.5),.PIECEWISE_BEZIER_KNOTS.);
#3601 = CARTESIAN_POINT('',(46.,30.));
#3602 = CARTESIAN_POINT('',(46.,32.));
#3603 = ( GEOMETRIC_REPRESENTATION_CONTEXT(2) 
PARAMETRIC_REPRESENTATION_CONTEXT() REPRESENTATION_CONTEXT('2D SPACE',''
  ) );
#3604 = PCURVE('',#647,#3605);
#3605 = DEFINITIONAL_REPRESENTATION('',(#3606),#3609);
#3606 = B_SPLINE_CURVE_WITH_KNOTS('',1,(#3607,#3608),.UNSPECIFIED.,.F.,
  .F.,(2,2),(15.5,17.5),.PIECEWISE_BEZIER_KNOTS.);
#3607 = CARTESIAN_POINT('',(1.,-1.));
#3608 = CARTESIAN_POINT('',(1.,-3.));
#3609 = ( GEOMETRIC_REPRESENTATION_CONTEXT(2) 
PARAMETRIC_REPRESENTATION_CONTEXT() REPRESENTATION_CONTEXT('2D SPACE',''
  ) );
#3610 = ORIENTED_EDGE('',*,*,#3611,.F.);
#3611 = EDGE_CURVE('',#3612,#3591,#3614,.T.);
#3612 = VERTEX_POINT('',#3613);
#3613 = CARTESIAN_POINT('',(55.,41.,0.));
#3614 = SURFACE_CURVE('',#3615,(#3620,#3627),.PCURVE_S1.);
#3615 = CIRCLE('',#3616,1.);
#3616 = AXIS2_PLACEMENT_3D('',#3617,#3618,#3619);
#3617 = CARTESIAN_POINT('',(55.,40.,0.));
#3618 = DIRECTION('',(0.,0.,1.));
#3619 = DIRECTION('',(-1.,-0.,0.));
#3620 = PCURVE('',#98,#3621);
#3621 = DEFINITIONAL_REPRESENTATION('',(#3622),#3626);
#3622 = CIRCLE('',#3623,1.);
#3623 = AXIS2_PLACEMENT_2D('',#3624,#3625);
#3624 = CARTESIAN_POINT('',(47.,32.));
#3625 = DIRECTION('',(-1.,0.));
#3626 = ( GEOMETRIC_REPRESENTATION_CONTEXT(2) 
PARAMETRIC_REPRESENTATION_CONTEXT() REPRESENTATION_CONTEXT('2D SPACE',''
  ) );
#3627 = PCURVE('',#675,#3628);
#3628 = DEFINITIONAL_REPRESENTATION('',(#3629),#3633);
#3629 = LINE('',#3630,#3631);
#3630 = CARTESIAN_POINT('',(-6.28318530718,1.));
#3631 = VECTOR('',#3632,1.);
#3632 = DIRECTION('',(1.,-0.));
#3633 = ( GEOMETRIC_REPRESENTATION_CONTEXT(2) 
PARAMETRIC_REPRESENTATION_CONTEXT() REPRESENTATION_CONTEXT('2D SPACE',''
  ) );
#3634 = ORIENTED_EDGE('',*,*,#3635,.F.);
#3635 = EDGE_CURVE('',#3636,#3612,#3638,.T.);
#3636 = VERTEX_POINT('',#3637);
#3637 = CARTESIAN_POINT('',(69.,41.,0.));
#3638 = SURFACE_CURVE('',#3639,(#3643,#3649),.PCURVE_S1.);
#3639 = LINE('',#3640,#3641);
#3640 = CARTESIAN_POINT('',(31.,41.,0.));
#3641 = VECTOR('',#3642,1.);
#3642 = DIRECTION('',(-1.,0.,0.));
#3643 = PCURVE('',#98,#3644);
#3644 = DEFINITIONAL_REPRESENTATION('',(#3645),#3648);
#3645 = B_SPLINE_CURVE_WITH_KNOTS('',1,(#3646,#3647),.UNSPECIFIED.,.F.,
  .F.,(2,2),(-38.,-24.),.PIECEWISE_BEZIER_KNOTS.);
#3646 = CARTESIAN_POINT('',(61.,33.));
#3647 = CARTESIAN_POINT('',(47.,33.));
#3648 = ( GEOMETRIC_REPRESENTATION_CONTEXT(2) 
PARAMETRIC_REPRESENTATION_CONTEXT() REPRESENTATION_CONTEXT('2D SPACE',''
  ) );
#3649 = PCURVE('',#702,#3650);
#3650 = DEFINITIONAL_REPRESENTATION('',(#3651),#3654);
#3651 = B_SPLINE_CURVE_WITH_KNOTS('',1,(#3652,#3653),.UNSPECIFIED.,.F.,
  .F.,(2,2),(-38.,-24.),.PIECEWISE_BEZIER_KNOTS.);
#3652 = CARTESIAN_POINT('',(1.,15.));
#3653 = CARTESIAN_POINT('',(1.,1.));
#3654 = ( GEOMETRIC_REPRESENTATION_CONTEXT(2) 
PARAMETRIC_REPRESENTATION_CONTEXT() REPRESENTATION_CONTEXT('2D SPACE',''
  ) );
#3655 = ORIENTED_EDGE('',*,*,#3656,.F.);
#3656 = EDGE_CURVE('',#3657,#3636,#3659,.T.);
#3657 = VERTEX_POINT('',#3658);
#3658 = CARTESIAN_POINT('',(70.,40.,0.));
#3659 = SURFACE_CURVE('',#3660,(#3665,#3672),.PCURVE_S1.);
#3660 = CIRCLE('',#3661,1.);
#3661 = AXIS2_PLACEMENT_3D('',#3662,#3663,#3664);
#3662 = CARTESIAN_POINT('',(69.,40.,0.));
#3663 = DIRECTION('',(0.,0.,1.));
#3664 = DIRECTION('',(1.,0.,-0.));
#3665 = PCURVE('',#98,#3666);
#3666 = DEFINITIONAL_REPRESENTATION('',(#3667),#3671);
#3667 = CIRCLE('',#3668,1.);
#3668 = AXIS2_PLACEMENT_2D('',#3669,#3670);
#3669 = CARTESIAN_POINT('',(61.,32.));
#3670 = DIRECTION('',(1.,0.));
#3671 = ( GEOMETRIC_REPRESENTATION_CONTEXT(2) 
PARAMETRIC_REPRESENTATION_CONTEXT() REPRESENTATION_CONTEXT('2D SPACE',''
  ) );
#3672 = PCURVE('',#730,#3673);
#3673 = DEFINITIONAL_REPRESENTATION('',(#3674),#3678);
#3674 = LINE('',#3675,#3676);
#3675 = CARTESIAN_POINT('',(0.,1.));
#3676 = VECTOR('',#3677,1.);
#3677 = DIRECTION('',(1.,0.));
#3678 = ( GEOMETRIC_REPRESENTATION_CONTEXT(2) 
PARAMETRIC_REPRESENTATION_CONTEXT() REPRESENTATION_CONTEXT('2D SPACE',''
  ) );
#3679 = ORIENTED_EDGE('',*,*,#3680,.F.);
#3680 = EDGE_CURVE('',#3681,#3657,#3683,.T.);
#3681 = VERTEX_POINT('',#3682);
#3682 = CARTESIAN_POINT('',(70.,38.,0.));
#3683 = SURFACE_CURVE('',#3684,(#3688,#3694),.PCURVE_S1.);
#3684 = LINE('',#3685,#3686);
#3685 = CARTESIAN_POINT('',(70.,22.5,0.));
#3686 = VECTOR('',#3687,1.);
#3687 = DIRECTION('',(0.,1.,0.));
#3688 = PCURVE('',#98,#3689);
#3689 = DEFINITIONAL_REPRESENTATION('',(#3690),#3693);
#3690 = B_SPLINE_CURVE_WITH_KNOTS('',1,(#3691,#3692),.UNSPECIFIED.,.F.,
  .F.,(2,2),(15.5,17.5),.PIECEWISE_BEZIER_KNOTS.);
#3691 = CARTESIAN_POINT('',(62.,30.));
#3692 = CARTESIAN_POINT('',(62.,32.));
#3693 = ( GEOMETRIC_REPRESENTATION_CONTEXT(2) 
PARAMETRIC_REPRESENTATION_CONTEXT() REPRESENTATION_CONTEXT('2D SPACE',''
  ) );
#3694 = PCURVE('',#757,#3695);
#3695 = DEFINITIONAL_REPRESENTATION('',(#3696),#3699);
#3696 = B_SPLINE_CURVE_WITH_KNOTS('',1,(#3697,#3698),.UNSPECIFIED.,.F.,
  .F.,(2,2),(15.5,17.5),.PIECEWISE_BEZIER_KNOTS.);
#3697 = CARTESIAN_POINT('',(1.,-1.));
#3698 = CARTESIAN_POINT('',(1.,-3.));
#3699 = ( GEOMETRIC_REPRESENTATION_CONTEXT(2) 
PARAMETRIC_REPRESENTATION_CONTEXT() REPRESENTATION_CONTEXT('2D SPACE',''
  ) );
#3700 = ORIENTED_EDGE('',*,*,#3701,.F.);
#3701 = EDGE_CURVE('',#3702,#3681,#3704,.T.);
#3702 = VERTEX_POINT('',#3703);
#3703 = CARTESIAN_POINT('',(69.,37.,0.));
#3704 = SURFACE_CURVE('',#3705,(#3710,#3717),.PCURVE_S1.);
#3705 = CIRCLE('',#3706,1.);
#3706 = AXIS2_PLACEMENT_3D('',#3707,#3708,#3709);
#3707 = CARTESIAN_POINT('',(69.,38.,0.));
#3708 = DIRECTION('',(0.,0.,1.));
#3709 = DIRECTION('',(1.,0.,-0.));
#3710 = PCURVE('',#98,#3711);
#3711 = DEFINITIONAL_REPRESENTATION('',(#3712),#3716);
#3712 = CIRCLE('',#3713,1.);
#3713 = AXIS2_PLACEMENT_2D('',#3714,#3715);
#3714 = CARTESIAN_POINT('',(61.,30.));
#3715 = DIRECTION('',(1.,0.));
#3716 = ( GEOMETRIC_REPRESENTATION_CONTEXT(2) 
PARAMETRIC_REPRESENTATION_CONTEXT() REPRESENTATION_CONTEXT('2D SPACE',''
  ) );
#3717 = PCURVE('',#785,#3718);
#3718 = DEFINITIONAL_REPRESENTATION('',(#3719),#3723);
#3719 = LINE('',#3720,#3721);
#3720 = CARTESIAN_POINT('',(-6.28318530718,1.));
#3721 = VECTOR('',#3722,1.);
#3722 = DIRECTION('',(1.,-0.));
#3723 = ( GEOMETRIC_REPRESENTATION_CONTEXT(2) 
PARAMETRIC_REPRESENTATION_CONTEXT() REPRESENTATION_CONTEXT('2D SPACE',''
  ) );
#3724 = ORIENTED_EDGE('',*,*,#3725,.T.);
#3725 = EDGE_CURVE('',#3702,#3567,#3726,.T.);
#3726 = SURFACE_CURVE('',#3727,(#3731,#3737),.PCURVE_S1.);
#3727 = LINE('',#3728,#3729);
#3728 = CARTESIAN_POINT('',(31.,37.,0.));
#3729 = VECTOR('',#3730,1.);
#3730 = DIRECTION('',(-1.,0.,0.));
#3731 = PCURVE('',#98,#3732);
#3732 = DEFINITIONAL_REPRESENTATION('',(#3733),#3736);
#3733 = B_SPLINE_CURVE_WITH_KNOTS('',1,(#3734,#3735),.UNSPECIFIED.,.F.,
  .F.,(2,2),(-38.,-24.),.PIECEWISE_BEZIER_KNOTS.);
#3734 = CARTESIAN_POINT('',(61.,29.));
#3735 = CARTESIAN_POINT('',(47.,29.));
#3736 = ( GEOMETRIC_REPRESENTATION_CONTEXT(2) 
PARAMETRIC_REPRESENTATION_CONTEXT() REPRESENTATION_CONTEXT('2D SPACE',''
  ) );
#3737 = PCURVE('',#810,#3738);
#3738 = DEFINITIONAL_REPRESENTATION('',(#3739),#3742);
#3739 = B_SPLINE_CURVE_WITH_KNOTS('',1,(#3740,#3741),.UNSPECIFIED.,.F.,
  .F.,(2,2),(-38.,-24.),.PIECEWISE_BEZIER_KNOTS.);
#3740 = CARTESIAN_POINT('',(1.,15.));
#3741 = CARTESIAN_POINT('',(1.,1.));
#3742 = ( GEOMETRIC_REPRESENTATION_CONTEXT(2) 
PARAMETRIC_REPRESENTATION_CONTEXT() REPRESENTATION_CONTEXT('2D SPACE',''
  ) );
#3743 = FACE_BOUND('',#3744,.F.);
#3744 = EDGE_LOOP('',(#3745,#3771,#3792,#3816,#3837,#3861,#3882,#3906));
#3745 = ORIENTED_EDGE('',*,*,#3746,.F.);
#3746 = EDGE_CURVE('',#3747,#3749,#3751,.T.);
#3747 = VERTEX_POINT('',#3748);
#3748 = CARTESIAN_POINT('',(20.,77.,0.));
#3749 = VERTEX_POINT('',#3750);
#3750 = CARTESIAN_POINT('',(21.,76.,0.));
#3751 = SURFACE_CURVE('',#3752,(#3757,#3764),.PCURVE_S1.);
#3752 = CIRCLE('',#3753,1.);
#3753 = AXIS2_PLACEMENT_3D('',#3754,#3755,#3756);
#3754 = CARTESIAN_POINT('',(21.,77.,0.));
#3755 = DIRECTION('',(0.,0.,1.));
#3756 = DIRECTION('',(-1.,-0.,0.));
#3757 = PCURVE('',#98,#3758);
#3758 = DEFINITIONAL_REPRESENTATION('',(#3759),#3763);
#3759 = CIRCLE('',#3760,1.);
#3760 = AXIS2_PLACEMENT_2D('',#3761,#3762);
#3761 = CARTESIAN_POINT('',(13.,69.));
#3762 = DIRECTION('',(-1.,0.));
#3763 = ( GEOMETRIC_REPRESENTATION_CONTEXT(2) 
PARAMETRIC_REPRESENTATION_CONTEXT() REPRESENTATION_CONTEXT('2D SPACE',''
  ) );
#3764 = PCURVE('',#842,#3765);
#3765 = DEFINITIONAL_REPRESENTATION('',(#3766),#3770);
#3766 = LINE('',#3767,#3768);
#3767 = CARTESIAN_POINT('',(0.,1.));
#3768 = VECTOR('',#3769,1.);
#3769 = DIRECTION('',(1.,0.));
#3770 = ( GEOMETRIC_REPRESENTATION_CONTEXT(2) 
PARAMETRIC_REPRESENTATION_CONTEXT() REPRESENTATION_CONTEXT('2D SPACE',''
  ) );
#3771 = ORIENTED_EDGE('',*,*,#3772,.T.);
#3772 = EDGE_CURVE('',#3747,#3773,#3775,.T.);
#3773 = VERTEX_POINT('',#3774);
#3774 = CARTESIAN_POINT('',(20.,79.,0.));
#3775 = SURFACE_CURVE('',#3776,(#3780,#3786),.PCURVE_S1.);
#3776 = LINE('',#3777,#3778);
#3777 = CARTESIAN_POINT('',(20.,42.,0.));
#3778 = VECTOR('',#3779,1.);
#3779 = DIRECTION('',(0.,1.,0.));
#3780 = PCURVE('',#98,#3781);
#3781 = DEFINITIONAL_REPRESENTATION('',(#3782),#3785);
#3782 = B_SPLINE_CURVE_WITH_KNOTS('',1,(#3783,#3784),.UNSPECIFIED.,.F.,
  .F.,(2,2),(35.,37.),.PIECEWISE_BEZIER_KNOTS.);
#3783 = CARTESIAN_POINT('',(12.,69.));
#3784 = CARTESIAN_POINT('',(12.,71.));
#3785 = ( GEOMETRIC_REPRESENTATION_CONTEXT(2) 
PARAMETRIC_REPRESENTATION_CONTEXT() REPRESENTATION_CONTEXT('2D SPACE',''
  ) );
#3786 = PCURVE('',#869,#3787);
#3787 = DEFINITIONAL_REPRESENTATION('',(#3788),#3791);
#3788 = B_SPLINE_CURVE_WITH_KNOTS('',1,(#3789,#3790),.UNSPECIFIED.,.F.,
  .F.,(2,2),(35.,37.),.PIECEWISE_BEZIER_KNOTS.);
#3789 = CARTESIAN_POINT('',(1.,-1.));
#3790 = CARTESIAN_POINT('',(1.,-3.));
#3791 = ( GEOMETRIC_REPRESENTATION_CONTEXT(2) 
PARAMETRIC_REPRESENTATION_CONTEXT() REPRESENTATION_CONTEXT('2D SPACE',''
  ) );
#3792 = ORIENTED_EDGE('',*,*,#3793,.F.);
#3793 = EDGE_CURVE('',#3794,#3773,#3796,.T.);
#3794 = VERTEX_POINT('',#3795);
#3795 = CARTESIAN_POINT('',(21.,80.,0.));
#3796 = SURFACE_CURVE('',#3797,(#3802,#3809),.PCURVE_S1.);
#3797 = CIRCLE('',#3798,1.);
#3798 = AXIS2_PLACEMENT_3D('',#3799,#3800,#3801);
#3799 = CARTESIAN_POINT('',(21.,79.,0.));
#3800 = DIRECTION('',(0.,0.,1.));
#3801 = DIRECTION('',(-1.,-0.,0.));
#3802 = PCURVE('',#98,#3803);
#3803 = DEFINITIONAL_REPRESENTATION('',(#3804),#3808);
#3804 = CIRCLE('',#3805,1.);
#3805 = AXIS2_PLACEMENT_2D('',#3806,#3807);
#3806 = CARTESIAN_POINT('',(13.,71.));
#3807 = DIRECTION('',(-1.,0.));
#3808 = ( GEOMETRIC_REPRESENTATION_CONTEXT(2) 
PARAMETRIC_REPRESENTATION_CONTEXT() REPRESENTATION_CONTEXT('2D SPACE',''
  ) );
#3809 = PCURVE('',#897,#3810);
#3810 = DEFINITIONAL_REPRESENTATION('',(#3811),#3815);
#3811 = LINE('',#3812,#3813);
#3812 = CARTESIAN_POINT('',(-6.28318530718,1.));
#3813 = VECTOR('',#3814,1.);
#3814 = DIRECTION('',(1.,-0.));
#3815 = ( GEOMETRIC_REPRESENTATION_CONTEXT(2) 
PARAMETRIC_REPRESENTATION_CONTEXT() REPRESENTATION_CONTEXT('2D SPACE',''
  ) );
#3816 = ORIENTED_EDGE('',*,*,#3817,.F.);
#3817 = EDGE_CURVE('',#3818,#3794,#3820,.T.);
#3818 = VERTEX_POINT('',#3819);
#3819 = CARTESIAN_POINT('',(35.,80.,0.));
#3820 = SURFACE_CURVE('',#3821,(#3825,#3831),.PCURVE_S1.);
#3821 = LINE('',#3822,#3823);
#3822 = CARTESIAN_POINT('',(14.,80.,0.));
#3823 = VECTOR('',#3824,1.);
#3824 = DIRECTION('',(-1.,0.,0.));
#3825 = PCURVE('',#98,#3826);
#3826 = DEFINITIONAL_REPRESENTATION('',(#3827),#3830);
#3827 = B_SPLINE_CURVE_WITH_KNOTS('',1,(#3828,#3829),.UNSPECIFIED.,.F.,
  .F.,(2,2),(-21.,-7.),.PIECEWISE_BEZIER_KNOTS.);
#3828 = CARTESIAN_POINT('',(27.,72.));
#3829 = CARTESIAN_POINT('',(13.,72.));
#3830 = ( GEOMETRIC_REPRESENTATION_CONTEXT(2) 
PARAMETRIC_REPRESENTATION_CONTEXT() REPRESENTATION_CONTEXT('2D SPACE',''
  ) );
#3831 = PCURVE('',#924,#3832);
#3832 = DEFINITIONAL_REPRESENTATION('',(#3833),#3836);
#3833 = B_SPLINE_CURVE_WITH_KNOTS('',1,(#3834,#3835),.UNSPECIFIED.,.F.,
  .F.,(2,2),(-21.,-7.),.PIECEWISE_BEZIER_KNOTS.);
#3834 = CARTESIAN_POINT('',(1.,15.));
#3835 = CARTESIAN_POINT('',(1.,1.));
#3836 = ( GEOMETRIC_REPRESENTATION_CONTEXT(2) 
PARAMETRIC_REPRESENTATION_CONTEXT() REPRESENTATION_CONTEXT('2D SPACE',''
  ) );
#3837 = ORIENTED_EDGE('',*,*,#3838,.F.);
#3838 = EDGE_CURVE('',#3839,#3818,#3841,.T.);
#3839 = VERTEX_POINT('',#3840);
#3840 = CARTESIAN_POINT('',(36.,79.,0.));
#3841 = SURFACE_CURVE('',#3842,(#3847,#3854),.PCURVE_S1.);
#3842 = CIRCLE('',#3843,1.);
#3843 = AXIS2_PLACEMENT_3D('',#3844,#3845,#3846);
#3844 = CARTESIAN_POINT('',(35.,79.,0.));
#3845 = DIRECTION('',(0.,0.,1.));
#3846 = DIRECTION('',(1.,0.,-0.));
#3847 = PCURVE('',#98,#3848);
#3848 = DEFINITIONAL_REPRESENTATION('',(#3849),#3853);
#3849 = CIRCLE('',#3850,1.);
#3850 = AXIS2_PLACEMENT_2D('',#3851,#3852);
#3851 = CARTESIAN_POINT('',(27.,71.));
#3852 = DIRECTION('',(1.,0.));
#3853 = ( GEOMETRIC_REPRESENTATION_CONTEXT(2) 
PARAMETRIC_REPRESENTATION_CONTEXT() REPRESENTATION_CONTEXT('2D SPACE',''
  ) );
#3854 = PCURVE('',#952,#3855);
#3855 = DEFINITIONAL_REPRESENTATION('',(#3856),#3860);
#3856 = LINE('',#3857,#3858);
#3857 = CARTESIAN_POINT('',(0.,1.));
#3858 = VECTOR('',#3859,1.);
#3859 = DIRECTION('',(1.,0.));
#3860 = ( GEOMETRIC_REPRESENTATION_CONTEXT(2) 
PARAMETRIC_REPRESENTATION_CONTEXT() REPRESENTATION_CONTEXT('2D SPACE',''
  ) );
#3861 = ORIENTED_EDGE('',*,*,#3862,.F.);
#3862 = EDGE_CURVE('',#3863,#3839,#3865,.T.);
#3863 = VERTEX_POINT('',#3864);
#3864 = CARTESIAN_POINT('',(36.,77.,0.));
#3865 = SURFACE_CURVE('',#3866,(#3870,#3876),.PCURVE_S1.);
#3866 = LINE('',#3867,#3868);
#3867 = CARTESIAN_POINT('',(36.,42.,0.));
#3868 = VECTOR('',#3869,1.);
#3869 = DIRECTION('',(0.,1.,0.));
#3870 = PCURVE('',#98,#3871);
#3871 = DEFINITIONAL_REPRESENTATION('',(#3872),#3875);
#3872 = B_SPLINE_CURVE_WITH_KNOTS('',1,(#3873,#3874),.UNSPECIFIED.,.F.,
  .F.,(2,2),(35.,37.),.PIECEWISE_BEZIER_KNOTS.);
#3873 = CARTESIAN_POINT('',(28.,69.));
#3874 = CARTESIAN_POINT('',(28.,71.));
#3875 = ( GEOMETRIC_REPRESENTATION_CONTEXT(2) 
PARAMETRIC_REPRESENTATION_CONTEXT() REPRESENTATION_CONTEXT('2D SPACE',''
  ) );
#3876 = PCURVE('',#979,#3877);
#3877 = DEFINITIONAL_REPRESENTATION('',(#3878),#3881);
#3878 = B_SPLINE_CURVE_WITH_KNOTS('',1,(#3879,#3880),.UNSPECIFIED.,.F.,
  .F.,(2,2),(35.,37.),.PIECEWISE_BEZIER_KNOTS.);
#3879 = CARTESIAN_POINT('',(1.,-1.));
#3880 = CARTESIAN_POINT('',(1.,-3.));
#3881 = ( GEOMETRIC_REPRESENTATION_CONTEXT(2) 
PARAMETRIC_REPRESENTATION_CONTEXT() REPRESENTATION_CONTEXT('2D SPACE',''
  ) );
#3882 = ORIENTED_EDGE('',*,*,#3883,.F.);
#3883 = EDGE_CURVE('',#3884,#3863,#3886,.T.);
#3884 = VERTEX_POINT('',#3885);
#3885 = CARTESIAN_POINT('',(35.,76.,0.));
#3886 = SURFACE_CURVE('',#3887,(#3892,#3899),.PCURVE_S1.);
#3887 = CIRCLE('',#3888,1.);
#3888 = AXIS2_PLACEMENT_3D('',#3889,#3890,#3891);
#3889 = CARTESIAN_POINT('',(35.,77.,0.));
#3890 = DIRECTION('',(0.,0.,1.));
#3891 = DIRECTION('',(1.,0.,-0.));
#3892 = PCURVE('',#98,#3893);
#3893 = DEFINITIONAL_REPRESENTATION('',(#3894),#3898);
#3894 = CIRCLE('',#3895,1.);
#3895 = AXIS2_PLACEMENT_2D('',#3896,#3897);
#3896 = CARTESIAN_POINT('',(27.,69.));
#3897 = DIRECTION('',(1.,0.));
#3898 = ( GEOMETRIC_REPRESENTATION_CONTEXT(2) 
PARAMETRIC_REPRESENTATION_CONTEXT() REPRESENTATION_CONTEXT('2D SPACE',''
  ) );
#3899 = PCURVE('',#1007,#3900);
#3900 = DEFINITIONAL_REPRESENTATION('',(#3901),#3905);
#3901 = LINE('',#3902,#3903);
#3902 = CARTESIAN_POINT('',(-6.28318530718,1.));
#3903 = VECTOR('',#3904,1.);
#3904 = DIRECTION('',(1.,-0.));
#3905 = ( GEOMETRIC_REPRESENTATION_CONTEXT(2) 
PARAMETRIC_REPRESENTATION_CONTEXT() REPRESENTATION_CONTEXT('2D SPACE',''
  ) );
#3906 = ORIENTED_EDGE('',*,*,#3907,.T.);
#3907 = EDGE_CURVE('',#3884,#3749,#3908,.T.);
#3908 = SURFACE_CURVE('',#3909,(#3913,#3919),.PCURVE_S1.);
#3909 = LINE('',#3910,#3911);
#3910 = CARTESIAN_POINT('',(14.,76.,0.));
#3911 = VECTOR('',#3912,1.);
#3912 = DIRECTION('',(-1.,0.,0.));
#3913 = PCURVE('',#98,#3914);
#3914 = DEFINITIONAL_REPRESENTATION('',(#3915),#3918);
#3915 = B_SPLINE_CURVE_WITH_KNOTS('',1,(#3916,#3917),.UNSPECIFIED.,.F.,
  .F.,(2,2),(-21.,-7.),.PIECEWISE_BEZIER_KNOTS.);
#3916 = CARTESIAN_POINT('',(27.,68.));
#3917 = CARTESIAN_POINT('',(13.,68.));
#3918 = ( GEOMETRIC_REPRESENTATION_CONTEXT(2) 
PARAMETRIC_REPRESENTATION_CONTEXT() REPRESENTATION_CONTEXT('2D SPACE',''
  ) );
#3919 = PCURVE('',#1032,#3920);
#3920 = DEFINITIONAL_REPRESENTATION('',(#3921),#3924);
#3921 = B_SPLINE_CURVE_WITH_KNOTS('',1,(#3922,#3923),.UNSPECIFIED.,.F.,
  .F.,(2,2),(-21.,-7.),.PIECEWISE_BEZIER_KNOTS.);
#3922 = CARTESIAN_POINT('',(1.,15.));
#3923 = CARTESIAN_POINT('',(1.,1.));
#3924 = ( GEOMETRIC_REPRESENTATION_CONTEXT(2) 
PARAMETRIC_REPRESENTATION_CONTEXT() REPRESENTATION_CONTEXT('2D SPACE',''
  ) );
#3925 = FACE_BOUND('',#3926,.F.);
#3926 = EDGE_LOOP('',(#3927,#3953,#3974,#3998,#4019,#4043,#4064,#4088));
#3927 = ORIENTED_EDGE('',*,*,#3928,.F.);
#3928 = EDGE_CURVE('',#3929,#3931,#3933,.T.);
#3929 = VERTEX_POINT('',#3930);
#3930 = CARTESIAN_POINT('',(54.,77.,0.));
#3931 = VERTEX_POINT('',#3932);
#3932 = CARTESIAN_POINT('',(55.,76.,0.));
#3933 = SURFACE_CURVE('',#3934,(#3939,#3946),.PCURVE_S1.);
#3934 = CIRCLE('',#3935,1.);
#3935 = AXIS2_PLACEMENT_3D('',#3936,#3937,#3938);
#3936 = CARTESIAN_POINT('',(55.,77.,0.));
#3937 = DIRECTION('',(0.,0.,1.));
#3938 = DIRECTION('',(-1.,-0.,0.));
#3939 = PCURVE('',#98,#3940);
#3940 = DEFINITIONAL_REPRESENTATION('',(#3941),#3945);
#3941 = CIRCLE('',#3942,1.);
#3942 = AXIS2_PLACEMENT_2D('',#3943,#3944);
#3943 = CARTESIAN_POINT('',(47.,69.));
#3944 = DIRECTION('',(-1.,0.));
#3945 = ( GEOMETRIC_REPRESENTATION_CONTEXT(2) 
PARAMETRIC_REPRESENTATION_CONTEXT() REPRESENTATION_CONTEXT('2D SPACE',''
  ) );
#3946 = PCURVE('',#1064,#3947);
#3947 = DEFINITIONAL_REPRESENTATION('',(#3948),#3952);
#3948 = LINE('',#3949,#3950);
#3949 = CARTESIAN_POINT('',(0.,1.));
#3950 = VECTOR('',#3951,1.);
#3951 = DIRECTION('',(1.,0.));
#3952 = ( GEOMETRIC_REPRESENTATION_CONTEXT(2) 
PARAMETRIC_REPRESENTATION_CONTEXT() REPRESENTATION_CONTEXT('2D SPACE',''
  ) );
#3953 = ORIENTED_EDGE('',*,*,#3954,.T.);
#3954 = EDGE_CURVE('',#3929,#3955,#3957,.T.);
#3955 = VERTEX_POINT('',#3956);
#3956 = CARTESIAN_POINT('',(54.,79.,0.));
#3957 = SURFACE_CURVE('',#3958,(#3962,#3968),.PCURVE_S1.);
#3958 = LINE('',#3959,#3960);
#3959 = CARTESIAN_POINT('',(54.,42.,0.));
#3960 = VECTOR('',#3961,1.);
#3961 = DIRECTION('',(0.,1.,0.));
#3962 = PCURVE('',#98,#3963);
#3963 = DEFINITIONAL_REPRESENTATION('',(#3964),#3967);
#3964 = B_SPLINE_CURVE_WITH_KNOTS('',1,(#3965,#3966),.UNSPECIFIED.,.F.,
  .F.,(2,2),(35.,37.),.PIECEWISE_BEZIER_KNOTS.);
#3965 = CARTESIAN_POINT('',(46.,69.));
#3966 = CARTESIAN_POINT('',(46.,71.));
#3967 = ( GEOMETRIC_REPRESENTATION_CONTEXT(2) 
PARAMETRIC_REPRESENTATION_CONTEXT() REPRESENTATION_CONTEXT('2D SPACE',''
  ) );
#3968 = PCURVE('',#1091,#3969);
#3969 = DEFINITIONAL_REPRESENTATION('',(#3970),#3973);
#3970 = B_SPLINE_CURVE_WITH_KNOTS('',1,(#3971,#3972),.UNSPECIFIED.,.F.,
  .F.,(2,2),(35.,37.),.PIECEWISE_BEZIER_KNOTS.);
#3971 = CARTESIAN_POINT('',(1.,-1.));
#3972 = CARTESIAN_POINT('',(1.,-3.));
#3973 = ( GEOMETRIC_REPRESENTATION_CONTEXT(2) 
PARAMETRIC_REPRESENTATION_CONTEXT() REPRESENTATION_CONTEXT('2D SPACE',''
  ) );
#3974 = ORIENTED_EDGE('',*,*,#3975,.F.);
#3975 = EDGE_CURVE('',#3976,#3955,#3978,.T.);
#3976 = VERTEX_POINT('',#3977);
#3977 = CARTESIAN_POINT('',(55.,80.,0.));
#3978 = SURFACE_CURVE('',#3979,(#3984,#3991),.PCURVE_S1.);
#3979 = CIRCLE('',#3980,1.);
#3980 = AXIS2_PLACEMENT_3D('',#3981,#3982,#3983);
#3981 = CARTESIAN_POINT('',(55.,79.,0.));
#3982 = DIRECTION('',(0.,0.,1.));
#3983 = DIRECTION('',(-1.,-0.,0.));
#3984 = PCURVE('',#98,#3985);
#3985 = DEFINITIONAL_REPRESENTATION('',(#3986),#3990);
#3986 = CIRCLE('',#3987,1.);
#3987 = AXIS2_PLACEMENT_2D('',#3988,#3989);
#3988 = CARTESIAN_POINT('',(47.,71.));
#3989 = DIRECTION('',(-1.,0.));
#3990 = ( GEOMETRIC_REPRESENTATION_CONTEXT(2) 
PARAMETRIC_REPRESENTATION_CONTEXT() REPRESENTATION_CONTEXT('2D SPACE',''
  ) );
#3991 = PCURVE('',#1119,#3992);
#3992 = DEFINITIONAL_REPRESENTATION('',(#3993),#3997);
#3993 = LINE('',#3994,#3995);
#3994 = CARTESIAN_POINT('',(-6.28318530718,1.));
#3995 = VECTOR('',#3996,1.);
#3996 = DIRECTION('',(1.,-0.));
#3997 = ( GEOMETRIC_REPRESENTATION_CONTEXT(2) 
PARAMETRIC_REPRESENTATION_CONTEXT() REPRESENTATION_CONTEXT('2D SPACE',''
  ) );
#3998 = ORIENTED_EDGE('',*,*,#3999,.F.);
#3999 = EDGE_CURVE('',#4000,#3976,#4002,.T.);
#4000 = VERTEX_POINT('',#4001);
#4001 = CARTESIAN_POINT('',(69.,80.,0.));
#4002 = SURFACE_CURVE('',#4003,(#4007,#4013),.PCURVE_S1.);
#4003 = LINE('',#4004,#4005);
#4004 = CARTESIAN_POINT('',(31.,80.,0.));
#4005 = VECTOR('',#4006,1.);
#4006 = DIRECTION('',(-1.,0.,0.));
#4007 = PCURVE('',#98,#4008);
#4008 = DEFINITIONAL_REPRESENTATION('',(#4009),#4012);
#4009 = B_SPLINE_CURVE_WITH_KNOTS('',1,(#4010,#4011),.UNSPECIFIED.,.F.,
  .F.,(2,2),(-38.,-24.),.PIECEWISE_BEZIER_KNOTS.);
#4010 = CARTESIAN_POINT('',(61.,72.));
#4011 = CARTESIAN_POINT('',(47.,72.));
#4012 = ( GEOMETRIC_REPRESENTATION_CONTEXT(2) 
PARAMETRIC_REPRESENTATION_CONTEXT() REPRESENTATION_CONTEXT('2D SPACE',''
  ) );
#4013 = PCURVE('',#1146,#4014);
#4014 = DEFINITIONAL_REPRESENTATION('',(#4015),#4018);
#4015 = B_SPLINE_CURVE_WITH_KNOTS('',1,(#4016,#4017),.UNSPECIFIED.,.F.,
  .F.,(2,2),(-38.,-24.),.PIECEWISE_BEZIER_KNOTS.);
#4016 = CARTESIAN_POINT('',(1.,15.));
#4017 = CARTESIAN_POINT('',(1.,1.));
#4018 = ( GEOMETRIC_REPRESENTATION_CONTEXT(2) 
PARAMETRIC_REPRESENTATION_CONTEXT() REPRESENTATION_CONTEXT('2D SPACE',''
  ) );
#4019 = ORIENTED_EDGE('',*,*,#4020,.F.);
#4020 = EDGE_CURVE('',#4021,#4000,#4023,.T.);
#4021 = VERTEX_POINT('',#4022);
#4022 = CARTESIAN_POINT('',(70.,79.,0.));
#4023 = SURFACE_CURVE('',#4024,(#4029,#4036),.PCURVE_S1.);
#4024 = CIRCLE('',#4025,1.);
#4025 = AXIS2_PLACEMENT_3D('',#4026,#4027,#4028);
#4026 = CARTESIAN_POINT('',(69.,79.,0.));
#4027 = DIRECTION('',(0.,0.,1.));
#4028 = DIRECTION('',(1.,0.,-0.));
#4029 = PCURVE('',#98,#4030);
#4030 = DEFINITIONAL_REPRESENTATION('',(#4031),#4035);
#4031 = CIRCLE('',#4032,1.);
#4032 = AXIS2_PLACEMENT_2D('',#4033,#4034);
#4033 = CARTESIAN_POINT('',(61.,71.));
#4034 = DIRECTION('',(1.,0.));
#4035 = ( GEOMETRIC_REPRESENTATION_CONTEXT(2) 
PARAMETRIC_REPRESENTATION_CONTEXT() REPRESENTATION_CONTEXT('2D SPACE',''
  ) );
#4036 = PCURVE('',#1174,#4037);
#4037 = DEFINITIONAL_REPRESENTATION('',(#4038),#4042);
#4038 = LINE('',#4039,#4040);
#4039 = CARTESIAN_POINT('',(0.,1.));
#4040 = VECTOR('',#4041,1.);
#4041 = DIRECTION('',(1.,0.));
#4042 = ( GEOMETRIC_REPRESENTATION_CONTEXT(2) 
PARAMETRIC_REPRESENTATION_CONTEXT() REPRESENTATION_CONTEXT('2D SPACE',''
  ) );
#4043 = ORIENTED_EDGE('',*,*,#4044,.F.);
#4044 = EDGE_CURVE('',#4045,#4021,#4047,.T.);
#4045 = VERTEX_POINT('',#4046);
#4046 = CARTESIAN_POINT('',(70.,77.,0.));
#4047 = SURFACE_CURVE('',#4048,(#4052,#4058),.PCURVE_S1.);
#4048 = LINE('',#4049,#4050);
#4049 = CARTESIAN_POINT('',(70.,42.,0.));
#4050 = VECTOR('',#4051,1.);
#4051 = DIRECTION('',(0.,1.,0.));
#4052 = PCURVE('',#98,#4053);
#4053 = DEFINITIONAL_REPRESENTATION('',(#4054),#4057);
#4054 = B_SPLINE_CURVE_WITH_KNOTS('',1,(#4055,#4056),.UNSPECIFIED.,.F.,
  .F.,(2,2),(35.,37.),.PIECEWISE_BEZIER_KNOTS.);
#4055 = CARTESIAN_POINT('',(62.,69.));
#4056 = CARTESIAN_POINT('',(62.,71.));
#4057 = ( GEOMETRIC_REPRESENTATION_CONTEXT(2) 
PARAMETRIC_REPRESENTATION_CONTEXT() REPRESENTATION_CONTEXT('2D SPACE',''
  ) );
#4058 = PCURVE('',#1201,#4059);
#4059 = DEFINITIONAL_REPRESENTATION('',(#4060),#4063);
#4060 = B_SPLINE_CURVE_WITH_KNOTS('',1,(#4061,#4062),.UNSPECIFIED.,.F.,
  .F.,(2,2),(35.,37.),.PIECEWISE_BEZIER_KNOTS.);
#4061 = CARTESIAN_POINT('',(1.,-1.));
#4062 = CARTESIAN_POINT('',(1.,-3.));
#4063 = ( GEOMETRIC_REPRESENTATION_CONTEXT(2) 
PARAMETRIC_REPRESENTATION_CONTEXT() REPRESENTATION_CONTEXT('2D SPACE',''
  ) );
#4064 = ORIENTED_EDGE('',*,*,#4065,.F.);
#4065 = EDGE_CURVE('',#4066,#4045,#4068,.T.);
#4066 = VERTEX_POINT('',#4067);
#4067 = CARTESIAN_POINT('',(69.,76.,0.));
#4068 = SURFACE_CURVE('',#4069,(#4074,#4081),.PCURVE_S1.);
#4069 = CIRCLE('',#4070,1.);
#4070 = AXIS2_PLACEMENT_3D('',#4071,#4072,#4073);
#4071 = CARTESIAN_POINT('',(69.,77.,0.));
#4072 = DIRECTION('',(0.,0.,1.));
#4073 = DIRECTION('',(1.,0.,-0.));
#4074 = PCURVE('',#98,#4075);
#4075 = DEFINITIONAL_REPRESENTATION('',(#4076),#4080);
#4076 = CIRCLE('',#4077,1.);
#4077 = AXIS2_PLACEMENT_2D('',#4078,#4079);
#4078 = CARTESIAN_POINT('',(61.,69.));
#4079 = DIRECTION('',(1.,0.));
#4080 = ( GEOMETRIC_REPRESENTATION_CONTEXT(2) 
PARAMETRIC_REPRESENTATION_CONTEXT() REPRESENTATION_CONTEXT('2D SPACE',''
  ) );
#4081 = PCURVE('',#1229,#4082);
#4082 = DEFINITIONAL_REPRESENTATION('',(#4083),#4087);
#4083 = LINE('',#4084,#4085);
#4084 = CARTESIAN_POINT('',(-6.28318530718,1.));
#4085 = VECTOR('',#4086,1.);
#4086 = DIRECTION('',(1.,-0.));
#4087 = ( GEOMETRIC_REPRESENTATION_CONTEXT(2) 
PARAMETRIC_REPRESENTATION_CONTEXT() REPRESENTATION_CONTEXT('2D SPACE',''
  ) );
#4088 = ORIENTED_EDGE('',*,*,#4089,.T.);
#4089 = EDGE_CURVE('',#4066,#3931,#4090,.T.);
#4090 = SURFACE_CURVE('',#4091,(#4095,#4101),.PCURVE_S1.);
#4091 = LINE('',#4092,#4093);
#4092 = CARTESIAN_POINT('',(31.,76.,0.));
#4093 = VECTOR('',#4094,1.);
#4094 = DIRECTION('',(-1.,0.,0.));
#4095 = PCURVE('',#98,#4096);
#4096 = DEFINITIONAL_REPRESENTATION('',(#4097),#4100);
#4097 = B_SPLINE_CURVE_WITH_KNOTS('',1,(#4098,#4099),.UNSPECIFIED.,.F.,
  .F.,(2,2),(-38.,-24.),.PIECEWISE_BEZIER_KNOTS.);
#4098 = CARTESIAN_POINT('',(61.,68.));
#4099 = CARTESIAN_POINT('',(47.,68.));
#4100 = ( GEOMETRIC_REPRESENTATION_CONTEXT(2) 
PARAMETRIC_REPRESENTATION_CONTEXT() REPRESENTATION_CONTEXT('2D SPACE',''
  ) );
#4101 = PCURVE('',#1254,#4102);
#4102 = DEFINITIONAL_REPRESENTATION('',(#4103),#4106);
#4103 = B_SPLINE_CURVE_WITH_KNOTS('',1,(#4104,#4105),.UNSPECIFIED.,.F.,
  .F.,(2,2),(-38.,-24.),.PIECEWISE_BEZIER_KNOTS.);
#4104 = CARTESIAN_POINT('',(1.,15.));
#4105 = CARTESIAN_POINT('',(1.,1.));
#4106 = ( GEOMETRIC_REPRESENTATION_CONTEXT(2) 
PARAMETRIC_REPRESENTATION_CONTEXT() REPRESENTATION_CONTEXT('2D SPACE',''
  ) );
#4107 = FACE_BOUND('',#4108,.F.);
#4108 = EDGE_LOOP('',(#4109));
#4109 = ORIENTED_EDGE('',*,*,#4110,.T.);
#4110 = EDGE_CURVE('',#4111,#4111,#4113,.T.);
#4111 = VERTEX_POINT('',#4112);
#4112 = CARTESIAN_POINT('',(109.7,22.,0.));
#4113 = SURFACE_CURVE('',#4114,(#4119,#4130),.PCURVE_S1.);
#4114 = CIRCLE('',#4115,1.7);
#4115 = AXIS2_PLACEMENT_3D('',#4116,#4117,#4118);
#4116 = CARTESIAN_POINT('',(108.,22.,0.));
#4117 = DIRECTION('',(0.,0.,-1.));
#4118 = DIRECTION('',(1.,0.,0.));
#4119 = PCURVE('',#98,#4120);
#4120 = DEFINITIONAL_REPRESENTATION('',(#4121),#4129);
#4121 = ( BOUNDED_CURVE() B_SPLINE_CURVE(2,(#4122,#4123,#4124,#4125,
#4126,#4127,#4128),.UNSPECIFIED.,.T.,.F.) B_SPLINE_CURVE_WITH_KNOTS((1,2
    ,2,2,2,1),(-2.094395102393,0.,2.094395102393,4.188790204786,
6.28318530718,8.377580409573),.UNSPECIFIED.) CURVE() 
GEOMETRIC_REPRESENTATION_ITEM() RATIONAL_B_SPLINE_CURVE((1.,0.5,1.,0.5,
1.,0.5,1.)) REPRESENTATION_ITEM('') );
#4122 = CARTESIAN_POINT('',(101.7,14.));
#4123 = CARTESIAN_POINT('',(101.7,11.055513627133));
#4124 = CARTESIAN_POINT('',(99.15,12.527756813566));
#4125 = CARTESIAN_POINT('',(96.6,14.));
#4126 = CARTESIAN_POINT('',(99.15,15.472243186434));
#4127 = CARTESIAN_POINT('',(101.7,16.944486372867));
#4128 = CARTESIAN_POINT('',(101.7,14.));
#4129 = ( GEOMETRIC_REPRESENTATION_CONTEXT(2) 
PARAMETRIC_REPRESENTATION_CONTEXT() REPRESENTATION_CONTEXT('2D SPACE',''
  ) );
#4130 = PCURVE('',#1288,#4131);
#4131 = DEFINITIONAL_REPRESENTATION('',(#4132),#4136);
#4132 = LINE('',#4133,#4134);
#4133 = CARTESIAN_POINT('',(-6.28318530718,-1.));
#4134 = VECTOR('',#4135,1.);
#4135 = DIRECTION('',(1.,-0.));
#4136 = ( GEOMETRIC_REPRESENTATION_CONTEXT(2) 
PARAMETRIC_REPRESENTATION_CONTEXT() REPRESENTATION_CONTEXT('2D SPACE',''
  ) );
#4137 = FACE_BOUND('',#4138,.F.);
#4138 = EDGE_LOOP('',(#4139,#4165,#4186,#4210,#4231,#4255,#4276,#4300));
#4139 = ORIENTED_EDGE('',*,*,#4140,.F.);
#4140 = EDGE_CURVE('',#4141,#4143,#4145,.T.);
#4141 = VERTEX_POINT('',#4142);
#4142 = CARTESIAN_POINT('',(88.,38.,0.));
#4143 = VERTEX_POINT('',#4144);
#4144 = CARTESIAN_POINT('',(89.,37.,0.));
#4145 = SURFACE_CURVE('',#4146,(#4151,#4158),.PCURVE_S1.);
#4146 = CIRCLE('',#4147,1.);
#4147 = AXIS2_PLACEMENT_3D('',#4148,#4149,#4150);
#4148 = CARTESIAN_POINT('',(89.,38.,0.));
#4149 = DIRECTION('',(0.,0.,1.));
#4150 = DIRECTION('',(-1.,-0.,0.));
#4151 = PCURVE('',#98,#4152);
#4152 = DEFINITIONAL_REPRESENTATION('',(#4153),#4157);
#4153 = CIRCLE('',#4154,1.);
#4154 = AXIS2_PLACEMENT_2D('',#4155,#4156);
#4155 = CARTESIAN_POINT('',(81.,30.));
#4156 = DIRECTION('',(-1.,0.));
#4157 = ( GEOMETRIC_REPRESENTATION_CONTEXT(2) 
PARAMETRIC_REPRESENTATION_CONTEXT() REPRESENTATION_CONTEXT('2D SPACE',''
  ) );
#4158 = PCURVE('',#1321,#4159);
#4159 = DEFINITIONAL_REPRESENTATION('',(#4160),#4164);
#4160 = LINE('',#4161,#4162);
#4161 = CARTESIAN_POINT('',(0.,1.));
#4162 = VECTOR('',#4163,1.);
#4163 = DIRECTION('',(1.,0.));
#4164 = ( GEOMETRIC_REPRESENTATION_CONTEXT(2) 
PARAMETRIC_REPRESENTATION_CONTEXT() REPRESENTATION_CONTEXT('2D SPACE',''
  ) );
#4165 = ORIENTED_EDGE('',*,*,#4166,.T.);
#4166 = EDGE_CURVE('',#4141,#4167,#4169,.T.);
#4167 = VERTEX_POINT('',#4168);
#4168 = CARTESIAN_POINT('',(88.,40.,0.));
#4169 = SURFACE_CURVE('',#4170,(#4174,#4180),.PCURVE_S1.);
#4170 = LINE('',#4171,#4172);
#4171 = CARTESIAN_POINT('',(88.,22.5,0.));
#4172 = VECTOR('',#4173,1.);
#4173 = DIRECTION('',(0.,1.,0.));
#4174 = PCURVE('',#98,#4175);
#4175 = DEFINITIONAL_REPRESENTATION('',(#4176),#4179);
#4176 = B_SPLINE_CURVE_WITH_KNOTS('',1,(#4177,#4178),.UNSPECIFIED.,.F.,
  .F.,(2,2),(15.5,17.5),.PIECEWISE_BEZIER_KNOTS.);
#4177 = CARTESIAN_POINT('',(80.,30.));
#4178 = CARTESIAN_POINT('',(80.,32.));
#4179 = ( GEOMETRIC_REPRESENTATION_CONTEXT(2) 
PARAMETRIC_REPRESENTATION_CONTEXT() REPRESENTATION_CONTEXT('2D SPACE',''
  ) );
#4180 = PCURVE('',#1348,#4181);
#4181 = DEFINITIONAL_REPRESENTATION('',(#4182),#4185);
#4182 = B_SPLINE_CURVE_WITH_KNOTS('',1,(#4183,#4184),.UNSPECIFIED.,.F.,
  .F.,(2,2),(15.5,17.5),.PIECEWISE_BEZIER_KNOTS.);
#4183 = CARTESIAN_POINT('',(1.,-1.));
#4184 = CARTESIAN_POINT('',(1.,-3.));
#4185 = ( GEOMETRIC_REPRESENTATION_CONTEXT(2) 
PARAMETRIC_REPRESENTATION_CONTEXT() REPRESENTATION_CONTEXT('2D SPACE',''
  ) );
#4186 = ORIENTED_EDGE('',*,*,#4187,.F.);
#4187 = EDGE_CURVE('',#4188,#4167,#4190,.T.);
#4188 = VERTEX_POINT('',#4189);
#4189 = CARTESIAN_POINT('',(89.,41.,0.));
#4190 = SURFACE_CURVE('',#4191,(#4196,#4203),.PCURVE_S1.);
#4191 = CIRCLE('',#4192,1.);
#4192 = AXIS2_PLACEMENT_3D('',#4193,#4194,#4195);
#4193 = CARTESIAN_POINT('',(89.,40.,0.));
#4194 = DIRECTION('',(0.,0.,1.));
#4195 = DIRECTION('',(-1.,-0.,0.));
#4196 = PCURVE('',#98,#4197);
#4197 = DEFINITIONAL_REPRESENTATION('',(#4198),#4202);
#4198 = CIRCLE('',#4199,1.);
#4199 = AXIS2_PLACEMENT_2D('',#4200,#4201);
#4200 = CARTESIAN_POINT('',(81.,32.));
#4201 = DIRECTION('',(-1.,0.));
#4202 = ( GEOMETRIC_REPRESENTATION_CONTEXT(2) 
PARAMETRIC_REPRESENTATION_CONTEXT() REPRESENTATION_CONTEXT('2D SPACE',''
  ) );
#4203 = PCURVE('',#1376,#4204);
#4204 = DEFINITIONAL_REPRESENTATION('',(#4205),#4209);
#4205 = LINE('',#4206,#4207);
#4206 = CARTESIAN_POINT('',(-6.28318530718,1.));
#4207 = VECTOR('',#4208,1.);
#4208 = DIRECTION('',(1.,-0.));
#4209 = ( GEOMETRIC_REPRESENTATION_CONTEXT(2) 
PARAMETRIC_REPRESENTATION_CONTEXT() REPRESENTATION_CONTEXT('2D SPACE',''
  ) );
#4210 = ORIENTED_EDGE('',*,*,#4211,.F.);
#4211 = EDGE_CURVE('',#4212,#4188,#4214,.T.);
#4212 = VERTEX_POINT('',#4213);
#4213 = CARTESIAN_POINT('',(103.,41.,0.));
#4214 = SURFACE_CURVE('',#4215,(#4219,#4225),.PCURVE_S1.);
#4215 = LINE('',#4216,#4217);
#4216 = CARTESIAN_POINT('',(48.,41.,0.));
#4217 = VECTOR('',#4218,1.);
#4218 = DIRECTION('',(-1.,0.,0.));
#4219 = PCURVE('',#98,#4220);
#4220 = DEFINITIONAL_REPRESENTATION('',(#4221),#4224);
#4221 = B_SPLINE_CURVE_WITH_KNOTS('',1,(#4222,#4223),.UNSPECIFIED.,.F.,
  .F.,(2,2),(-55.,-41.),.PIECEWISE_BEZIER_KNOTS.);
#4222 = CARTESIAN_POINT('',(95.,33.));
#4223 = CARTESIAN_POINT('',(81.,33.));
#4224 = ( GEOMETRIC_REPRESENTATION_CONTEXT(2) 
PARAMETRIC_REPRESENTATION_CONTEXT() REPRESENTATION_CONTEXT('2D SPACE',''
  ) );
#4225 = PCURVE('',#1403,#4226);
#4226 = DEFINITIONAL_REPRESENTATION('',(#4227),#4230);
#4227 = B_SPLINE_CURVE_WITH_KNOTS('',1,(#4228,#4229),.UNSPECIFIED.,.F.,
  .F.,(2,2),(-55.,-41.),.PIECEWISE_BEZIER_KNOTS.);
#4228 = CARTESIAN_POINT('',(1.,15.));
#4229 = CARTESIAN_POINT('',(1.,1.));
#4230 = ( GEOMETRIC_REPRESENTATION_CONTEXT(2) 
PARAMETRIC_REPRESENTATION_CONTEXT() REPRESENTATION_CONTEXT('2D SPACE',''
  ) );
#4231 = ORIENTED_EDGE('',*,*,#4232,.F.);
#4232 = EDGE_CURVE('',#4233,#4212,#4235,.T.);
#4233 = VERTEX_POINT('',#4234);
#4234 = CARTESIAN_POINT('',(104.,40.,0.));
#4235 = SURFACE_CURVE('',#4236,(#4241,#4248),.PCURVE_S1.);
#4236 = CIRCLE('',#4237,1.);
#4237 = AXIS2_PLACEMENT_3D('',#4238,#4239,#4240);
#4238 = CARTESIAN_POINT('',(103.,40.,0.));
#4239 = DIRECTION('',(0.,0.,1.));
#4240 = DIRECTION('',(1.,0.,-0.));
#4241 = PCURVE('',#98,#4242);
#4242 = DEFINITIONAL_REPRESENTATION('',(#4243),#4247);
#4243 = CIRCLE('',#4244,1.);
#4244 = AXIS2_PLACEMENT_2D('',#4245,#4246);
#4245 = CARTESIAN_POINT('',(95.,32.));
#4246 = DIRECTION('',(1.,0.));
#4247 = ( GEOMETRIC_REPRESENTATION_CONTEXT(2) 
PARAMETRIC_REPRESENTATION_CONTEXT() REPRESENTATION_CONTEXT('2D SPACE',''
  ) );
#4248 = PCURVE('',#1431,#4249);
#4249 = DEFINITIONAL_REPRESENTATION('',(#4250),#4254);
#4250 = LINE('',#4251,#4252);
#4251 = CARTESIAN_POINT('',(0.,1.));
#4252 = VECTOR('',#4253,1.);
#4253 = DIRECTION('',(1.,0.));
#4254 = ( GEOMETRIC_REPRESENTATION_CONTEXT(2) 
PARAMETRIC_REPRESENTATION_CONTEXT() REPRESENTATION_CONTEXT('2D SPACE',''
  ) );
#4255 = ORIENTED_EDGE('',*,*,#4256,.F.);
#4256 = EDGE_CURVE('',#4257,#4233,#4259,.T.);
#4257 = VERTEX_POINT('',#4258);
#4258 = CARTESIAN_POINT('',(104.,38.,0.));
#4259 = SURFACE_CURVE('',#4260,(#4264,#4270),.PCURVE_S1.);
#4260 = LINE('',#4261,#4262);
#4261 = CARTESIAN_POINT('',(104.,22.5,0.));
#4262 = VECTOR('',#4263,1.);
#4263 = DIRECTION('',(0.,1.,0.));
#4264 = PCURVE('',#98,#4265);
#4265 = DEFINITIONAL_REPRESENTATION('',(#4266),#4269);
#4266 = B_SPLINE_CURVE_WITH_KNOTS('',1,(#4267,#4268),.UNSPECIFIED.,.F.,
  .F.,(2,2),(15.5,17.5),.PIECEWISE_BEZIER_KNOTS.);
#4267 = CARTESIAN_POINT('',(96.,30.));
#4268 = CARTESIAN_POINT('',(96.,32.));
#4269 = ( GEOMETRIC_REPRESENTATION_CONTEXT(2) 
PARAMETRIC_REPRESENTATION_CONTEXT() REPRESENTATION_CONTEXT('2D SPACE',''
  ) );
#4270 = PCURVE('',#1458,#4271);
#4271 = DEFINITIONAL_REPRESENTATION('',(#4272),#4275);
#4272 = B_SPLINE_CURVE_WITH_KNOTS('',1,(#4273,#4274),.UNSPECIFIED.,.F.,
  .F.,(2,2),(15.5,17.5),.PIECEWISE_BEZIER_KNOTS.);
#4273 = CARTESIAN_POINT('',(1.,-1.));
#4274 = CARTESIAN_POINT('',(1.,-3.));
#4275 = ( GEOMETRIC_REPRESENTATION_CONTEXT(2) 
PARAMETRIC_REPRESENTATION_CONTEXT() REPRESENTATION_CONTEXT('2D SPACE',''
  ) );
#4276 = ORIENTED_EDGE('',*,*,#4277,.F.);
#4277 = EDGE_CURVE('',#4278,#4257,#4280,.T.);
#4278 = VERTEX_POINT('',#4279);
#4279 = CARTESIAN_POINT('',(103.,37.,0.));
#4280 = SURFACE_CURVE('',#4281,(#4286,#4293),.PCURVE_S1.);
#4281 = CIRCLE('',#4282,1.);
#4282 = AXIS2_PLACEMENT_3D('',#4283,#4284,#4285);
#4283 = CARTESIAN_POINT('',(103.,38.,0.));
#4284 = DIRECTION('',(0.,0.,1.));
#4285 = DIRECTION('',(1.,0.,-0.));
#4286 = PCURVE('',#98,#4287);
#4287 = DEFINITIONAL_REPRESENTATION('',(#4288),#4292);
#4288 = CIRCLE('',#4289,1.);
#4289 = AXIS2_PLACEMENT_2D('',#4290,#4291);
#4290 = CARTESIAN_POINT('',(95.,30.));
#4291 = DIRECTION('',(1.,0.));
#4292 = ( GEOMETRIC_REPRESENTATION_CONTEXT(2) 
PARAMETRIC_REPRESENTATION_CONTEXT() REPRESENTATION_CONTEXT('2D SPACE',''
  ) );
#4293 = PCURVE('',#1486,#4294);
#4294 = DEFINITIONAL_REPRESENTATION('',(#4295),#4299);
#4295 = LINE('',#4296,#4297);
#4296 = CARTESIAN_POINT('',(-6.28318530718,1.));
#4297 = VECTOR('',#4298,1.);
#4298 = DIRECTION('',(1.,-0.));
#4299 = ( GEOMETRIC_REPRESENTATION_CONTEXT(2) 
PARAMETRIC_REPRESENTATION_CONTEXT() REPRESENTATION_CONTEXT('2D SPACE',''
  ) );
#4300 = ORIENTED_EDGE('',*,*,#4301,.T.);
#4301 = EDGE_CURVE('',#4278,#4143,#4302,.T.);
#4302 = SURFACE_CURVE('',#4303,(#4307,#4313),.PCURVE_S1.);
#4303 = LINE('',#4304,#4305);
#4304 = CARTESIAN_POINT('',(48.,37.,0.));
#4305 = VECTOR('',#4306,1.);
#4306 = DIRECTION('',(-1.,0.,0.));
#4307 = PCURVE('',#98,#4308);
#4308 = DEFINITIONAL_REPRESENTATION('',(#4309),#4312);
#4309 = B_SPLINE_CURVE_WITH_KNOTS('',1,(#4310,#4311),.UNSPECIFIED.,.F.,
  .F.,(2,2),(-55.,-41.),.PIECEWISE_BEZIER_KNOTS.);
#4310 = CARTESIAN_POINT('',(95.,29.));
#4311 = CARTESIAN_POINT('',(81.,29.));
#4312 = ( GEOMETRIC_REPRESENTATION_CONTEXT(2) 
PARAMETRIC_REPRESENTATION_CONTEXT() REPRESENTATION_CONTEXT('2D SPACE',''
  ) );
#4313 = PCURVE('',#1511,#4314);
#4314 = DEFINITIONAL_REPRESENTATION('',(#4315),#4318);
#4315 = B_SPLINE_CURVE_WITH_KNOTS('',1,(#4316,#4317),.UNSPECIFIED.,.F.,
  .F.,(2,2),(-55.,-41.),.PIECEWISE_BEZIER_KNOTS.);
#4316 = CARTESIAN_POINT('',(1.,15.));
#4317 = CARTESIAN_POINT('',(1.,1.));
#4318 = ( GEOMETRIC_REPRESENTATION_CONTEXT(2) 
PARAMETRIC_REPRESENTATION_CONTEXT() REPRESENTATION_CONTEXT('2D SPACE',''
  ) );
#4319 = FACE_BOUND('',#4320,.F.);
#4320 = EDGE_LOOP('',(#4321,#4347,#4368,#4392,#4413,#4437,#4458,#4482));
#4321 = ORIENTED_EDGE('',*,*,#4322,.F.);
#4322 = EDGE_CURVE('',#4323,#4325,#4327,.T.);
#4323 = VERTEX_POINT('',#4324);
#4324 = CARTESIAN_POINT('',(88.,77.,0.));
#4325 = VERTEX_POINT('',#4326);
#4326 = CARTESIAN_POINT('',(89.,76.,0.));
#4327 = SURFACE_CURVE('',#4328,(#4333,#4340),.PCURVE_S1.);
#4328 = CIRCLE('',#4329,1.);
#4329 = AXIS2_PLACEMENT_3D('',#4330,#4331,#4332);
#4330 = CARTESIAN_POINT('',(89.,77.,0.));
#4331 = DIRECTION('',(0.,0.,1.));
#4332 = DIRECTION('',(-1.,-0.,0.));
#4333 = PCURVE('',#98,#4334);
#4334 = DEFINITIONAL_REPRESENTATION('',(#4335),#4339);
#4335 = CIRCLE('',#4336,1.);
#4336 = AXIS2_PLACEMENT_2D('',#4337,#4338);
#4337 = CARTESIAN_POINT('',(81.,69.));
#4338 = DIRECTION('',(-1.,0.));
#4339 = ( GEOMETRIC_REPRESENTATION_CONTEXT(2) 
PARAMETRIC_REPRESENTATION_CONTEXT() REPRESENTATION_CONTEXT('2D SPACE',''
  ) );
#4340 = PCURVE('',#1543,#4341);
#4341 = DEFINITIONAL_REPRESENTATION('',(#4342),#4346);
#4342 = LINE('',#4343,#4344);
#4343 = CARTESIAN_POINT('',(0.,1.));
#4344 = VECTOR('',#4345,1.);
#4345 = DIRECTION('',(1.,0.));
#4346 = ( GEOMETRIC_REPRESENTATION_CONTEXT(2) 
PARAMETRIC_REPRESENTATION_CONTEXT() REPRESENTATION_CONTEXT('2D SPACE',''
  ) );
#4347 = ORIENTED_EDGE('',*,*,#4348,.T.);
#4348 = EDGE_CURVE('',#4323,#4349,#4351,.T.);
#4349 = VERTEX_POINT('',#4350);
#4350 = CARTESIAN_POINT('',(88.,79.,0.));
#4351 = SURFACE_CURVE('',#4352,(#4356,#4362),.PCURVE_S1.);
#4352 = LINE('',#4353,#4354);
#4353 = CARTESIAN_POINT('',(88.,42.,0.));
#4354 = VECTOR('',#4355,1.);
#4355 = DIRECTION('',(0.,1.,0.));
#4356 = PCURVE('',#98,#4357);
#4357 = DEFINITIONAL_REPRESENTATION('',(#4358),#4361);
#4358 = B_SPLINE_CURVE_WITH_KNOTS('',1,(#4359,#4360),.UNSPECIFIED.,.F.,
  .F.,(2,2),(35.,37.),.PIECEWISE_BEZIER_KNOTS.);
#4359 = CARTESIAN_POINT('',(80.,69.));
#4360 = CARTESIAN_POINT('',(80.,71.));
#4361 = ( GEOMETRIC_REPRESENTATION_CONTEXT(2) 
PARAMETRIC_REPRESENTATION_CONTEXT() REPRESENTATION_CONTEXT('2D SPACE',''
  ) );
#4362 = PCURVE('',#1570,#4363);
#4363 = DEFINITIONAL_REPRESENTATION('',(#4364),#4367);
#4364 = B_SPLINE_CURVE_WITH_KNOTS('',1,(#4365,#4366),.UNSPECIFIED.,.F.,
  .F.,(2,2),(35.,37.),.PIECEWISE_BEZIER_KNOTS.);
#4365 = CARTESIAN_POINT('',(1.,-1.));
#4366 = CARTESIAN_POINT('',(1.,-3.));
#4367 = ( GEOMETRIC_REPRESENTATION_CONTEXT(2) 
PARAMETRIC_REPRESENTATION_CONTEXT() REPRESENTATION_CONTEXT('2D SPACE',''
  ) );
#4368 = ORIENTED_EDGE('',*,*,#4369,.F.);
#4369 = EDGE_CURVE('',#4370,#4349,#4372,.T.);
#4370 = VERTEX_POINT('',#4371);
#4371 = CARTESIAN_POINT('',(89.,80.,0.));
#4372 = SURFACE_CURVE('',#4373,(#4378,#4385),.PCURVE_S1.);
#4373 = CIRCLE('',#4374,1.);
#4374 = AXIS2_PLACEMENT_3D('',#4375,#4376,#4377);
#4375 = CARTESIAN_POINT('',(89.,79.,0.));
#4376 = DIRECTION('',(0.,0.,1.));
#4377 = DIRECTION('',(-1.,-0.,0.));
#4378 = PCURVE('',#98,#4379);
#4379 = DEFINITIONAL_REPRESENTATION('',(#4380),#4384);
#4380 = CIRCLE('',#4381,1.);
#4381 = AXIS2_PLACEMENT_2D('',#4382,#4383);
#4382 = CARTESIAN_POINT('',(81.,71.));
#4383 = DIRECTION('',(-1.,0.));
#4384 = ( GEOMETRIC_REPRESENTATION_CONTEXT(2) 
PARAMETRIC_REPRESENTATION_CONTEXT() REPRESENTATION_CONTEXT('2D SPACE',''
  ) );
#4385 = PCURVE('',#1598,#4386);
#4386 = DEFINITIONAL_REPRESENTATION('',(#4387),#4391);
#4387 = LINE('',#4388,#4389);
#4388 = CARTESIAN_POINT('',(-6.28318530718,1.));
#4389 = VECTOR('',#4390,1.);
#4390 = DIRECTION('',(1.,-0.));
#4391 = ( GEOMETRIC_REPRESENTATION_CONTEXT(2) 
PARAMETRIC_REPRESENTATION_CONTEXT() REPRESENTATION_CONTEXT('2D SPACE',''
  ) );
#4392 = ORIENTED_EDGE('',*,*,#4393,.F.);
#4393 = EDGE_CURVE('',#4394,#4370,#4396,.T.);
#4394 = VERTEX_POINT('',#4395);
#4395 = CARTESIAN_POINT('',(103.,80.,0.));
#4396 = SURFACE_CURVE('',#4397,(#4401,#4407),.PCURVE_S1.);
#4397 = LINE('',#4398,#4399);
#4398 = CARTESIAN_POINT('',(48.,80.,0.));
#4399 = VECTOR('',#4400,1.);
#4400 = DIRECTION('',(-1.,0.,0.));
#4401 = PCURVE('',#98,#4402);
#4402 = DEFINITIONAL_REPRESENTATION('',(#4403),#4406);
#4403 = B_SPLINE_CURVE_WITH_KNOTS('',1,(#4404,#4405),.UNSPECIFIED.,.F.,
  .F.,(2,2),(-55.,-41.),.PIECEWISE_BEZIER_KNOTS.);
#4404 = CARTESIAN_POINT('',(95.,72.));
#4405 = CARTESIAN_POINT('',(81.,72.));
#4406 = ( GEOMETRIC_REPRESENTATION_CONTEXT(2) 
PARAMETRIC_REPRESENTATION_CONTEXT() REPRESENTATION_CONTEXT('2D SPACE',''
  ) );
#4407 = PCURVE('',#1625,#4408);
#4408 = DEFINITIONAL_REPRESENTATION('',(#4409),#4412);
#4409 = B_SPLINE_CURVE_WITH_KNOTS('',1,(#4410,#4411),.UNSPECIFIED.,.F.,
  .F.,(2,2),(-55.,-41.),.PIECEWISE_BEZIER_KNOTS.);
#4410 = CARTESIAN_POINT('',(1.,15.));
#4411 = CARTESIAN_POINT('',(1.,1.));
#4412 = ( GEOMETRIC_REPRESENTATION_CONTEXT(2) 
PARAMETRIC_REPRESENTATION_CONTEXT() REPRESENTATION_CONTEXT('2D SPACE',''
  ) );
#4413 = ORIENTED_EDGE('',*,*,#4414,.F.);
#4414 = EDGE_CURVE('',#4415,#4394,#4417,.T.);
#4415 = VERTEX_POINT('',#4416);
#4416 = CARTESIAN_POINT('',(104.,79.,0.));
#4417 = SURFACE_CURVE('',#4418,(#4423,#4430),.PCURVE_S1.);
#4418 = CIRCLE('',#4419,1.);
#4419 = AXIS2_PLACEMENT_3D('',#4420,#4421,#4422);
#4420 = CARTESIAN_POINT('',(103.,79.,0.));
#4421 = DIRECTION('',(0.,0.,1.));
#4422 = DIRECTION('',(1.,0.,-0.));
#4423 = PCURVE('',#98,#4424);
#4424 = DEFINITIONAL_REPRESENTATION('',(#4425),#4429);
#4425 = CIRCLE('',#4426,1.);
#4426 = AXIS2_PLACEMENT_2D('',#4427,#4428);
#4427 = CARTESIAN_POINT('',(95.,71.));
#4428 = DIRECTION('',(1.,0.));
#4429 = ( GEOMETRIC_REPRESENTATION_CONTEXT(2) 
PARAMETRIC_REPRESENTATION_CONTEXT() REPRESENTATION_CONTEXT('2D SPACE',''
  ) );
#4430 = PCURVE('',#1653,#4431);
#4431 = DEFINITIONAL_REPRESENTATION('',(#4432),#4436);
#4432 = LINE('',#4433,#4434);
#4433 = CARTESIAN_POINT('',(0.,1.));
#4434 = VECTOR('',#4435,1.);
#4435 = DIRECTION('',(1.,0.));
#4436 = ( GEOMETRIC_REPRESENTATION_CONTEXT(2) 
PARAMETRIC_REPRESENTATION_CONTEXT() REPRESENTATION_CONTEXT('2D SPACE',''
  ) );
#4437 = ORIENTED_EDGE('',*,*,#4438,.F.);
#4438 = EDGE_CURVE('',#4439,#4415,#4441,.T.);
#4439 = VERTEX_POINT('',#4440);
#4440 = CARTESIAN_POINT('',(104.,77.,0.));
#4441 = SURFACE_CURVE('',#4442,(#4446,#4452),.PCURVE_S1.);
#4442 = LINE('',#4443,#4444);
#4443 = CARTESIAN_POINT('',(104.,42.,0.));
#4444 = VECTOR('',#4445,1.);
#4445 = DIRECTION('',(0.,1.,0.));
#4446 = PCURVE('',#98,#4447);
#4447 = DEFINITIONAL_REPRESENTATION('',(#4448),#4451);
#4448 = B_SPLINE_CURVE_WITH_KNOTS('',1,(#4449,#4450),.UNSPECIFIED.,.F.,
  .F.,(2,2),(35.,37.),.PIECEWISE_BEZIER_KNOTS.);
#4449 = CARTESIAN_POINT('',(96.,69.));
#4450 = CARTESIAN_POINT('',(96.,71.));
#4451 = ( GEOMETRIC_REPRESENTATION_CONTEXT(2) 
PARAMETRIC_REPRESENTATION_CONTEXT() REPRESENTATION_CONTEXT('2D SPACE',''
  ) );
#4452 = PCURVE('',#1680,#4453);
#4453 = DEFINITIONAL_REPRESENTATION('',(#4454),#4457);
#4454 = B_SPLINE_CURVE_WITH_KNOTS('',1,(#4455,#4456),.UNSPECIFIED.,.F.,
  .F.,(2,2),(35.,37.),.PIECEWISE_BEZIER_KNOTS.);
#4455 = CARTESIAN_POINT('',(1.,-1.));
#4456 = CARTESIAN_POINT('',(1.,-3.));
#4457 = ( GEOMETRIC_REPRESENTATION_CONTEXT(2) 
PARAMETRIC_REPRESENTATION_CONTEXT() REPRESENTATION_CONTEXT('2D SPACE',''
  ) );
#4458 = ORIENTED_EDGE('',*,*,#4459,.F.);
#4459 = EDGE_CURVE('',#4460,#4439,#4462,.T.);
#4460 = VERTEX_POINT('',#4461);
#4461 = CARTESIAN_POINT('',(103.,76.,0.));
#4462 = SURFACE_CURVE('',#4463,(#4468,#4475),.PCURVE_S1.);
#4463 = CIRCLE('',#4464,1.);
#4464 = AXIS2_PLACEMENT_3D('',#4465,#4466,#4467);
#4465 = CARTESIAN_POINT('',(103.,77.,0.));
#4466 = DIRECTION('',(0.,0.,1.));
#4467 = DIRECTION('',(1.,0.,-0.));
#4468 = PCURVE('',#98,#4469);
#4469 = DEFINITIONAL_REPRESENTATION('',(#4470),#4474);
#4470 = CIRCLE('',#4471,1.);
#4471 = AXIS2_PLACEMENT_2D('',#4472,#4473);
#4472 = CARTESIAN_POINT('',(95.,69.));
#4473 = DIRECTION('',(1.,0.));
#4474 = ( GEOMETRIC_REPRESENTATION_CONTEXT(2) 
PARAMETRIC_REPRESENTATION_CONTEXT() REPRESENTATION_CONTEXT('2D SPACE',''
  ) );
#4475 = PCURVE('',#1708,#4476);
#4476 = DEFINITIONAL_REPRESENTATION('',(#4477),#4481);
#4477 = LINE('',#4478,#4479);
#4478 = CARTESIAN_POINT('',(-6.28318530718,1.));
#4479 = VECTOR('',#4480,1.);
#4480 = DIRECTION('',(1.,-0.));
#4481 = ( GEOMETRIC_REPRESENTATION_CONTEXT(2) 
PARAMETRIC_REPRESENTATION_CONTEXT() REPRESENTATION_CONTEXT('2D SPACE',''
  ) );
#4482 = ORIENTED_EDGE('',*,*,#4483,.T.);
#4483 = EDGE_CURVE('',#4460,#4325,#4484,.T.);
#4484 = SURFACE_CURVE('',#4485,(#4489,#4495),.PCURVE_S1.);
#4485 = LINE('',#4486,#4487);
#4486 = CARTESIAN_POINT('',(48.,76.,0.));
#4487 = VECTOR('',#4488,1.);
#4488 = DIRECTION('',(-1.,0.,0.));
#4489 = PCURVE('',#98,#4490);
#4490 = DEFINITIONAL_REPRESENTATION('',(#4491),#4494);
#4491 = B_SPLINE_CURVE_WITH_KNOTS('',1,(#4492,#4493),.UNSPECIFIED.,.F.,
  .F.,(2,2),(-55.,-41.),.PIECEWISE_BEZIER_KNOTS.);
#4492 = CARTESIAN_POINT('',(95.,68.));
#4493 = CARTESIAN_POINT('',(81.,68.));
#4494 = ( GEOMETRIC_REPRESENTATION_CONTEXT(2) 
PARAMETRIC_REPRESENTATION_CONTEXT() REPRESENTATION_CONTEXT('2D SPACE',''
  ) );
#4495 = PCURVE('',#1733,#4496);
#4496 = DEFINITIONAL_REPRESENTATION('',(#4497),#4500);
#4497 = B_SPLINE_CURVE_WITH_KNOTS('',1,(#4498,#4499),.UNSPECIFIED.,.F.,
  .F.,(2,2),(-55.,-41.),.PIECEWISE_BEZIER_KNOTS.);
#4498 = CARTESIAN_POINT('',(1.,15.));
#4499 = CARTESIAN_POINT('',(1.,1.));
#4500 = ( GEOMETRIC_REPRESENTATION_CONTEXT(2) 
PARAMETRIC_REPRESENTATION_CONTEXT() REPRESENTATION_CONTEXT('2D SPACE',''
  ) );
#4501 = FACE_BOUND('',#4502,.F.);
#4502 = EDGE_LOOP('',(#4503,#4529,#4550,#4574,#4595,#4619,#4640,#4664));
#4503 = ORIENTED_EDGE('',*,*,#4504,.F.);
#4504 = EDGE_CURVE('',#4505,#4507,#4509,.T.);
#4505 = VERTEX_POINT('',#4506);
#4506 = CARTESIAN_POINT('',(20.,116.,0.));
#4507 = VERTEX_POINT('',#4508);
#4508 = CARTESIAN_POINT('',(21.,115.,0.));
#4509 = SURFACE_CURVE('',#4510,(#4515,#4522),.PCURVE_S1.);
#4510 = CIRCLE('',#4511,1.);
#4511 = AXIS2_PLACEMENT_3D('',#4512,#4513,#4514);
#4512 = CARTESIAN_POINT('',(21.,116.,0.));
#4513 = DIRECTION('',(0.,0.,1.));
#4514 = DIRECTION('',(-1.,-0.,0.));
#4515 = PCURVE('',#98,#4516);
#4516 = DEFINITIONAL_REPRESENTATION('',(#4517),#4521);
#4517 = CIRCLE('',#4518,1.);
#4518 = AXIS2_PLACEMENT_2D('',#4519,#4520);
#4519 = CARTESIAN_POINT('',(13.,108.));
#4520 = DIRECTION('',(-1.,0.));
#4521 = ( GEOMETRIC_REPRESENTATION_CONTEXT(2) 
PARAMETRIC_REPRESENTATION_CONTEXT() REPRESENTATION_CONTEXT('2D SPACE',''
  ) );
#4522 = PCURVE('',#1765,#4523);
#4523 = DEFINITIONAL_REPRESENTATION('',(#4524),#4528);
#4524 = LINE('',#4525,#4526);
#4525 = CARTESIAN_POINT('',(0.,1.));
#4526 = VECTOR('',#4527,1.);
#4527 = DIRECTION('',(1.,0.));
#4528 = ( GEOMETRIC_REPRESENTATION_CONTEXT(2) 
PARAMETRIC_REPRESENTATION_CONTEXT() REPRESENTATION_CONTEXT('2D SPACE',''
  ) );
#4529 = ORIENTED_EDGE('',*,*,#4530,.T.);
#4530 = EDGE_CURVE('',#4505,#4531,#4533,.T.);
#4531 = VERTEX_POINT('',#4532);
#4532 = CARTESIAN_POINT('',(20.,118.,0.));
#4533 = SURFACE_CURVE('',#4534,(#4538,#4544),.PCURVE_S1.);
#4534 = LINE('',#4535,#4536);
#4535 = CARTESIAN_POINT('',(20.,61.5,0.));
#4536 = VECTOR('',#4537,1.);
#4537 = DIRECTION('',(0.,1.,0.));
#4538 = PCURVE('',#98,#4539);
#4539 = DEFINITIONAL_REPRESENTATION('',(#4540),#4543);
#4540 = B_SPLINE_CURVE_WITH_KNOTS('',1,(#4541,#4542),.UNSPECIFIED.,.F.,
  .F.,(2,2),(54.5,56.5),.PIECEWISE_BEZIER_KNOTS.);
#4541 = CARTESIAN_POINT('',(12.,108.));
#4542 = CARTESIAN_POINT('',(12.,110.));
#4543 = ( GEOMETRIC_REPRESENTATION_CONTEXT(2) 
PARAMETRIC_REPRESENTATION_CONTEXT() REPRESENTATION_CONTEXT('2D SPACE',''
  ) );
#4544 = PCURVE('',#1792,#4545);
#4545 = DEFINITIONAL_REPRESENTATION('',(#4546),#4549);
#4546 = B_SPLINE_CURVE_WITH_KNOTS('',1,(#4547,#4548),.UNSPECIFIED.,.F.,
  .F.,(2,2),(54.5,56.5),.PIECEWISE_BEZIER_KNOTS.);
#4547 = CARTESIAN_POINT('',(1.,-1.));
#4548 = CARTESIAN_POINT('',(1.,-3.));
#4549 = ( GEOMETRIC_REPRESENTATION_CONTEXT(2) 
PARAMETRIC_REPRESENTATION_CONTEXT() REPRESENTATION_CONTEXT('2D SPACE',''
  ) );
#4550 = ORIENTED_EDGE('',*,*,#4551,.F.);
#4551 = EDGE_CURVE('',#4552,#4531,#4554,.T.);
#4552 = VERTEX_POINT('',#4553);
#4553 = CARTESIAN_POINT('',(21.,119.,0.));
#4554 = SURFACE_CURVE('',#4555,(#4560,#4567),.PCURVE_S1.);
#4555 = CIRCLE('',#4556,1.);
#4556 = AXIS2_PLACEMENT_3D('',#4557,#4558,#4559);
#4557 = CARTESIAN_POINT('',(21.,118.,0.));
#4558 = DIRECTION('',(0.,0.,1.));
#4559 = DIRECTION('',(-1.,-0.,0.));
#4560 = PCURVE('',#98,#4561);
#4561 = DEFINITIONAL_REPRESENTATION('',(#4562),#4566);
#4562 = CIRCLE('',#4563,1.);
#4563 = AXIS2_PLACEMENT_2D('',#4564,#4565);
#4564 = CARTESIAN_POINT('',(13.,110.));
#4565 = DIRECTION('',(-1.,0.));
#4566 = ( GEOMETRIC_REPRESENTATION_CONTEXT(2) 
PARAMETRIC_REPRESENTATION_CONTEXT() REPRESENTATION_CONTEXT('2D SPACE',''
  ) );
#4567 = PCURVE('',#1820,#4568);
#4568 = DEFINITIONAL_REPRESENTATION('',(#4569),#4573);
#4569 = LINE('',#4570,#4571);
#4570 = CARTESIAN_POINT('',(-6.28318530718,1.));
#4571 = VECTOR('',#4572,1.);
#4572 = DIRECTION('',(1.,-0.));
#4573 = ( GEOMETRIC_REPRESENTATION_CONTEXT(2) 
PARAMETRIC_REPRESENTATION_CONTEXT() REPRESENTATION_CONTEXT('2D SPACE',''
  ) );
#4574 = ORIENTED_EDGE('',*,*,#4575,.F.);
#4575 = EDGE_CURVE('',#4576,#4552,#4578,.T.);
#4576 = VERTEX_POINT('',#4577);
#4577 = CARTESIAN_POINT('',(35.,119.,0.));
#4578 = SURFACE_CURVE('',#4579,(#4583,#4589),.PCURVE_S1.);
#4579 = LINE('',#4580,#4581);
#4580 = CARTESIAN_POINT('',(14.,119.,0.));
#4581 = VECTOR('',#4582,1.);
#4582 = DIRECTION('',(-1.,0.,0.));
#4583 = PCURVE('',#98,#4584);
#4584 = DEFINITIONAL_REPRESENTATION('',(#4585),#4588);
#4585 = B_SPLINE_CURVE_WITH_KNOTS('',1,(#4586,#4587),.UNSPECIFIED.,.F.,
  .F.,(2,2),(-21.,-7.),.PIECEWISE_BEZIER_KNOTS.);
#4586 = CARTESIAN_POINT('',(27.,111.));
#4587 = CARTESIAN_POINT('',(13.,111.));
#4588 = ( GEOMETRIC_REPRESENTATION_CONTEXT(2) 
PARAMETRIC_REPRESENTATION_CONTEXT() REPRESENTATION_CONTEXT('2D SPACE',''
  ) );
#4589 = PCURVE('',#1847,#4590);
#4590 = DEFINITIONAL_REPRESENTATION('',(#4591),#4594);
#4591 = B_SPLINE_CURVE_WITH_KNOTS('',1,(#4592,#4593),.UNSPECIFIED.,.F.,
  .F.,(2,2),(-21.,-7.),.PIECEWISE_BEZIER_KNOTS.);
#4592 = CARTESIAN_POINT('',(1.,15.));
#4593 = CARTESIAN_POINT('',(1.,1.));
#4594 = ( GEOMETRIC_REPRESENTATION_CONTEXT(2) 
PARAMETRIC_REPRESENTATION_CONTEXT() REPRESENTATION_CONTEXT('2D SPACE',''
  ) );
#4595 = ORIENTED_EDGE('',*,*,#4596,.F.);
#4596 = EDGE_CURVE('',#4597,#4576,#4599,.T.);
#4597 = VERTEX_POINT('',#4598);
#4598 = CARTESIAN_POINT('',(36.,118.,0.));
#4599 = SURFACE_CURVE('',#4600,(#4605,#4612),.PCURVE_S1.);
#4600 = CIRCLE('',#4601,1.);
#4601 = AXIS2_PLACEMENT_3D('',#4602,#4603,#4604);
#4602 = CARTESIAN_POINT('',(35.,118.,0.));
#4603 = DIRECTION('',(0.,0.,1.));
#4604 = DIRECTION('',(1.,0.,-0.));
#4605 = PCURVE('',#98,#4606);
#4606 = DEFINITIONAL_REPRESENTATION('',(#4607),#4611);
#4607 = CIRCLE('',#4608,1.);
#4608 = AXIS2_PLACEMENT_2D('',#4609,#4610);
#4609 = CARTESIAN_POINT('',(27.,110.));
#4610 = DIRECTION('',(1.,0.));
#4611 = ( GEOMETRIC_REPRESENTATION_CONTEXT(2) 
PARAMETRIC_REPRESENTATION_CONTEXT() REPRESENTATION_CONTEXT('2D SPACE',''
  ) );
#4612 = PCURVE('',#1875,#4613);
#4613 = DEFINITIONAL_REPRESENTATION('',(#4614),#4618);
#4614 = LINE('',#4615,#4616);
#4615 = CARTESIAN_POINT('',(0.,1.));
#4616 = VECTOR('',#4617,1.);
#4617 = DIRECTION('',(1.,0.));
#4618 = ( GEOMETRIC_REPRESENTATION_CONTEXT(2) 
PARAMETRIC_REPRESENTATION_CONTEXT() REPRESENTATION_CONTEXT('2D SPACE',''
  ) );
#4619 = ORIENTED_EDGE('',*,*,#4620,.F.);
#4620 = EDGE_CURVE('',#4621,#4597,#4623,.T.);
#4621 = VERTEX_POINT('',#4622);
#4622 = CARTESIAN_POINT('',(36.,116.,0.));
#4623 = SURFACE_CURVE('',#4624,(#4628,#4634),.PCURVE_S1.);
#4624 = LINE('',#4625,#4626);
#4625 = CARTESIAN_POINT('',(36.,61.5,0.));
#4626 = VECTOR('',#4627,1.);
#4627 = DIRECTION('',(0.,1.,0.));
#4628 = PCURVE('',#98,#4629);
#4629 = DEFINITIONAL_REPRESENTATION('',(#4630),#4633);
#4630 = B_SPLINE_CURVE_WITH_KNOTS('',1,(#4631,#4632),.UNSPECIFIED.,.F.,
  .F.,(2,2),(54.5,56.5),.PIECEWISE_BEZIER_KNOTS.);
#4631 = CARTESIAN_POINT('',(28.,108.));
#4632 = CARTESIAN_POINT('',(28.,110.));
#4633 = ( GEOMETRIC_REPRESENTATION_CONTEXT(2) 
PARAMETRIC_REPRESENTATION_CONTEXT() REPRESENTATION_CONTEXT('2D SPACE',''
  ) );
#4634 = PCURVE('',#1902,#4635);
#4635 = DEFINITIONAL_REPRESENTATION('',(#4636),#4639);
#4636 = B_SPLINE_CURVE_WITH_KNOTS('',1,(#4637,#4638),.UNSPECIFIED.,.F.,
  .F.,(2,2),(54.5,56.5),.PIECEWISE_BEZIER_KNOTS.);
#4637 = CARTESIAN_POINT('',(1.,-1.));
#4638 = CARTESIAN_POINT('',(1.,-3.));
#4639 = ( GEOMETRIC_REPRESENTATION_CONTEXT(2) 
PARAMETRIC_REPRESENTATION_CONTEXT() REPRESENTATION_CONTEXT('2D SPACE',''
  ) );
#4640 = ORIENTED_EDGE('',*,*,#4641,.F.);
#4641 = EDGE_CURVE('',#4642,#4621,#4644,.T.);
#4642 = VERTEX_POINT('',#4643);
#4643 = CARTESIAN_POINT('',(35.,115.,0.));
#4644 = SURFACE_CURVE('',#4645,(#4650,#4657),.PCURVE_S1.);
#4645 = CIRCLE('',#4646,1.);
#4646 = AXIS2_PLACEMENT_3D('',#4647,#4648,#4649);
#4647 = CARTESIAN_POINT('',(35.,116.,0.));
#4648 = DIRECTION('',(0.,0.,1.));
#4649 = DIRECTION('',(1.,0.,-0.));
#4650 = PCURVE('',#98,#4651);
#4651 = DEFINITIONAL_REPRESENTATION('',(#4652),#4656);
#4652 = CIRCLE('',#4653,1.);
#4653 = AXIS2_PLACEMENT_2D('',#4654,#4655);
#4654 = CARTESIAN_POINT('',(27.,108.));
#4655 = DIRECTION('',(1.,0.));
#4656 = ( GEOMETRIC_REPRESENTATION_CONTEXT(2) 
PARAMETRIC_REPRESENTATION_CONTEXT() REPRESENTATION_CONTEXT('2D SPACE',''
  ) );
#4657 = PCURVE('',#1930,#4658);
#4658 = DEFINITIONAL_REPRESENTATION('',(#4659),#4663);
#4659 = LINE('',#4660,#4661);
#4660 = CARTESIAN_POINT('',(-6.28318530718,1.));
#4661 = VECTOR('',#4662,1.);
#4662 = DIRECTION('',(1.,-0.));
#4663 = ( GEOMETRIC_REPRESENTATION_CONTEXT(2) 
PARAMETRIC_REPRESENTATION_CONTEXT() REPRESENTATION_CONTEXT('2D SPACE',''
  ) );
#4664 = ORIENTED_EDGE('',*,*,#4665,.T.);
#4665 = EDGE_CURVE('',#4642,#4507,#4666,.T.);
#4666 = SURFACE_CURVE('',#4667,(#4671,#4677),.PCURVE_S1.);
#4667 = LINE('',#4668,#4669);
#4668 = CARTESIAN_POINT('',(14.,115.,0.));
#4669 = VECTOR('',#4670,1.);
#4670 = DIRECTION('',(-1.,0.,0.));
#4671 = PCURVE('',#98,#4672);
#4672 = DEFINITIONAL_REPRESENTATION('',(#4673),#4676);
#4673 = B_SPLINE_CURVE_WITH_KNOTS('',1,(#4674,#4675),.UNSPECIFIED.,.F.,
  .F.,(2,2),(-21.,-7.),.PIECEWISE_BEZIER_KNOTS.);
#4674 = CARTESIAN_POINT('',(27.,107.));
#4675 = CARTESIAN_POINT('',(13.,107.));
#4676 = ( GEOMETRIC_REPRESENTATION_CONTEXT(2) 
PARAMETRIC_REPRESENTATION_CONTEXT() REPRESENTATION_CONTEXT('2D SPACE',''
  ) );
#4677 = PCURVE('',#1955,#4678);
#4678 = DEFINITIONAL_REPRESENTATION('',(#4679),#4682);
#4679 = B_SPLINE_CURVE_WITH_KNOTS('',1,(#4680,#4681),.UNSPECIFIED.,.F.,
  .F.,(2,2),(-21.,-7.),.PIECEWISE_BEZIER_KNOTS.);
#4680 = CARTESIAN_POINT('',(1.,15.));
#4681 = CARTESIAN_POINT('',(1.,1.));
#4682 = ( GEOMETRIC_REPRESENTATION_CONTEXT(2) 
PARAMETRIC_REPRESENTATION_CONTEXT() REPRESENTATION_CONTEXT('2D SPACE',''
  ) );
#4683 = FACE_BOUND('',#4684,.F.);
#4684 = EDGE_LOOP('',(#4685,#4711,#4732,#4756,#4777,#4801,#4822,#4846));
#4685 = ORIENTED_EDGE('',*,*,#4686,.F.);
#4686 = EDGE_CURVE('',#4687,#4689,#4691,.T.);
#4687 = VERTEX_POINT('',#4688);
#4688 = CARTESIAN_POINT('',(54.,116.,0.));
#4689 = VERTEX_POINT('',#4690);
#4690 = CARTESIAN_POINT('',(55.,115.,0.));
#4691 = SURFACE_CURVE('',#4692,(#4697,#4704),.PCURVE_S1.);
#4692 = CIRCLE('',#4693,1.);
#4693 = AXIS2_PLACEMENT_3D('',#4694,#4695,#4696);
#4694 = CARTESIAN_POINT('',(55.,116.,0.));
#4695 = DIRECTION('',(0.,0.,1.));
#4696 = DIRECTION('',(-1.,-0.,0.));
#4697 = PCURVE('',#98,#4698);
#4698 = DEFINITIONAL_REPRESENTATION('',(#4699),#4703);
#4699 = CIRCLE('',#4700,1.);
#4700 = AXIS2_PLACEMENT_2D('',#4701,#4702);
#4701 = CARTESIAN_POINT('',(47.,108.));
#4702 = DIRECTION('',(-1.,0.));
#4703 = ( GEOMETRIC_REPRESENTATION_CONTEXT(2) 
PARAMETRIC_REPRESENTATION_CONTEXT() REPRESENTATION_CONTEXT('2D SPACE',''
  ) );
#4704 = PCURVE('',#1987,#4705);
#4705 = DEFINITIONAL_REPRESENTATION('',(#4706),#4710);
#4706 = LINE('',#4707,#4708);
#4707 = CARTESIAN_POINT('',(0.,1.));
#4708 = VECTOR('',#4709,1.);
#4709 = DIRECTION('',(1.,0.));
#4710 = ( GEOMETRIC_REPRESENTATION_CONTEXT(2) 
PARAMETRIC_REPRESENTATION_CONTEXT() REPRESENTATION_CONTEXT('2D SPACE',''
  ) );
#4711 = ORIENTED_EDGE('',*,*,#4712,.T.);
#4712 = EDGE_CURVE('',#4687,#4713,#4715,.T.);
#4713 = VERTEX_POINT('',#4714);
#4714 = CARTESIAN_POINT('',(54.,118.,0.));
#4715 = SURFACE_CURVE('',#4716,(#4720,#4726),.PCURVE_S1.);
#4716 = LINE('',#4717,#4718);
#4717 = CARTESIAN_POINT('',(54.,61.5,0.));
#4718 = VECTOR('',#4719,1.);
#4719 = DIRECTION('',(0.,1.,0.));
#4720 = PCURVE('',#98,#4721);
#4721 = DEFINITIONAL_REPRESENTATION('',(#4722),#4725);
#4722 = B_SPLINE_CURVE_WITH_KNOTS('',1,(#4723,#4724),.UNSPECIFIED.,.F.,
  .F.,(2,2),(54.5,56.5),.PIECEWISE_BEZIER_KNOTS.);
#4723 = CARTESIAN_POINT('',(46.,108.));
#4724 = CARTESIAN_POINT('',(46.,110.));
#4725 = ( GEOMETRIC_REPRESENTATION_CONTEXT(2) 
PARAMETRIC_REPRESENTATION_CONTEXT() REPRESENTATION_CONTEXT('2D SPACE',''
  ) );
#4726 = PCURVE('',#2014,#4727);
#4727 = DEFINITIONAL_REPRESENTATION('',(#4728),#4731);
#4728 = B_SPLINE_CURVE_WITH_KNOTS('',1,(#4729,#4730),.UNSPECIFIED.,.F.,
  .F.,(2,2),(54.5,56.5),.PIECEWISE_BEZIER_KNOTS.);
#4729 = CARTESIAN_POINT('',(1.,-1.));
#4730 = CARTESIAN_POINT('',(1.,-3.));
#4731 = ( GEOMETRIC_REPRESENTATION_CONTEXT(2) 
PARAMETRIC_REPRESENTATION_CONTEXT() REPRESENTATION_CONTEXT('2D SPACE',''
  ) );
#4732 = ORIENTED_EDGE('',*,*,#4733,.F.);
#4733 = EDGE_CURVE('',#4734,#4713,#4736,.T.);
#4734 = VERTEX_POINT('',#4735);
#4735 = CARTESIAN_POINT('',(55.,119.,0.));
#4736 = SURFACE_CURVE('',#4737,(#4742,#4749),.PCURVE_S1.);
#4737 = CIRCLE('',#4738,1.);
#4738 = AXIS2_PLACEMENT_3D('',#4739,#4740,#4741);
#4739 = CARTESIAN_POINT('',(55.,118.,0.));
#4740 = DIRECTION('',(0.,0.,1.));
#4741 = DIRECTION('',(-1.,-0.,0.));
#4742 = PCURVE('',#98,#4743);
#4743 = DEFINITIONAL_REPRESENTATION('',(#4744),#4748);
#4744 = CIRCLE('',#4745,1.);
#4745 = AXIS2_PLACEMENT_2D('',#4746,#4747);
#4746 = CARTESIAN_POINT('',(47.,110.));
#4747 = DIRECTION('',(-1.,0.));
#4748 = ( GEOMETRIC_REPRESENTATION_CONTEXT(2) 
PARAMETRIC_REPRESENTATION_CONTEXT() REPRESENTATION_CONTEXT('2D SPACE',''
  ) );
#4749 = PCURVE('',#2042,#4750);
#4750 = DEFINITIONAL_REPRESENTATION('',(#4751),#4755);
#4751 = LINE('',#4752,#4753);
#4752 = CARTESIAN_POINT('',(-6.28318530718,1.));
#4753 = VECTOR('',#4754,1.);
#4754 = DIRECTION('',(1.,-0.));
#4755 = ( GEOMETRIC_REPRESENTATION_CONTEXT(2) 
PARAMETRIC_REPRESENTATION_CONTEXT() REPRESENTATION_CONTEXT('2D SPACE',''
  ) );
#4756 = ORIENTED_EDGE('',*,*,#4757,.F.);
#4757 = EDGE_CURVE('',#4758,#4734,#4760,.T.);
#4758 = VERTEX_POINT('',#4759);
#4759 = CARTESIAN_POINT('',(69.,119.,0.));
#4760 = SURFACE_CURVE('',#4761,(#4765,#4771),.PCURVE_S1.);
#4761 = LINE('',#4762,#4763);
#4762 = CARTESIAN_POINT('',(31.,119.,0.));
#4763 = VECTOR('',#4764,1.);
#4764 = DIRECTION('',(-1.,0.,0.));
#4765 = PCURVE('',#98,#4766);
#4766 = DEFINITIONAL_REPRESENTATION('',(#4767),#4770);
#4767 = B_SPLINE_CURVE_WITH_KNOTS('',1,(#4768,#4769),.UNSPECIFIED.,.F.,
  .F.,(2,2),(-38.,-24.),.PIECEWISE_BEZIER_KNOTS.);
#4768 = CARTESIAN_POINT('',(61.,111.));
#4769 = CARTESIAN_POINT('',(47.,111.));
#4770 = ( GEOMETRIC_REPRESENTATION_CONTEXT(2) 
PARAMETRIC_REPRESENTATION_CONTEXT() REPRESENTATION_CONTEXT('2D SPACE',''
  ) );
#4771 = PCURVE('',#2069,#4772);
#4772 = DEFINITIONAL_REPRESENTATION('',(#4773),#4776);
#4773 = B_SPLINE_CURVE_WITH_KNOTS('',1,(#4774,#4775),.UNSPECIFIED.,.F.,
  .F.,(2,2),(-38.,-24.),.PIECEWISE_BEZIER_KNOTS.);
#4774 = CARTESIAN_POINT('',(1.,15.));
#4775 = CARTESIAN_POINT('',(1.,1.));
#4776 = ( GEOMETRIC_REPRESENTATION_CONTEXT(2) 
PARAMETRIC_REPRESENTATION_CONTEXT() REPRESENTATION_CONTEXT('2D SPACE',''
  ) );
#4777 = ORIENTED_EDGE('',*,*,#4778,.F.);
#4778 = EDGE_CURVE('',#4779,#4758,#4781,.T.);
#4779 = VERTEX_POINT('',#4780);
#4780 = CARTESIAN_POINT('',(70.,118.,0.));
#4781 = SURFACE_CURVE('',#4782,(#4787,#4794),.PCURVE_S1.);
#4782 = CIRCLE('',#4783,1.);
#4783 = AXIS2_PLACEMENT_3D('',#4784,#4785,#4786);
#4784 = CARTESIAN_POINT('',(69.,118.,0.));
#4785 = DIRECTION('',(0.,0.,1.));
#4786 = DIRECTION('',(1.,0.,-0.));
#4787 = PCURVE('',#98,#4788);
#4788 = DEFINITIONAL_REPRESENTATION('',(#4789),#4793);
#4789 = CIRCLE('',#4790,1.);
#4790 = AXIS2_PLACEMENT_2D('',#4791,#4792);
#4791 = CARTESIAN_POINT('',(61.,110.));
#4792 = DIRECTION('',(1.,0.));
#4793 = ( GEOMETRIC_REPRESENTATION_CONTEXT(2) 
PARAMETRIC_REPRESENTATION_CONTEXT() REPRESENTATION_CONTEXT('2D SPACE',''
  ) );
#4794 = PCURVE('',#2097,#4795);
#4795 = DEFINITIONAL_REPRESENTATION('',(#4796),#4800);
#4796 = LINE('',#4797,#4798);
#4797 = CARTESIAN_POINT('',(0.,1.));
#4798 = VECTOR('',#4799,1.);
#4799 = DIRECTION('',(1.,0.));
#4800 = ( GEOMETRIC_REPRESENTATION_CONTEXT(2) 
PARAMETRIC_REPRESENTATION_CONTEXT() REPRESENTATION_CONTEXT('2D SPACE',''
  ) );
#4801 = ORIENTED_EDGE('',*,*,#4802,.F.);
#4802 = EDGE_CURVE('',#4803,#4779,#4805,.T.);
#4803 = VERTEX_POINT('',#4804);
#4804 = CARTESIAN_POINT('',(70.,116.,0.));
#4805 = SURFACE_CURVE('',#4806,(#4810,#4816),.PCURVE_S1.);
#4806 = LINE('',#4807,#4808);
#4807 = CARTESIAN_POINT('',(70.,61.5,0.));
#4808 = VECTOR('',#4809,1.);
#4809 = DIRECTION('',(0.,1.,0.));
#4810 = PCURVE('',#98,#4811);
#4811 = DEFINITIONAL_REPRESENTATION('',(#4812),#4815);
#4812 = B_SPLINE_CURVE_WITH_KNOTS('',1,(#4813,#4814),.UNSPECIFIED.,.F.,
  .F.,(2,2),(54.5,56.5),.PIECEWISE_BEZIER_KNOTS.);
#4813 = CARTESIAN_POINT('',(62.,108.));
#4814 = CARTESIAN_POINT('',(62.,110.));
#4815 = ( GEOMETRIC_REPRESENTATION_CONTEXT(2) 
PARAMETRIC_REPRESENTATION_CONTEXT() REPRESENTATION_CONTEXT('2D SPACE',''
  ) );
#4816 = PCURVE('',#2124,#4817);
#4817 = DEFINITIONAL_REPRESENTATION('',(#4818),#4821);
#4818 = B_SPLINE_CURVE_WITH_KNOTS('',1,(#4819,#4820),.UNSPECIFIED.,.F.,
  .F.,(2,2),(54.5,56.5),.PIECEWISE_BEZIER_KNOTS.);
#4819 = CARTESIAN_POINT('',(1.,-1.));
#4820 = CARTESIAN_POINT('',(1.,-3.));
#4821 = ( GEOMETRIC_REPRESENTATION_CONTEXT(2) 
PARAMETRIC_REPRESENTATION_CONTEXT() REPRESENTATION_CONTEXT('2D SPACE',''
  ) );
#4822 = ORIENTED_EDGE('',*,*,#4823,.F.);
#4823 = EDGE_CURVE('',#4824,#4803,#4826,.T.);
#4824 = VERTEX_POINT('',#4825);
#4825 = CARTESIAN_POINT('',(69.,115.,0.));
#4826 = SURFACE_CURVE('',#4827,(#4832,#4839),.PCURVE_S1.);
#4827 = CIRCLE('',#4828,1.);
#4828 = AXIS2_PLACEMENT_3D('',#4829,#4830,#4831);
#4829 = CARTESIAN_POINT('',(69.,116.,0.));
#4830 = DIRECTION('',(0.,0.,1.));
#4831 = DIRECTION('',(1.,0.,-0.));
#4832 = PCURVE('',#98,#4833);
#4833 = DEFINITIONAL_REPRESENTATION('',(#4834),#4838);
#4834 = CIRCLE('',#4835,1.);
#4835 = AXIS2_PLACEMENT_2D('',#4836,#4837);
#4836 = CARTESIAN_POINT('',(61.,108.));
#4837 = DIRECTION('',(1.,0.));
#4838 = ( GEOMETRIC_REPRESENTATION_CONTEXT(2) 
PARAMETRIC_REPRESENTATION_CONTEXT() REPRESENTATION_CONTEXT('2D SPACE',''
  ) );
#4839 = PCURVE('',#2152,#4840);
#4840 = DEFINITIONAL_REPRESENTATION('',(#4841),#4845);
#4841 = LINE('',#4842,#4843);
#4842 = CARTESIAN_POINT('',(-6.28318530718,1.));
#4843 = VECTOR('',#4844,1.);
#4844 = DIRECTION('',(1.,-0.));
#4845 = ( GEOMETRIC_REPRESENTATION_CONTEXT(2) 
PARAMETRIC_REPRESENTATION_CONTEXT() REPRESENTATION_CONTEXT('2D SPACE',''
  ) );
#4846 = ORIENTED_EDGE('',*,*,#4847,.T.);
#4847 = EDGE_CURVE('',#4824,#4689,#4848,.T.);
#4848 = SURFACE_CURVE('',#4849,(#4853,#4859),.PCURVE_S1.);
#4849 = LINE('',#4850,#4851);
#4850 = CARTESIAN_POINT('',(31.,115.,0.));
#4851 = VECTOR('',#4852,1.);
#4852 = DIRECTION('',(-1.,0.,0.));
#4853 = PCURVE('',#98,#4854);
#4854 = DEFINITIONAL_REPRESENTATION('',(#4855),#4858);
#4855 = B_SPLINE_CURVE_WITH_KNOTS('',1,(#4856,#4857),.UNSPECIFIED.,.F.,
  .F.,(2,2),(-38.,-24.),.PIECEWISE_BEZIER_KNOTS.);
#4856 = CARTESIAN_POINT('',(61.,107.));
#4857 = CARTESIAN_POINT('',(47.,107.));
#4858 = ( GEOMETRIC_REPRESENTATION_CONTEXT(2) 
PARAMETRIC_REPRESENTATION_CONTEXT() REPRESENTATION_CONTEXT('2D SPACE',''
  ) );
#4859 = PCURVE('',#2177,#4860);
#4860 = DEFINITIONAL_REPRESENTATION('',(#4861),#4864);
#4861 = B_SPLINE_CURVE_WITH_KNOTS('',1,(#4862,#4863),.UNSPECIFIED.,.F.,
  .F.,(2,2),(-38.,-24.),.PIECEWISE_BEZIER_KNOTS.);
#4862 = CARTESIAN_POINT('',(1.,15.));
#4863 = CARTESIAN_POINT('',(1.,1.));
#4864 = ( GEOMETRIC_REPRESENTATION_CONTEXT(2) 
PARAMETRIC_REPRESENTATION_CONTEXT() REPRESENTATION_CONTEXT('2D SPACE',''
  ) );
#4865 = FACE_BOUND('',#4866,.F.);
#4866 = EDGE_LOOP('',(#4867,#4893,#4914,#4938,#4959,#4983,#5004,#5028));
#4867 = ORIENTED_EDGE('',*,*,#4868,.F.);
#4868 = EDGE_CURVE('',#4869,#4871,#4873,.T.);
#4869 = VERTEX_POINT('',#4870);
#4870 = CARTESIAN_POINT('',(20.,147.,0.));
#4871 = VERTEX_POINT('',#4872);
#4872 = CARTESIAN_POINT('',(21.,146.,0.));
#4873 = SURFACE_CURVE('',#4874,(#4879,#4886),.PCURVE_S1.);
#4874 = CIRCLE('',#4875,1.);
#4875 = AXIS2_PLACEMENT_3D('',#4876,#4877,#4878);
#4876 = CARTESIAN_POINT('',(21.,147.,0.));
#4877 = DIRECTION('',(0.,0.,1.));
#4878 = DIRECTION('',(-1.,-0.,0.));
#4879 = PCURVE('',#98,#4880);
#4880 = DEFINITIONAL_REPRESENTATION('',(#4881),#4885);
#4881 = CIRCLE('',#4882,1.);
#4882 = AXIS2_PLACEMENT_2D('',#4883,#4884);
#4883 = CARTESIAN_POINT('',(13.,139.));
#4884 = DIRECTION('',(-1.,0.));
#4885 = ( GEOMETRIC_REPRESENTATION_CONTEXT(2) 
PARAMETRIC_REPRESENTATION_CONTEXT() REPRESENTATION_CONTEXT('2D SPACE',''
  ) );
#4886 = PCURVE('',#2209,#4887);
#4887 = DEFINITIONAL_REPRESENTATION('',(#4888),#4892);
#4888 = LINE('',#4889,#4890);
#4889 = CARTESIAN_POINT('',(0.,1.));
#4890 = VECTOR('',#4891,1.);
#4891 = DIRECTION('',(1.,0.));
#4892 = ( GEOMETRIC_REPRESENTATION_CONTEXT(2) 
PARAMETRIC_REPRESENTATION_CONTEXT() REPRESENTATION_CONTEXT('2D SPACE',''
  ) );
#4893 = ORIENTED_EDGE('',*,*,#4894,.T.);
#4894 = EDGE_CURVE('',#4869,#4895,#4897,.T.);
#4895 = VERTEX_POINT('',#4896);
#4896 = CARTESIAN_POINT('',(20.,149.,0.));
#4897 = SURFACE_CURVE('',#4898,(#4902,#4908),.PCURVE_S1.);
#4898 = LINE('',#4899,#4900);
#4899 = CARTESIAN_POINT('',(20.,77.,0.));
#4900 = VECTOR('',#4901,1.);
#4901 = DIRECTION('',(0.,1.,0.));
#4902 = PCURVE('',#98,#4903);
#4903 = DEFINITIONAL_REPRESENTATION('',(#4904),#4907);
#4904 = B_SPLINE_CURVE_WITH_KNOTS('',1,(#4905,#4906),.UNSPECIFIED.,.F.,
  .F.,(2,2),(70.,72.),.PIECEWISE_BEZIER_KNOTS.);
#4905 = CARTESIAN_POINT('',(12.,139.));
#4906 = CARTESIAN_POINT('',(12.,141.));
#4907 = ( GEOMETRIC_REPRESENTATION_CONTEXT(2) 
PARAMETRIC_REPRESENTATION_CONTEXT() REPRESENTATION_CONTEXT('2D SPACE',''
  ) );
#4908 = PCURVE('',#2236,#4909);
#4909 = DEFINITIONAL_REPRESENTATION('',(#4910),#4913);
#4910 = B_SPLINE_CURVE_WITH_KNOTS('',1,(#4911,#4912),.UNSPECIFIED.,.F.,
  .F.,(2,2),(70.,72.),.PIECEWISE_BEZIER_KNOTS.);
#4911 = CARTESIAN_POINT('',(1.,-1.));
#4912 = CARTESIAN_POINT('',(1.,-3.));
#4913 = ( GEOMETRIC_REPRESENTATION_CONTEXT(2) 
PARAMETRIC_REPRESENTATION_CONTEXT() REPRESENTATION_CONTEXT('2D SPACE',''
  ) );
#4914 = ORIENTED_EDGE('',*,*,#4915,.F.);
#4915 = EDGE_CURVE('',#4916,#4895,#4918,.T.);
#4916 = VERTEX_POINT('',#4917);
#4917 = CARTESIAN_POINT('',(21.,150.,0.));
#4918 = SURFACE_CURVE('',#4919,(#4924,#4931),.PCURVE_S1.);
#4919 = CIRCLE('',#4920,1.);
#4920 = AXIS2_PLACEMENT_3D('',#4921,#4922,#4923);
#4921 = CARTESIAN_POINT('',(21.,149.,0.));
#4922 = DIRECTION('',(0.,0.,1.));
#4923 = DIRECTION('',(-1.,-0.,0.));
#4924 = PCURVE('',#98,#4925);
#4925 = DEFINITIONAL_REPRESENTATION('',(#4926),#4930);
#4926 = CIRCLE('',#4927,1.);
#4927 = AXIS2_PLACEMENT_2D('',#4928,#4929);
#4928 = CARTESIAN_POINT('',(13.,141.));
#4929 = DIRECTION('',(-1.,0.));
#4930 = ( GEOMETRIC_REPRESENTATION_CONTEXT(2) 
PARAMETRIC_REPRESENTATION_CONTEXT() REPRESENTATION_CONTEXT('2D SPACE',''
  ) );
#4931 = PCURVE('',#2264,#4932);
#4932 = DEFINITIONAL_REPRESENTATION('',(#4933),#4937);
#4933 = LINE('',#4934,#4935);
#4934 = CARTESIAN_POINT('',(-6.28318530718,1.));
#4935 = VECTOR('',#4936,1.);
#4936 = DIRECTION('',(1.,-0.));
#4937 = ( GEOMETRIC_REPRESENTATION_CONTEXT(2) 
PARAMETRIC_REPRESENTATION_CONTEXT() REPRESENTATION_CONTEXT('2D SPACE',''
  ) );
#4938 = ORIENTED_EDGE('',*,*,#4939,.F.);
#4939 = EDGE_CURVE('',#4940,#4916,#4942,.T.);
#4940 = VERTEX_POINT('',#4941);
#4941 = CARTESIAN_POINT('',(35.,150.,0.));
#4942 = SURFACE_CURVE('',#4943,(#4947,#4953),.PCURVE_S1.);
#4943 = LINE('',#4944,#4945);
#4944 = CARTESIAN_POINT('',(14.,150.,0.));
#4945 = VECTOR('',#4946,1.);
#4946 = DIRECTION('',(-1.,0.,0.));
#4947 = PCURVE('',#98,#4948);
#4948 = DEFINITIONAL_REPRESENTATION('',(#4949),#4952);
#4949 = B_SPLINE_CURVE_WITH_KNOTS('',1,(#4950,#4951),.UNSPECIFIED.,.F.,
  .F.,(2,2),(-21.,-7.),.PIECEWISE_BEZIER_KNOTS.);
#4950 = CARTESIAN_POINT('',(27.,142.));
#4951 = CARTESIAN_POINT('',(13.,142.));
#4952 = ( GEOMETRIC_REPRESENTATION_CONTEXT(2) 
PARAMETRIC_REPRESENTATION_CONTEXT() REPRESENTATION_CONTEXT('2D SPACE',''
  ) );
#4953 = PCURVE('',#2291,#4954);
#4954 = DEFINITIONAL_REPRESENTATION('',(#4955),#4958);
#4955 = B_SPLINE_CURVE_WITH_KNOTS('',1,(#4956,#4957),.UNSPECIFIED.,.F.,
  .F.,(2,2),(-21.,-7.),.PIECEWISE_BEZIER_KNOTS.);
#4956 = CARTESIAN_POINT('',(1.,15.));
#4957 = CARTESIAN_POINT('',(1.,1.));
#4958 = ( GEOMETRIC_REPRESENTATION_CONTEXT(2) 
PARAMETRIC_REPRESENTATION_CONTEXT() REPRESENTATION_CONTEXT('2D SPACE',''
  ) );
#4959 = ORIENTED_EDGE('',*,*,#4960,.F.);
#4960 = EDGE_CURVE('',#4961,#4940,#4963,.T.);
#4961 = VERTEX_POINT('',#4962);
#4962 = CARTESIAN_POINT('',(36.,149.,0.));
#4963 = SURFACE_CURVE('',#4964,(#4969,#4976),.PCURVE_S1.);
#4964 = CIRCLE('',#4965,1.);
#4965 = AXIS2_PLACEMENT_3D('',#4966,#4967,#4968);
#4966 = CARTESIAN_POINT('',(35.,149.,0.));
#4967 = DIRECTION('',(0.,0.,1.));
#4968 = DIRECTION('',(1.,0.,-0.));
#4969 = PCURVE('',#98,#4970);
#4970 = DEFINITIONAL_REPRESENTATION('',(#4971),#4975);
#4971 = CIRCLE('',#4972,1.);
#4972 = AXIS2_PLACEMENT_2D('',#4973,#4974);
#4973 = CARTESIAN_POINT('',(27.,141.));
#4974 = DIRECTION('',(1.,0.));
#4975 = ( GEOMETRIC_REPRESENTATION_CONTEXT(2) 
PARAMETRIC_REPRESENTATION_CONTEXT() REPRESENTATION_CONTEXT('2D SPACE',''
  ) );
#4976 = PCURVE('',#2319,#4977);
#4977 = DEFINITIONAL_REPRESENTATION('',(#4978),#4982);
#4978 = LINE('',#4979,#4980);
#4979 = CARTESIAN_POINT('',(0.,1.));
#4980 = VECTOR('',#4981,1.);
#4981 = DIRECTION('',(1.,0.));
#4982 = ( GEOMETRIC_REPRESENTATION_CONTEXT(2) 
PARAMETRIC_REPRESENTATION_CONTEXT() REPRESENTATION_CONTEXT('2D SPACE',''
  ) );
#4983 = ORIENTED_EDGE('',*,*,#4984,.F.);
#4984 = EDGE_CURVE('',#4985,#4961,#4987,.T.);
#4985 = VERTEX_POINT('',#4986);
#4986 = CARTESIAN_POINT('',(36.,147.,0.));
#4987 = SURFACE_CURVE('',#4988,(#4992,#4998),.PCURVE_S1.);
#4988 = LINE('',#4989,#4990);
#4989 = CARTESIAN_POINT('',(36.,77.,0.));
#4990 = VECTOR('',#4991,1.);
#4991 = DIRECTION('',(0.,1.,0.));
#4992 = PCURVE('',#98,#4993);
#4993 = DEFINITIONAL_REPRESENTATION('',(#4994),#4997);
#4994 = B_SPLINE_CURVE_WITH_KNOTS('',1,(#4995,#4996),.UNSPECIFIED.,.F.,
  .F.,(2,2),(70.,72.),.PIECEWISE_BEZIER_KNOTS.);
#4995 = CARTESIAN_POINT('',(28.,139.));
#4996 = CARTESIAN_POINT('',(28.,141.));
#4997 = ( GEOMETRIC_REPRESENTATION_CONTEXT(2) 
PARAMETRIC_REPRESENTATION_CONTEXT() REPRESENTATION_CONTEXT('2D SPACE',''
  ) );
#4998 = PCURVE('',#2346,#4999);
#4999 = DEFINITIONAL_REPRESENTATION('',(#5000),#5003);
#5000 = B_SPLINE_CURVE_WITH_KNOTS('',1,(#5001,#5002),.UNSPECIFIED.,.F.,
  .F.,(2,2),(70.,72.),.PIECEWISE_BEZIER_KNOTS.);
#5001 = CARTESIAN_POINT('',(1.,-1.));
#5002 = CARTESIAN_POINT('',(1.,-3.));
#5003 = ( GEOMETRIC_REPRESENTATION_CONTEXT(2) 
PARAMETRIC_REPRESENTATION_CONTEXT() REPRESENTATION_CONTEXT('2D SPACE',''
  ) );
#5004 = ORIENTED_EDGE('',*,*,#5005,.F.);
#5005 = EDGE_CURVE('',#5006,#4985,#5008,.T.);
#5006 = VERTEX_POINT('',#5007);
#5007 = CARTESIAN_POINT('',(35.,146.,0.));
#5008 = SURFACE_CURVE('',#5009,(#5014,#5021),.PCURVE_S1.);
#5009 = CIRCLE('',#5010,1.);
#5010 = AXIS2_PLACEMENT_3D('',#5011,#5012,#5013);
#5011 = CARTESIAN_POINT('',(35.,147.,0.));
#5012 = DIRECTION('',(0.,0.,1.));
#5013 = DIRECTION('',(1.,0.,-0.));
#5014 = PCURVE('',#98,#5015);
#5015 = DEFINITIONAL_REPRESENTATION('',(#5016),#5020);
#5016 = CIRCLE('',#5017,1.);
#5017 = AXIS2_PLACEMENT_2D('',#5018,#5019);
#5018 = CARTESIAN_POINT('',(27.,139.));
#5019 = DIRECTION('',(1.,0.));
#5020 = ( GEOMETRIC_REPRESENTATION_CONTEXT(2) 
PARAMETRIC_REPRESENTATION_CONTEXT() REPRESENTATION_CONTEXT('2D SPACE',''
  ) );
#5021 = PCURVE('',#2374,#5022);
#5022 = DEFINITIONAL_REPRESENTATION('',(#5023),#5027);
#5023 = LINE('',#5024,#5025);
#5024 = CARTESIAN_POINT('',(-6.28318530718,1.));
#5025 = VECTOR('',#5026,1.);
#5026 = DIRECTION('',(1.,-0.));
#5027 = ( GEOMETRIC_REPRESENTATION_CONTEXT(2) 
PARAMETRIC_REPRESENTATION_CONTEXT() REPRESENTATION_CONTEXT('2D SPACE',''
  ) );
#5028 = ORIENTED_EDGE('',*,*,#5029,.T.);
#5029 = EDGE_CURVE('',#5006,#4871,#5030,.T.);
#5030 = SURFACE_CURVE('',#5031,(#5035,#5041),.PCURVE_S1.);
#5031 = LINE('',#5032,#5033);
#5032 = CARTESIAN_POINT('',(14.,146.,0.));
#5033 = VECTOR('',#5034,1.);
#5034 = DIRECTION('',(-1.,0.,0.));
#5035 = PCURVE('',#98,#5036);
#5036 = DEFINITIONAL_REPRESENTATION('',(#5037),#5040);
#5037 = B_SPLINE_CURVE_WITH_KNOTS('',1,(#5038,#5039),.UNSPECIFIED.,.F.,
  .F.,(2,2),(-21.,-7.),.PIECEWISE_BEZIER_KNOTS.);
#5038 = CARTESIAN_POINT('',(27.,138.));
#5039 = CARTESIAN_POINT('',(13.,138.));
#5040 = ( GEOMETRIC_REPRESENTATION_CONTEXT(2) 
PARAMETRIC_REPRESENTATION_CONTEXT() REPRESENTATION_CONTEXT('2D SPACE',''
  ) );
#5041 = PCURVE('',#2399,#5042);
#5042 = DEFINITIONAL_REPRESENTATION('',(#5043),#5046);
#5043 = B_SPLINE_CURVE_WITH_KNOTS('',1,(#5044,#5045),.UNSPECIFIED.,.F.,
  .F.,(2,2),(-21.,-7.),.PIECEWISE_BEZIER_KNOTS.);
#5044 = CARTESIAN_POINT('',(1.,15.));
#5045 = CARTESIAN_POINT('',(1.,1.));
#5046 = ( GEOMETRIC_REPRESENTATION_CONTEXT(2) 
PARAMETRIC_REPRESENTATION_CONTEXT() REPRESENTATION_CONTEXT('2D SPACE',''
  ) );
#5047 = FACE_BOUND('',#5048,.F.);
#5048 = EDGE_LOOP('',(#5049));
#5049 = ORIENTED_EDGE('',*,*,#5050,.T.);
#5050 = EDGE_CURVE('',#5051,#5051,#5053,.T.);
#5051 = VERTEX_POINT('',#5052);
#5052 = CARTESIAN_POINT('',(23.7,168.,0.));
#5053 = SURFACE_CURVE('',#5054,(#5059,#5070),.PCURVE_S1.);
#5054 = CIRCLE('',#5055,1.7);
#5055 = AXIS2_PLACEMENT_3D('',#5056,#5057,#5058);
#5056 = CARTESIAN_POINT('',(22.,168.,0.));
#5057 = DIRECTION('',(0.,0.,-1.));
#5058 = DIRECTION('',(1.,0.,0.));
#5059 = PCURVE('',#98,#5060);
#5060 = DEFINITIONAL_REPRESENTATION('',(#5061),#5069);
#5061 = ( BOUNDED_CURVE() B_SPLINE_CURVE(2,(#5062,#5063,#5064,#5065,
#5066,#5067,#5068),.UNSPECIFIED.,.T.,.F.) B_SPLINE_CURVE_WITH_KNOTS((1,2
    ,2,2,2,1),(-2.094395102393,0.,2.094395102393,4.188790204786,
6.28318530718,8.377580409573),.UNSPECIFIED.) CURVE() 
GEOMETRIC_REPRESENTATION_ITEM() RATIONAL_B_SPLINE_CURVE((1.,0.5,1.,0.5,
1.,0.5,1.)) REPRESENTATION_ITEM('') );
#5062 = CARTESIAN_POINT('',(15.7,160.));
#5063 = CARTESIAN_POINT('',(15.7,157.05551362713));
#5064 = CARTESIAN_POINT('',(13.15,158.52775681356));
#5065 = CARTESIAN_POINT('',(10.6,160.));
#5066 = CARTESIAN_POINT('',(13.15,161.47224318643));
#5067 = CARTESIAN_POINT('',(15.7,162.94448637286));
#5068 = CARTESIAN_POINT('',(15.7,160.));
#5069 = ( GEOMETRIC_REPRESENTATION_CONTEXT(2) 
PARAMETRIC_REPRESENTATION_CONTEXT() REPRESENTATION_CONTEXT('2D SPACE',''
  ) );
#5070 = PCURVE('',#2433,#5071);
#5071 = DEFINITIONAL_REPRESENTATION('',(#5072),#5076);
#5072 = LINE('',#5073,#5074);
#5073 = CARTESIAN_POINT('',(-6.28318530718,-1.));
#5074 = VECTOR('',#5075,1.);
#5075 = DIRECTION('',(1.,-0.));
#5076 = ( GEOMETRIC_REPRESENTATION_CONTEXT(2) 
PARAMETRIC_REPRESENTATION_CONTEXT() REPRESENTATION_CONTEXT('2D SPACE',''
  ) );
#5077 = FACE_BOUND('',#5078,.F.);
#5078 = EDGE_LOOP('',(#5079,#5105,#5126,#5150,#5171,#5195,#5216,#5240));
#5079 = ORIENTED_EDGE('',*,*,#5080,.F.);
#5080 = EDGE_CURVE('',#5081,#5083,#5085,.T.);
#5081 = VERTEX_POINT('',#5082);
#5082 = CARTESIAN_POINT('',(54.,147.,0.));
#5083 = VERTEX_POINT('',#5084);
#5084 = CARTESIAN_POINT('',(55.,146.,0.));
#5085 = SURFACE_CURVE('',#5086,(#5091,#5098),.PCURVE_S1.);
#5086 = CIRCLE('',#5087,1.);
#5087 = AXIS2_PLACEMENT_3D('',#5088,#5089,#5090);
#5088 = CARTESIAN_POINT('',(55.,147.,0.));
#5089 = DIRECTION('',(0.,0.,1.));
#5090 = DIRECTION('',(-1.,-0.,0.));
#5091 = PCURVE('',#98,#5092);
#5092 = DEFINITIONAL_REPRESENTATION('',(#5093),#5097);
#5093 = CIRCLE('',#5094,1.);
#5094 = AXIS2_PLACEMENT_2D('',#5095,#5096);
#5095 = CARTESIAN_POINT('',(47.,139.));
#5096 = DIRECTION('',(-1.,0.));
#5097 = ( GEOMETRIC_REPRESENTATION_CONTEXT(2) 
PARAMETRIC_REPRESENTATION_CONTEXT() REPRESENTATION_CONTEXT('2D SPACE',''
  ) );
#5098 = PCURVE('',#2466,#5099);
#5099 = DEFINITIONAL_REPRESENTATION('',(#5100),#5104);
#5100 = LINE('',#5101,#5102);
#5101 = CARTESIAN_POINT('',(0.,1.));
#5102 = VECTOR('',#5103,1.);
#5103 = DIRECTION('',(1.,0.));
#5104 = ( GEOMETRIC_REPRESENTATION_CONTEXT(2) 
PARAMETRIC_REPRESENTATION_CONTEXT() REPRESENTATION_CONTEXT('2D SPACE',''
  ) );
#5105 = ORIENTED_EDGE('',*,*,#5106,.T.);
#5106 = EDGE_CURVE('',#5081,#5107,#5109,.T.);
#5107 = VERTEX_POINT('',#5108);
#5108 = CARTESIAN_POINT('',(54.,149.,0.));
#5109 = SURFACE_CURVE('',#5110,(#5114,#5120),.PCURVE_S1.);
#5110 = LINE('',#5111,#5112);
#5111 = CARTESIAN_POINT('',(54.,77.,0.));
#5112 = VECTOR('',#5113,1.);
#5113 = DIRECTION('',(0.,1.,0.));
#5114 = PCURVE('',#98,#5115);
#5115 = DEFINITIONAL_REPRESENTATION('',(#5116),#5119);
#5116 = B_SPLINE_CURVE_WITH_KNOTS('',1,(#5117,#5118),.UNSPECIFIED.,.F.,
  .F.,(2,2),(70.,72.),.PIECEWISE_BEZIER_KNOTS.);
#5117 = CARTESIAN_POINT('',(46.,139.));
#5118 = CARTESIAN_POINT('',(46.,141.));
#5119 = ( GEOMETRIC_REPRESENTATION_CONTEXT(2) 
PARAMETRIC_REPRESENTATION_CONTEXT() REPRESENTATION_CONTEXT('2D SPACE',''
  ) );
#5120 = PCURVE('',#2493,#5121);
#5121 = DEFINITIONAL_REPRESENTATION('',(#5122),#5125);
#5122 = B_SPLINE_CURVE_WITH_KNOTS('',1,(#5123,#5124),.UNSPECIFIED.,.F.,
  .F.,(2,2),(70.,72.),.PIECEWISE_BEZIER_KNOTS.);
#5123 = CARTESIAN_POINT('',(1.,-1.));
#5124 = CARTESIAN_POINT('',(1.,-3.));
#5125 = ( GEOMETRIC_REPRESENTATION_CONTEXT(2) 
PARAMETRIC_REPRESENTATION_CONTEXT() REPRESENTATION_CONTEXT('2D SPACE',''
  ) );
#5126 = ORIENTED_EDGE('',*,*,#5127,.F.);
#5127 = EDGE_CURVE('',#5128,#5107,#5130,.T.);
#5128 = VERTEX_POINT('',#5129);
#5129 = CARTESIAN_POINT('',(55.,150.,0.));
#5130 = SURFACE_CURVE('',#5131,(#5136,#5143),.PCURVE_S1.);
#5131 = CIRCLE('',#5132,1.);
#5132 = AXIS2_PLACEMENT_3D('',#5133,#5134,#5135);
#5133 = CARTESIAN_POINT('',(55.,149.,0.));
#5134 = DIRECTION('',(0.,0.,1.));
#5135 = DIRECTION('',(-1.,-0.,0.));
#5136 = PCURVE('',#98,#5137);
#5137 = DEFINITIONAL_REPRESENTATION('',(#5138),#5142);
#5138 = CIRCLE('',#5139,1.);
#5139 = AXIS2_PLACEMENT_2D('',#5140,#5141);
#5140 = CARTESIAN_POINT('',(47.,141.));
#5141 = DIRECTION('',(-1.,0.));
#5142 = ( GEOMETRIC_REPRESENTATION_CONTEXT(2) 
PARAMETRIC_REPRESENTATION_CONTEXT() REPRESENTATION_CONTEXT('2D SPACE',''
  ) );
#5143 = PCURVE('',#2521,#5144);
#5144 = DEFINITIONAL_REPRESENTATION('',(#5145),#5149);
#5145 = LINE('',#5146,#5147);
#5146 = CARTESIAN_POINT('',(-6.28318530718,1.));
#5147 = VECTOR('',#5148,1.);
#5148 = DIRECTION('',(1.,-0.));
#5149 = ( GEOMETRIC_REPRESENTATION_CONTEXT(2) 
PARAMETRIC_REPRESENTATION_CONTEXT() REPRESENTATION_CONTEXT('2D SPACE',''
  ) );
#5150 = ORIENTED_EDGE('',*,*,#5151,.F.);
#5151 = EDGE_CURVE('',#5152,#5128,#5154,.T.);
#5152 = VERTEX_POINT('',#5153);
#5153 = CARTESIAN_POINT('',(69.,150.,0.));
#5154 = SURFACE_CURVE('',#5155,(#5159,#5165),.PCURVE_S1.);
#5155 = LINE('',#5156,#5157);
#5156 = CARTESIAN_POINT('',(31.,150.,0.));
#5157 = VECTOR('',#5158,1.);
#5158 = DIRECTION('',(-1.,0.,0.));
#5159 = PCURVE('',#98,#5160);
#5160 = DEFINITIONAL_REPRESENTATION('',(#5161),#5164);
#5161 = B_SPLINE_CURVE_WITH_KNOTS('',1,(#5162,#5163),.UNSPECIFIED.,.F.,
  .F.,(2,2),(-38.,-24.),.PIECEWISE_BEZIER_KNOTS.);
#5162 = CARTESIAN_POINT('',(61.,142.));
#5163 = CARTESIAN_POINT('',(47.,142.));
#5164 = ( GEOMETRIC_REPRESENTATION_CONTEXT(2) 
PARAMETRIC_REPRESENTATION_CONTEXT() REPRESENTATION_CONTEXT('2D SPACE',''
  ) );
#5165 = PCURVE('',#2548,#5166);
#5166 = DEFINITIONAL_REPRESENTATION('',(#5167),#5170);
#5167 = B_SPLINE_CURVE_WITH_KNOTS('',1,(#5168,#5169),.UNSPECIFIED.,.F.,
  .F.,(2,2),(-38.,-24.),.PIECEWISE_BEZIER_KNOTS.);
#5168 = CARTESIAN_POINT('',(1.,15.));
#5169 = CARTESIAN_POINT('',(1.,1.));
#5170 = ( GEOMETRIC_REPRESENTATION_CONTEXT(2) 
PARAMETRIC_REPRESENTATION_CONTEXT() REPRESENTATION_CONTEXT('2D SPACE',''
  ) );
#5171 = ORIENTED_EDGE('',*,*,#5172,.F.);
#5172 = EDGE_CURVE('',#5173,#5152,#5175,.T.);
#5173 = VERTEX_POINT('',#5174);
#5174 = CARTESIAN_POINT('',(70.,149.,0.));
#5175 = SURFACE_CURVE('',#5176,(#5181,#5188),.PCURVE_S1.);
#5176 = CIRCLE('',#5177,1.);
#5177 = AXIS2_PLACEMENT_3D('',#5178,#5179,#5180);
#5178 = CARTESIAN_POINT('',(69.,149.,0.));
#5179 = DIRECTION('',(0.,0.,1.));
#5180 = DIRECTION('',(1.,0.,-0.));
#5181 = PCURVE('',#98,#5182);
#5182 = DEFINITIONAL_REPRESENTATION('',(#5183),#5187);
#5183 = CIRCLE('',#5184,1.);
#5184 = AXIS2_PLACEMENT_2D('',#5185,#5186);
#5185 = CARTESIAN_POINT('',(61.,141.));
#5186 = DIRECTION('',(1.,0.));
#5187 = ( GEOMETRIC_REPRESENTATION_CONTEXT(2) 
PARAMETRIC_REPRESENTATION_CONTEXT() REPRESENTATION_CONTEXT('2D SPACE',''
  ) );
#5188 = PCURVE('',#2576,#5189);
#5189 = DEFINITIONAL_REPRESENTATION('',(#5190),#5194);
#5190 = LINE('',#5191,#5192);
#5191 = CARTESIAN_POINT('',(0.,1.));
#5192 = VECTOR('',#5193,1.);
#5193 = DIRECTION('',(1.,0.));
#5194 = ( GEOMETRIC_REPRESENTATION_CONTEXT(2) 
PARAMETRIC_REPRESENTATION_CONTEXT() REPRESENTATION_CONTEXT('2D SPACE',''
  ) );
#5195 = ORIENTED_EDGE('',*,*,#5196,.F.);
#5196 = EDGE_CURVE('',#5197,#5173,#5199,.T.);
#5197 = VERTEX_POINT('',#5198);
#5198 = CARTESIAN_POINT('',(70.,147.,0.));
#5199 = SURFACE_CURVE('',#5200,(#5204,#5210),.PCURVE_S1.);
#5200 = LINE('',#5201,#5202);
#5201 = CARTESIAN_POINT('',(70.,77.,0.));
#5202 = VECTOR('',#5203,1.);
#5203 = DIRECTION('',(0.,1.,0.));
#5204 = PCURVE('',#98,#5205);
#5205 = DEFINITIONAL_REPRESENTATION('',(#5206),#5209);
#5206 = B_SPLINE_CURVE_WITH_KNOTS('',1,(#5207,#5208),.UNSPECIFIED.,.F.,
  .F.,(2,2),(70.,72.),.PIECEWISE_BEZIER_KNOTS.);
#5207 = CARTESIAN_POINT('',(62.,139.));
#5208 = CARTESIAN_POINT('',(62.,141.));
#5209 = ( GEOMETRIC_REPRESENTATION_CONTEXT(2) 
PARAMETRIC_REPRESENTATION_CONTEXT() REPRESENTATION_CONTEXT('2D SPACE',''
  ) );
#5210 = PCURVE('',#2603,#5211);
#5211 = DEFINITIONAL_REPRESENTATION('',(#5212),#5215);
#5212 = B_SPLINE_CURVE_WITH_KNOTS('',1,(#5213,#5214),.UNSPECIFIED.,.F.,
  .F.,(2,2),(70.,72.),.PIECEWISE_BEZIER_KNOTS.);
#5213 = CARTESIAN_POINT('',(1.,-1.));
#5214 = CARTESIAN_POINT('',(1.,-3.));
#5215 = ( GEOMETRIC_REPRESENTATION_CONTEXT(2) 
PARAMETRIC_REPRESENTATION_CONTEXT() REPRESENTATION_CONTEXT('2D SPACE',''
  ) );
#5216 = ORIENTED_EDGE('',*,*,#5217,.F.);
#5217 = EDGE_CURVE('',#5218,#5197,#5220,.T.);
#5218 = VERTEX_POINT('',#5219);
#5219 = CARTESIAN_POINT('',(69.,146.,0.));
#5220 = SURFACE_CURVE('',#5221,(#5226,#5233),.PCURVE_S1.);
#5221 = CIRCLE('',#5222,1.);
#5222 = AXIS2_PLACEMENT_3D('',#5223,#5224,#5225);
#5223 = CARTESIAN_POINT('',(69.,147.,0.));
#5224 = DIRECTION('',(0.,0.,1.));
#5225 = DIRECTION('',(1.,0.,-0.));
#5226 = PCURVE('',#98,#5227);
#5227 = DEFINITIONAL_REPRESENTATION('',(#5228),#5232);
#5228 = CIRCLE('',#5229,1.);
#5229 = AXIS2_PLACEMENT_2D('',#5230,#5231);
#5230 = CARTESIAN_POINT('',(61.,139.));
#5231 = DIRECTION('',(1.,0.));
#5232 = ( GEOMETRIC_REPRESENTATION_CONTEXT(2) 
PARAMETRIC_REPRESENTATION_CONTEXT() REPRESENTATION_CONTEXT('2D SPACE',''
  ) );
#5233 = PCURVE('',#2631,#5234);
#5234 = DEFINITIONAL_REPRESENTATION('',(#5235),#5239);
#5235 = LINE('',#5236,#5237);
#5236 = CARTESIAN_POINT('',(-6.28318530718,1.));
#5237 = VECTOR('',#5238,1.);
#5238 = DIRECTION('',(1.,-0.));
#5239 = ( GEOMETRIC_REPRESENTATION_CONTEXT(2) 
PARAMETRIC_REPRESENTATION_CONTEXT() REPRESENTATION_CONTEXT('2D SPACE',''
  ) );
#5240 = ORIENTED_EDGE('',*,*,#5241,.T.);
#5241 = EDGE_CURVE('',#5218,#5083,#5242,.T.);
#5242 = SURFACE_CURVE('',#5243,(#5247,#5253),.PCURVE_S1.);
#5243 = LINE('',#5244,#5245);
#5244 = CARTESIAN_POINT('',(31.,146.,0.));
#5245 = VECTOR('',#5246,1.);
#5246 = DIRECTION('',(-1.,0.,0.));
#5247 = PCURVE('',#98,#5248);
#5248 = DEFINITIONAL_REPRESENTATION('',(#5249),#5252);
#5249 = B_SPLINE_CURVE_WITH_KNOTS('',1,(#5250,#5251),.UNSPECIFIED.,.F.,
  .F.,(2,2),(-38.,-24.),.PIECEWISE_BEZIER_KNOTS.);
#5250 = CARTESIAN_POINT('',(61.,138.));
#5251 = CARTESIAN_POINT('',(47.,138.));
#5252 = ( GEOMETRIC_REPRESENTATION_CONTEXT(2) 
PARAMETRIC_REPRESENTATION_CONTEXT() REPRESENTATION_CONTEXT('2D SPACE',''
  ) );
#5253 = PCURVE('',#2656,#5254);
#5254 = DEFINITIONAL_REPRESENTATION('',(#5255),#5258);
#5255 = B_SPLINE_CURVE_WITH_KNOTS('',1,(#5256,#5257),.UNSPECIFIED.,.F.,
  .F.,(2,2),(-38.,-24.),.PIECEWISE_BEZIER_KNOTS.);
#5256 = CARTESIAN_POINT('',(1.,15.));
#5257 = CARTESIAN_POINT('',(1.,1.));
#5258 = ( GEOMETRIC_REPRESENTATION_CONTEXT(2) 
PARAMETRIC_REPRESENTATION_CONTEXT() REPRESENTATION_CONTEXT('2D SPACE',''
  ) );
#5259 = FACE_BOUND('',#5260,.F.);
#5260 = EDGE_LOOP('',(#5261,#5287,#5308,#5332,#5353,#5377,#5398,#5422));
#5261 = ORIENTED_EDGE('',*,*,#5262,.F.);
#5262 = EDGE_CURVE('',#5263,#5265,#5267,.T.);
#5263 = VERTEX_POINT('',#5264);
#5264 = CARTESIAN_POINT('',(88.,116.,0.));
#5265 = VERTEX_POINT('',#5266);
#5266 = CARTESIAN_POINT('',(89.,115.,0.));
#5267 = SURFACE_CURVE('',#5268,(#5273,#5280),.PCURVE_S1.);
#5268 = CIRCLE('',#5269,1.);
#5269 = AXIS2_PLACEMENT_3D('',#5270,#5271,#5272);
#5270 = CARTESIAN_POINT('',(89.,116.,0.));
#5271 = DIRECTION('',(0.,0.,1.));
#5272 = DIRECTION('',(-1.,-0.,0.));
#5273 = PCURVE('',#98,#5274);
#5274 = DEFINITIONAL_REPRESENTATION('',(#5275),#5279);
#5275 = CIRCLE('',#5276,1.);
#5276 = AXIS2_PLACEMENT_2D('',#5277,#5278);
#5277 = CARTESIAN_POINT('',(81.,108.));
#5278 = DIRECTION('',(-1.,0.));
#5279 = ( GEOMETRIC_REPRESENTATION_CONTEXT(2) 
PARAMETRIC_REPRESENTATION_CONTEXT() REPRESENTATION_CONTEXT('2D SPACE',''
  ) );
#5280 = PCURVE('',#2688,#5281);
#5281 = DEFINITIONAL_REPRESENTATION('',(#5282),#5286);
#5282 = LINE('',#5283,#5284);
#5283 = CARTESIAN_POINT('',(0.,1.));
#5284 = VECTOR('',#5285,1.);
#5285 = DIRECTION('',(1.,0.));
#5286 = ( GEOMETRIC_REPRESENTATION_CONTEXT(2) 
PARAMETRIC_REPRESENTATION_CONTEXT() REPRESENTATION_CONTEXT('2D SPACE',''
  ) );
#5287 = ORIENTED_EDGE('',*,*,#5288,.T.);
#5288 = EDGE_CURVE('',#5263,#5289,#5291,.T.);
#5289 = VERTEX_POINT('',#5290);
#5290 = CARTESIAN_POINT('',(88.,118.,0.));
#5291 = SURFACE_CURVE('',#5292,(#5296,#5302),.PCURVE_S1.);
#5292 = LINE('',#5293,#5294);
#5293 = CARTESIAN_POINT('',(88.,61.5,0.));
#5294 = VECTOR('',#5295,1.);
#5295 = DIRECTION('',(0.,1.,0.));
#5296 = PCURVE('',#98,#5297);
#5297 = DEFINITIONAL_REPRESENTATION('',(#5298),#5301);
#5298 = B_SPLINE_CURVE_WITH_KNOTS('',1,(#5299,#5300),.UNSPECIFIED.,.F.,
  .F.,(2,2),(54.5,56.5),.PIECEWISE_BEZIER_KNOTS.);
#5299 = CARTESIAN_POINT('',(80.,108.));
#5300 = CARTESIAN_POINT('',(80.,110.));
#5301 = ( GEOMETRIC_REPRESENTATION_CONTEXT(2) 
PARAMETRIC_REPRESENTATION_CONTEXT() REPRESENTATION_CONTEXT('2D SPACE',''
  ) );
#5302 = PCURVE('',#2715,#5303);
#5303 = DEFINITIONAL_REPRESENTATION('',(#5304),#5307);
#5304 = B_SPLINE_CURVE_WITH_KNOTS('',1,(#5305,#5306),.UNSPECIFIED.,.F.,
  .F.,(2,2),(54.5,56.5),.PIECEWISE_BEZIER_KNOTS.);
#5305 = CARTESIAN_POINT('',(1.,-1.));
#5306 = CARTESIAN_POINT('',(1.,-3.));
#5307 = ( GEOMETRIC_REPRESENTATION_CONTEXT(2) 
PARAMETRIC_REPRESENTATION_CONTEXT() REPRESENTATION_CONTEXT('2D SPACE',''
  ) );
#5308 = ORIENTED_EDGE('',*,*,#5309,.F.);
#5309 = EDGE_CURVE('',#5310,#5289,#5312,.T.);
#5310 = VERTEX_POINT('',#5311);
#5311 = CARTESIAN_POINT('',(89.,119.,0.));
#5312 = SURFACE_CURVE('',#5313,(#5318,#5325),.PCURVE_S1.);
#5313 = CIRCLE('',#5314,1.);
#5314 = AXIS2_PLACEMENT_3D('',#5315,#5316,#5317);
#5315 = CARTESIAN_POINT('',(89.,118.,0.));
#5316 = DIRECTION('',(0.,0.,1.));
#5317 = DIRECTION('',(-1.,-0.,0.));
#5318 = PCURVE('',#98,#5319);
#5319 = DEFINITIONAL_REPRESENTATION('',(#5320),#5324);
#5320 = CIRCLE('',#5321,1.);
#5321 = AXIS2_PLACEMENT_2D('',#5322,#5323);
#5322 = CARTESIAN_POINT('',(81.,110.));
#5323 = DIRECTION('',(-1.,0.));
#5324 = ( GEOMETRIC_REPRESENTATION_CONTEXT(2) 
PARAMETRIC_REPRESENTATION_CONTEXT() REPRESENTATION_CONTEXT('2D SPACE',''
  ) );
#5325 = PCURVE('',#2743,#5326);
#5326 = DEFINITIONAL_REPRESENTATION('',(#5327),#5331);
#5327 = LINE('',#5328,#5329);
#5328 = CARTESIAN_POINT('',(-6.28318530718,1.));
#5329 = VECTOR('',#5330,1.);
#5330 = DIRECTION('',(1.,-0.));
#5331 = ( GEOMETRIC_REPRESENTATION_CONTEXT(2) 
PARAMETRIC_REPRESENTATION_CONTEXT() REPRESENTATION_CONTEXT('2D SPACE',''
  ) );
#5332 = ORIENTED_EDGE('',*,*,#5333,.F.);
#5333 = EDGE_CURVE('',#5334,#5310,#5336,.T.);
#5334 = VERTEX_POINT('',#5335);
#5335 = CARTESIAN_POINT('',(103.,119.,0.));
#5336 = SURFACE_CURVE('',#5337,(#5341,#5347),.PCURVE_S1.);
#5337 = LINE('',#5338,#5339);
#5338 = CARTESIAN_POINT('',(48.,119.,0.));
#5339 = VECTOR('',#5340,1.);
#5340 = DIRECTION('',(-1.,0.,0.));
#5341 = PCURVE('',#98,#5342);
#5342 = DEFINITIONAL_REPRESENTATION('',(#5343),#5346);
#5343 = B_SPLINE_CURVE_WITH_KNOTS('',1,(#5344,#5345),.UNSPECIFIED.,.F.,
  .F.,(2,2),(-55.,-41.),.PIECEWISE_BEZIER_KNOTS.);
#5344 = CARTESIAN_POINT('',(95.,111.));
#5345 = CARTESIAN_POINT('',(81.,111.));
#5346 = ( GEOMETRIC_REPRESENTATION_CONTEXT(2) 
PARAMETRIC_REPRESENTATION_CONTEXT() REPRESENTATION_CONTEXT('2D SPACE',''
  ) );
#5347 = PCURVE('',#2770,#5348);
#5348 = DEFINITIONAL_REPRESENTATION('',(#5349),#5352);
#5349 = B_SPLINE_CURVE_WITH_KNOTS('',1,(#5350,#5351),.UNSPECIFIED.,.F.,
  .F.,(2,2),(-55.,-41.),.PIECEWISE_BEZIER_KNOTS.);
#5350 = CARTESIAN_POINT('',(1.,15.));
#5351 = CARTESIAN_POINT('',(1.,1.));
#5352 = ( GEOMETRIC_REPRESENTATION_CONTEXT(2) 
PARAMETRIC_REPRESENTATION_CONTEXT() REPRESENTATION_CONTEXT('2D SPACE',''
  ) );
#5353 = ORIENTED_EDGE('',*,*,#5354,.F.);
#5354 = EDGE_CURVE('',#5355,#5334,#5357,.T.);
#5355 = VERTEX_POINT('',#5356);
#5356 = CARTESIAN_POINT('',(104.,118.,0.));
#5357 = SURFACE_CURVE('',#5358,(#5363,#5370),.PCURVE_S1.);
#5358 = CIRCLE('',#5359,1.);
#5359 = AXIS2_PLACEMENT_3D('',#5360,#5361,#5362);
#5360 = CARTESIAN_POINT('',(103.,118.,0.));
#5361 = DIRECTION('',(0.,0.,1.));
#5362 = DIRECTION('',(1.,0.,-0.));
#5363 = PCURVE('',#98,#5364);
#5364 = DEFINITIONAL_REPRESENTATION('',(#5365),#5369);
#5365 = CIRCLE('',#5366,1.);
#5366 = AXIS2_PLACEMENT_2D('',#5367,#5368);
#5367 = CARTESIAN_POINT('',(95.,110.));
#5368 = DIRECTION('',(1.,0.));
#5369 = ( GEOMETRIC_REPRESENTATION_CONTEXT(2) 
PARAMETRIC_REPRESENTATION_CONTEXT() REPRESENTATION_CONTEXT('2D SPACE',''
  ) );
#5370 = PCURVE('',#2798,#5371);
#5371 = DEFINITIONAL_REPRESENTATION('',(#5372),#5376);
#5372 = LINE('',#5373,#5374);
#5373 = CARTESIAN_POINT('',(0.,1.));
#5374 = VECTOR('',#5375,1.);
#5375 = DIRECTION('',(1.,0.));
#5376 = ( GEOMETRIC_REPRESENTATION_CONTEXT(2) 
PARAMETRIC_REPRESENTATION_CONTEXT() REPRESENTATION_CONTEXT('2D SPACE',''
  ) );
#5377 = ORIENTED_EDGE('',*,*,#5378,.F.);
#5378 = EDGE_CURVE('',#5379,#5355,#5381,.T.);
#5379 = VERTEX_POINT('',#5380);
#5380 = CARTESIAN_POINT('',(104.,116.,0.));
#5381 = SURFACE_CURVE('',#5382,(#5386,#5392),.PCURVE_S1.);
#5382 = LINE('',#5383,#5384);
#5383 = CARTESIAN_POINT('',(104.,61.5,0.));
#5384 = VECTOR('',#5385,1.);
#5385 = DIRECTION('',(0.,1.,0.));
#5386 = PCURVE('',#98,#5387);
#5387 = DEFINITIONAL_REPRESENTATION('',(#5388),#5391);
#5388 = B_SPLINE_CURVE_WITH_KNOTS('',1,(#5389,#5390),.UNSPECIFIED.,.F.,
  .F.,(2,2),(54.5,56.5),.PIECEWISE_BEZIER_KNOTS.);
#5389 = CARTESIAN_POINT('',(96.,108.));
#5390 = CARTESIAN_POINT('',(96.,110.));
#5391 = ( GEOMETRIC_REPRESENTATION_CONTEXT(2) 
PARAMETRIC_REPRESENTATION_CONTEXT() REPRESENTATION_CONTEXT('2D SPACE',''
  ) );
#5392 = PCURVE('',#2825,#5393);
#5393 = DEFINITIONAL_REPRESENTATION('',(#5394),#5397);
#5394 = B_SPLINE_CURVE_WITH_KNOTS('',1,(#5395,#5396),.UNSPECIFIED.,.F.,
  .F.,(2,2),(54.5,56.5),.PIECEWISE_BEZIER_KNOTS.);
#5395 = CARTESIAN_POINT('',(1.,-1.));
#5396 = CARTESIAN_POINT('',(1.,-3.));
#5397 = ( GEOMETRIC_REPRESENTATION_CONTEXT(2) 
PARAMETRIC_REPRESENTATION_CONTEXT() REPRESENTATION_CONTEXT('2D SPACE',''
  ) );
#5398 = ORIENTED_EDGE('',*,*,#5399,.F.);
#5399 = EDGE_CURVE('',#5400,#5379,#5402,.T.);
#5400 = VERTEX_POINT('',#5401);
#5401 = CARTESIAN_POINT('',(103.,115.,0.));
#5402 = SURFACE_CURVE('',#5403,(#5408,#5415),.PCURVE_S1.);
#5403 = CIRCLE('',#5404,1.);
#5404 = AXIS2_PLACEMENT_3D('',#5405,#5406,#5407);
#5405 = CARTESIAN_POINT('',(103.,116.,0.));
#5406 = DIRECTION('',(0.,0.,1.));
#5407 = DIRECTION('',(1.,0.,-0.));
#5408 = PCURVE('',#98,#5409);
#5409 = DEFINITIONAL_REPRESENTATION('',(#5410),#5414);
#5410 = CIRCLE('',#5411,1.);
#5411 = AXIS2_PLACEMENT_2D('',#5412,#5413);
#5412 = CARTESIAN_POINT('',(95.,108.));
#5413 = DIRECTION('',(1.,0.));
#5414 = ( GEOMETRIC_REPRESENTATION_CONTEXT(2) 
PARAMETRIC_REPRESENTATION_CONTEXT() REPRESENTATION_CONTEXT('2D SPACE',''
  ) );
#5415 = PCURVE('',#2853,#5416);
#5416 = DEFINITIONAL_REPRESENTATION('',(#5417),#5421);
#5417 = LINE('',#5418,#5419);
#5418 = CARTESIAN_POINT('',(-6.28318530718,1.));
#5419 = VECTOR('',#5420,1.);
#5420 = DIRECTION('',(1.,-0.));
#5421 = ( GEOMETRIC_REPRESENTATION_CONTEXT(2) 
PARAMETRIC_REPRESENTATION_CONTEXT() REPRESENTATION_CONTEXT('2D SPACE',''
  ) );
#5422 = ORIENTED_EDGE('',*,*,#5423,.T.);
#5423 = EDGE_CURVE('',#5400,#5265,#5424,.T.);
#5424 = SURFACE_CURVE('',#5425,(#5429,#5435),.PCURVE_S1.);
#5425 = LINE('',#5426,#5427);
#5426 = CARTESIAN_POINT('',(48.,115.,0.));
#5427 = VECTOR('',#5428,1.);
#5428 = DIRECTION('',(-1.,0.,0.));
#5429 = PCURVE('',#98,#5430);
#5430 = DEFINITIONAL_REPRESENTATION('',(#5431),#5434);
#5431 = B_SPLINE_CURVE_WITH_KNOTS('',1,(#5432,#5433),.UNSPECIFIED.,.F.,
  .F.,(2,2),(-55.,-41.),.PIECEWISE_BEZIER_KNOTS.);
#5432 = CARTESIAN_POINT('',(95.,107.));
#5433 = CARTESIAN_POINT('',(81.,107.));
#5434 = ( GEOMETRIC_REPRESENTATION_CONTEXT(2) 
PARAMETRIC_REPRESENTATION_CONTEXT() REPRESENTATION_CONTEXT('2D SPACE',''
  ) );
#5435 = PCURVE('',#2878,#5436);
#5436 = DEFINITIONAL_REPRESENTATION('',(#5437),#5440);
#5437 = B_SPLINE_CURVE_WITH_KNOTS('',1,(#5438,#5439),.UNSPECIFIED.,.F.,
  .F.,(2,2),(-55.,-41.),.PIECEWISE_BEZIER_KNOTS.);
#5438 = CARTESIAN_POINT('',(1.,15.));
#5439 = CARTESIAN_POINT('',(1.,1.));
#5440 = ( GEOMETRIC_REPRESENTATION_CONTEXT(2) 
PARAMETRIC_REPRESENTATION_CONTEXT() REPRESENTATION_CONTEXT('2D SPACE',''
  ) );
#5441 = FACE_BOUND('',#5442,.F.);
#5442 = EDGE_LOOP('',(#5443,#5469,#5490,#5514,#5535,#5559,#5580,#5604));
#5443 = ORIENTED_EDGE('',*,*,#5444,.F.);
#5444 = EDGE_CURVE('',#5445,#5447,#5449,.T.);
#5445 = VERTEX_POINT('',#5446);
#5446 = CARTESIAN_POINT('',(88.,147.,0.));
#5447 = VERTEX_POINT('',#5448);
#5448 = CARTESIAN_POINT('',(89.,146.,0.));
#5449 = SURFACE_CURVE('',#5450,(#5455,#5462),.PCURVE_S1.);
#5450 = CIRCLE('',#5451,1.);
#5451 = AXIS2_PLACEMENT_3D('',#5452,#5453,#5454);
#5452 = CARTESIAN_POINT('',(89.,147.,0.));
#5453 = DIRECTION('',(0.,0.,1.));
#5454 = DIRECTION('',(-1.,-0.,0.));
#5455 = PCURVE('',#98,#5456);
#5456 = DEFINITIONAL_REPRESENTATION('',(#5457),#5461);
#5457 = CIRCLE('',#5458,1.);
#5458 = AXIS2_PLACEMENT_2D('',#5459,#5460);
#5459 = CARTESIAN_POINT('',(81.,139.));
#5460 = DIRECTION('',(-1.,0.));
#5461 = ( GEOMETRIC_REPRESENTATION_CONTEXT(2) 
PARAMETRIC_REPRESENTATION_CONTEXT() REPRESENTATION_CONTEXT('2D SPACE',''
  ) );
#5462 = PCURVE('',#2910,#5463);
#5463 = DEFINITIONAL_REPRESENTATION('',(#5464),#5468);
#5464 = LINE('',#5465,#5466);
#5465 = CARTESIAN_POINT('',(0.,1.));
#5466 = VECTOR('',#5467,1.);
#5467 = DIRECTION('',(1.,0.));
#5468 = ( GEOMETRIC_REPRESENTATION_CONTEXT(2) 
PARAMETRIC_REPRESENTATION_CONTEXT() REPRESENTATION_CONTEXT('2D SPACE',''
  ) );
#5469 = ORIENTED_EDGE('',*,*,#5470,.T.);
#5470 = EDGE_CURVE('',#5445,#5471,#5473,.T.);
#5471 = VERTEX_POINT('',#5472);
#5472 = CARTESIAN_POINT('',(88.,149.,0.));
#5473 = SURFACE_CURVE('',#5474,(#5478,#5484),.PCURVE_S1.);
#5474 = LINE('',#5475,#5476);
#5475 = CARTESIAN_POINT('',(88.,77.,0.));
#5476 = VECTOR('',#5477,1.);
#5477 = DIRECTION('',(0.,1.,0.));
#5478 = PCURVE('',#98,#5479);
#5479 = DEFINITIONAL_REPRESENTATION('',(#5480),#5483);
#5480 = B_SPLINE_CURVE_WITH_KNOTS('',1,(#5481,#5482),.UNSPECIFIED.,.F.,
  .F.,(2,2),(70.,72.),.PIECEWISE_BEZIER_KNOTS.);
#5481 = CARTESIAN_POINT('',(80.,139.));
#5482 = CARTESIAN_POINT('',(80.,141.));
#5483 = ( GEOMETRIC_REPRESENTATION_CONTEXT(2) 
PARAMETRIC_REPRESENTATION_CONTEXT() REPRESENTATION_CONTEXT('2D SPACE',''
  ) );
#5484 = PCURVE('',#2937,#5485);
#5485 = DEFINITIONAL_REPRESENTATION('',(#5486),#5489);
#5486 = B_SPLINE_CURVE_WITH_KNOTS('',1,(#5487,#5488),.UNSPECIFIED.,.F.,
  .F.,(2,2),(70.,72.),.PIECEWISE_BEZIER_KNOTS.);
#5487 = CARTESIAN_POINT('',(1.,-1.));
#5488 = CARTESIAN_POINT('',(1.,-3.));
#5489 = ( GEOMETRIC_REPRESENTATION_CONTEXT(2) 
PARAMETRIC_REPRESENTATION_CONTEXT() REPRESENTATION_CONTEXT('2D SPACE',''
  ) );
#5490 = ORIENTED_EDGE('',*,*,#5491,.F.);
#5491 = EDGE_CURVE('',#5492,#5471,#5494,.T.);
#5492 = VERTEX_POINT('',#5493);
#5493 = CARTESIAN_POINT('',(89.,150.,0.));
#5494 = SURFACE_CURVE('',#5495,(#5500,#5507),.PCURVE_S1.);
#5495 = CIRCLE('',#5496,1.);
#5496 = AXIS2_PLACEMENT_3D('',#5497,#5498,#5499);
#5497 = CARTESIAN_POINT('',(89.,149.,0.));
#5498 = DIRECTION('',(0.,0.,1.));
#5499 = DIRECTION('',(-1.,-0.,0.));
#5500 = PCURVE('',#98,#5501);
#5501 = DEFINITIONAL_REPRESENTATION('',(#5502),#5506);
#5502 = CIRCLE('',#5503,1.);
#5503 = AXIS2_PLACEMENT_2D('',#5504,#5505);
#5504 = CARTESIAN_POINT('',(81.,141.));
#5505 = DIRECTION('',(-1.,0.));
#5506 = ( GEOMETRIC_REPRESENTATION_CONTEXT(2) 
PARAMETRIC_REPRESENTATION_CONTEXT() REPRESENTATION_CONTEXT('2D SPACE',''
  ) );
#5507 = PCURVE('',#2965,#5508);
#5508 = DEFINITIONAL_REPRESENTATION('',(#5509),#5513);
#5509 = LINE('',#5510,#5511);
#5510 = CARTESIAN_POINT('',(-6.28318530718,1.));
#5511 = VECTOR('',#5512,1.);
#5512 = DIRECTION('',(1.,-0.));
#5513 = ( GEOMETRIC_REPRESENTATION_CONTEXT(2) 
PARAMETRIC_REPRESENTATION_CONTEXT() REPRESENTATION_CONTEXT('2D SPACE',''
  ) );
#5514 = ORIENTED_EDGE('',*,*,#5515,.F.);
#5515 = EDGE_CURVE('',#5516,#5492,#5518,.T.);
#5516 = VERTEX_POINT('',#5517);
#5517 = CARTESIAN_POINT('',(103.,150.,0.));
#5518 = SURFACE_CURVE('',#5519,(#5523,#5529),.PCURVE_S1.);
#5519 = LINE('',#5520,#5521);
#5520 = CARTESIAN_POINT('',(48.,150.,0.));
#5521 = VECTOR('',#5522,1.);
#5522 = DIRECTION('',(-1.,0.,0.));
#5523 = PCURVE('',#98,#5524);
#5524 = DEFINITIONAL_REPRESENTATION('',(#5525),#5528);
#5525 = B_SPLINE_CURVE_WITH_KNOTS('',1,(#5526,#5527),.UNSPECIFIED.,.F.,
  .F.,(2,2),(-55.,-41.),.PIECEWISE_BEZIER_KNOTS.);
#5526 = CARTESIAN_POINT('',(95.,142.));
#5527 = CARTESIAN_POINT('',(81.,142.));
#5528 = ( GEOMETRIC_REPRESENTATION_CONTEXT(2) 
PARAMETRIC_REPRESENTATION_CONTEXT() REPRESENTATION_CONTEXT('2D SPACE',''
  ) );
#5529 = PCURVE('',#2992,#5530);
#5530 = DEFINITIONAL_REPRESENTATION('',(#5531),#5534);
#5531 = B_SPLINE_CURVE_WITH_KNOTS('',1,(#5532,#5533),.UNSPECIFIED.,.F.,
  .F.,(2,2),(-55.,-41.),.PIECEWISE_BEZIER_KNOTS.);
#5532 = CARTESIAN_POINT('',(1.,15.));
#5533 = CARTESIAN_POINT('',(1.,1.));
#5534 = ( GEOMETRIC_REPRESENTATION_CONTEXT(2) 
PARAMETRIC_REPRESENTATION_CONTEXT() REPRESENTATION_CONTEXT('2D SPACE',''
  ) );
#5535 = ORIENTED_EDGE('',*,*,#5536,.F.);
#5536 = EDGE_CURVE('',#5537,#5516,#5539,.T.);
#5537 = VERTEX_POINT('',#5538);
#5538 = CARTESIAN_POINT('',(104.,149.,0.));
#5539 = SURFACE_CURVE('',#5540,(#5545,#5552),.PCURVE_S1.);
#5540 = CIRCLE('',#5541,1.);
#5541 = AXIS2_PLACEMENT_3D('',#5542,#5543,#5544);
#5542 = CARTESIAN_POINT('',(103.,149.,0.));
#5543 = DIRECTION('',(0.,0.,1.));
#5544 = DIRECTION('',(1.,0.,-0.));
#5545 = PCURVE('',#98,#5546);
#5546 = DEFINITIONAL_REPRESENTATION('',(#5547),#5551);
#5547 = CIRCLE('',#5548,1.);
#5548 = AXIS2_PLACEMENT_2D('',#5549,#5550);
#5549 = CARTESIAN_POINT('',(95.,141.));
#5550 = DIRECTION('',(1.,0.));
#5551 = ( GEOMETRIC_REPRESENTATION_CONTEXT(2) 
PARAMETRIC_REPRESENTATION_CONTEXT() REPRESENTATION_CONTEXT('2D SPACE',''
  ) );
#5552 = PCURVE('',#3020,#5553);
#5553 = DEFINITIONAL_REPRESENTATION('',(#5554),#5558);
#5554 = LINE('',#5555,#5556);
#5555 = CARTESIAN_POINT('',(0.,1.));
#5556 = VECTOR('',#5557,1.);
#5557 = DIRECTION('',(1.,0.));
#5558 = ( GEOMETRIC_REPRESENTATION_CONTEXT(2) 
PARAMETRIC_REPRESENTATION_CONTEXT() REPRESENTATION_CONTEXT('2D SPACE',''
  ) );
#5559 = ORIENTED_EDGE('',*,*,#5560,.F.);
#5560 = EDGE_CURVE('',#5561,#5537,#5563,.T.);
#5561 = VERTEX_POINT('',#5562);
#5562 = CARTESIAN_POINT('',(104.,147.,0.));
#5563 = SURFACE_CURVE('',#5564,(#5568,#5574),.PCURVE_S1.);
#5564 = LINE('',#5565,#5566);
#5565 = CARTESIAN_POINT('',(104.,77.,0.));
#5566 = VECTOR('',#5567,1.);
#5567 = DIRECTION('',(0.,1.,0.));
#5568 = PCURVE('',#98,#5569);
#5569 = DEFINITIONAL_REPRESENTATION('',(#5570),#5573);
#5570 = B_SPLINE_CURVE_WITH_KNOTS('',1,(#5571,#5572),.UNSPECIFIED.,.F.,
  .F.,(2,2),(70.,72.),.PIECEWISE_BEZIER_KNOTS.);
#5571 = CARTESIAN_POINT('',(96.,139.));
#5572 = CARTESIAN_POINT('',(96.,141.));
#5573 = ( GEOMETRIC_REPRESENTATION_CONTEXT(2) 
PARAMETRIC_REPRESENTATION_CONTEXT() REPRESENTATION_CONTEXT('2D SPACE',''
  ) );
#5574 = PCURVE('',#3047,#5575);
#5575 = DEFINITIONAL_REPRESENTATION('',(#5576),#5579);
#5576 = B_SPLINE_CURVE_WITH_KNOTS('',1,(#5577,#5578),.UNSPECIFIED.,.F.,
  .F.,(2,2),(70.,72.),.PIECEWISE_BEZIER_KNOTS.);
#5577 = CARTESIAN_POINT('',(1.,-1.));
#5578 = CARTESIAN_POINT('',(1.,-3.));
#5579 = ( GEOMETRIC_REPRESENTATION_CONTEXT(2) 
PARAMETRIC_REPRESENTATION_CONTEXT() REPRESENTATION_CONTEXT('2D SPACE',''
  ) );
#5580 = ORIENTED_EDGE('',*,*,#5581,.F.);
#5581 = EDGE_CURVE('',#5582,#5561,#5584,.T.);
#5582 = VERTEX_POINT('',#5583);
#5583 = CARTESIAN_POINT('',(103.,146.,0.));
#5584 = SURFACE_CURVE('',#5585,(#5590,#5597),.PCURVE_S1.);
#5585 = CIRCLE('',#5586,1.);
#5586 = AXIS2_PLACEMENT_3D('',#5587,#5588,#5589);
#5587 = CARTESIAN_POINT('',(103.,147.,0.));
#5588 = DIRECTION('',(0.,0.,1.));
#5589 = DIRECTION('',(1.,0.,-0.));
#5590 = PCURVE('',#98,#5591);
#5591 = DEFINITIONAL_REPRESENTATION('',(#5592),#5596);
#5592 = CIRCLE('',#5593,1.);
#5593 = AXIS2_PLACEMENT_2D('',#5594,#5595);
#5594 = CARTESIAN_POINT('',(95.,139.));
#5595 = DIRECTION('',(1.,0.));
#5596 = ( GEOMETRIC_REPRESENTATION_CONTEXT(2) 
PARAMETRIC_REPRESENTATION_CONTEXT() REPRESENTATION_CONTEXT('2D SPACE',''
  ) );
#5597 = PCURVE('',#3075,#5598);
#5598 = DEFINITIONAL_REPRESENTATION('',(#5599),#5603);
#5599 = LINE('',#5600,#5601);
#5600 = CARTESIAN_POINT('',(-6.28318530718,1.));
#5601 = VECTOR('',#5602,1.);
#5602 = DIRECTION('',(1.,-0.));
#5603 = ( GEOMETRIC_REPRESENTATION_CONTEXT(2) 
PARAMETRIC_REPRESENTATION_CONTEXT() REPRESENTATION_CONTEXT('2D SPACE',''
  ) );
#5604 = ORIENTED_EDGE('',*,*,#5605,.T.);
#5605 = EDGE_CURVE('',#5582,#5447,#5606,.T.);
#5606 = SURFACE_CURVE('',#5607,(#5611,#5617),.PCURVE_S1.);
#5607 = LINE('',#5608,#5609);
#5608 = CARTESIAN_POINT('',(48.,146.,0.));
#5609 = VECTOR('',#5610,1.);
#5610 = DIRECTION('',(-1.,0.,0.));
#5611 = PCURVE('',#98,#5612);
#5612 = DEFINITIONAL_REPRESENTATION('',(#5613),#5616);
#5613 = B_SPLINE_CURVE_WITH_KNOTS('',1,(#5614,#5615),.UNSPECIFIED.,.F.,
  .F.,(2,2),(-55.,-41.),.PIECEWISE_BEZIER_KNOTS.);
#5614 = CARTESIAN_POINT('',(95.,138.));
#5615 = CARTESIAN_POINT('',(81.,138.));
#5616 = ( GEOMETRIC_REPRESENTATION_CONTEXT(2) 
PARAMETRIC_REPRESENTATION_CONTEXT() REPRESENTATION_CONTEXT('2D SPACE',''
  ) );
#5617 = PCURVE('',#3100,#5618);
#5618 = DEFINITIONAL_REPRESENTATION('',(#5619),#5622);
#5619 = B_SPLINE_CURVE_WITH_KNOTS('',1,(#5620,#5621),.UNSPECIFIED.,.F.,
  .F.,(2,2),(-55.,-41.),.PIECEWISE_BEZIER_KNOTS.);
#5620 = CARTESIAN_POINT('',(1.,15.));
#5621 = CARTESIAN_POINT('',(1.,1.));
#5622 = ( GEOMETRIC_REPRESENTATION_CONTEXT(2) 
PARAMETRIC_REPRESENTATION_CONTEXT() REPRESENTATION_CONTEXT('2D SPACE',''
  ) );
#5623 = FACE_BOUND('',#5624,.F.);
#5624 = EDGE_LOOP('',(#5625));
#5625 = ORIENTED_EDGE('',*,*,#5626,.T.);
#5626 = EDGE_CURVE('',#5627,#5627,#5629,.T.);
#5627 = VERTEX_POINT('',#5628);
#5628 = CARTESIAN_POINT('',(109.7,168.,0.));
#5629 = SURFACE_CURVE('',#5630,(#5635,#5646),.PCURVE_S1.);
#5630 = CIRCLE('',#5631,1.7);
#5631 = AXIS2_PLACEMENT_3D('',#5632,#5633,#5634);
#5632 = CARTESIAN_POINT('',(108.,168.,0.));
#5633 = DIRECTION('',(0.,0.,-1.));
#5634 = DIRECTION('',(1.,0.,0.));
#5635 = PCURVE('',#98,#5636);
#5636 = DEFINITIONAL_REPRESENTATION('',(#5637),#5645);
#5637 = ( BOUNDED_CURVE() B_SPLINE_CURVE(2,(#5638,#5639,#5640,#5641,
#5642,#5643,#5644),.UNSPECIFIED.,.T.,.F.) B_SPLINE_CURVE_WITH_KNOTS((1,2
    ,2,2,2,1),(-2.094395102393,0.,2.094395102393,4.188790204786,
6.28318530718,8.377580409573),.UNSPECIFIED.) CURVE() 
GEOMETRIC_REPRESENTATION_ITEM() RATIONAL_B_SPLINE_CURVE((1.,0.5,1.,0.5,
1.,0.5,1.)) REPRESENTATION_ITEM('') );
#5638 = CARTESIAN_POINT('',(101.7,160.));
#5639 = CARTESIAN_POINT('',(101.7,157.05551362713));
#5640 = CARTESIAN_POINT('',(99.15,158.52775681356));
#5641 = CARTESIAN_POINT('',(96.6,160.));
#5642 = CARTESIAN_POINT('',(99.15,161.47224318643));
#5643 = CARTESIAN_POINT('',(101.7,162.94448637286));
#5644 = CARTESIAN_POINT('',(101.7,160.));
#5645 = ( GEOMETRIC_REPRESENTATION_CONTEXT(2) 
PARAMETRIC_REPRESENTATION_CONTEXT() REPRESENTATION_CONTEXT('2D SPACE',''
  ) );
#5646 = PCURVE('',#3134,#5647);
#5647 = DEFINITIONAL_REPRESENTATION('',(#5648),#5652);
#5648 = LINE('',#5649,#5650);
#5649 = CARTESIAN_POINT('',(-6.28318530718,-1.));
#5650 = VECTOR('',#5651,1.);
#5651 = DIRECTION('',(1.,-0.));
#5652 = ( GEOMETRIC_REPRESENTATION_CONTEXT(2) 
PARAMETRIC_REPRESENTATION_CONTEXT() REPRESENTATION_CONTEXT('2D SPACE',''
  ) );
#5653 = ADVANCED_FACE('',(#5654),#71,.F.);
#5654 = FACE_BOUND('',#5655,.T.);
#5655 = EDGE_LOOP('',(#5656,#5657,#5676,#5677));
#5656 = ORIENTED_EDGE('',*,*,#3202,.F.);
#5657 = ORIENTED_EDGE('',*,*,#5658,.F.);
#5658 = EDGE_CURVE('',#139,#3203,#5659,.T.);
#5659 = SURFACE_CURVE('',#5660,(#5664,#5670),.PCURVE_S1.);
#5660 = LINE('',#5661,#5662);
#5661 = CARTESIAN_POINT('',(15.72606868832,8.,-1.));
#5662 = VECTOR('',#5663,1.);
#5663 = DIRECTION('',(-0.,-0.,-1.));
#5664 = PCURVE('',#71,#5665);
#5665 = DEFINITIONAL_REPRESENTATION('',(#5666),#5669);
#5666 = B_SPLINE_CURVE_WITH_KNOTS('',1,(#5667,#5668),.UNSPECIFIED.,.F.,
  .F.,(2,2),(-4.,-1.),.PIECEWISE_BEZIER_KNOTS.);
#5667 = CARTESIAN_POINT('',(-6.135591201521,-4.));
#5668 = CARTESIAN_POINT('',(-6.135591201521,-1.));
#5669 = ( GEOMETRIC_REPRESENTATION_CONTEXT(2) 
PARAMETRIC_REPRESENTATION_CONTEXT() REPRESENTATION_CONTEXT('2D SPACE',''
  ) );
#5670 = PCURVE('',#182,#5671);
#5671 = DEFINITIONAL_REPRESENTATION('',(#5672),#5675);
#5672 = B_SPLINE_CURVE_WITH_KNOTS('',1,(#5673,#5674),.UNSPECIFIED.,.F.,
  .F.,(2,2),(-4.3,-0.7),.PIECEWISE_BEZIER_KNOTS.);
#5673 = CARTESIAN_POINT('',(3.3,7.72606868832));
#5674 = CARTESIAN_POINT('',(-0.3,7.72606868832));
#5675 = ( GEOMETRIC_REPRESENTATION_CONTEXT(2) 
PARAMETRIC_REPRESENTATION_CONTEXT() REPRESENTATION_CONTEXT('2D SPACE',''
  ) );
#5676 = ORIENTED_EDGE('',*,*,#138,.F.);
#5677 = ORIENTED_EDGE('',*,*,#56,.T.);
#5678 = ADVANCED_FACE('',(#5679),#182,.F.);
#5679 = FACE_BOUND('',#5680,.F.);
#5680 = EDGE_LOOP('',(#5681,#5682,#5683,#5684));
#5681 = ORIENTED_EDGE('',*,*,#3226,.F.);
#5682 = ORIENTED_EDGE('',*,*,#5658,.F.);
#5683 = ORIENTED_EDGE('',*,*,#166,.T.);
#5684 = ORIENTED_EDGE('',*,*,#5685,.T.);
#5685 = EDGE_CURVE('',#167,#3227,#5686,.T.);
#5686 = SURFACE_CURVE('',#5687,(#5691,#5697),.PCURVE_S1.);
#5687 = LINE('',#5688,#5689);
#5688 = CARTESIAN_POINT('',(114.27393131168,8.,-1.));
#5689 = VECTOR('',#5690,1.);
#5690 = DIRECTION('',(-0.,-0.,-1.));
#5691 = PCURVE('',#182,#5692);
#5692 = DEFINITIONAL_REPRESENTATION('',(#5693),#5696);
#5693 = B_SPLINE_CURVE_WITH_KNOTS('',1,(#5694,#5695),.UNSPECIFIED.,.F.,
  .F.,(2,2),(-4.3,-0.7),.PIECEWISE_BEZIER_KNOTS.);
#5694 = CARTESIAN_POINT('',(3.3,106.27393131168));
#5695 = CARTESIAN_POINT('',(-0.3,106.27393131168));
#5696 = ( GEOMETRIC_REPRESENTATION_CONTEXT(2) 
PARAMETRIC_REPRESENTATION_CONTEXT() REPRESENTATION_CONTEXT('2D SPACE',''
  ) );
#5697 = PCURVE('',#215,#5698);
#5698 = DEFINITIONAL_REPRESENTATION('',(#5699),#5702);
#5699 = B_SPLINE_CURVE_WITH_KNOTS('',1,(#5700,#5701),.UNSPECIFIED.,.F.,
  .F.,(2,2),(-4.3,-0.7),.PIECEWISE_BEZIER_KNOTS.);
#5700 = CARTESIAN_POINT('',(-3.289186759249,-4.3));
#5701 = CARTESIAN_POINT('',(-3.289186759249,-0.7));
#5702 = ( GEOMETRIC_REPRESENTATION_CONTEXT(2) 
PARAMETRIC_REPRESENTATION_CONTEXT() REPRESENTATION_CONTEXT('2D SPACE',''
  ) );
#5703 = ADVANCED_FACE('',(#5704),#304,.T.);
#5704 = FACE_BOUND('',#5705,.T.);
#5705 = EDGE_LOOP('',(#5706,#5707,#5708,#5709));
#5706 = ORIENTED_EDGE('',*,*,#3328,.F.);
#5707 = ORIENTED_EDGE('',*,*,#3150,.F.);
#5708 = ORIENTED_EDGE('',*,*,#288,.T.);
#5709 = ORIENTED_EDGE('',*,*,#5710,.T.);
#5710 = EDGE_CURVE('',#256,#3301,#5711,.T.);
#5711 = SURFACE_CURVE('',#5712,(#5716,#5722),.PCURVE_S1.);
#5712 = LINE('',#5713,#5714);
#5713 = CARTESIAN_POINT('',(114.27393131168,182.,-1.));
#5714 = VECTOR('',#5715,1.);
#5715 = DIRECTION('',(-0.,-0.,-1.));
#5716 = PCURVE('',#304,#5717);
#5717 = DEFINITIONAL_REPRESENTATION('',(#5718),#5721);
#5718 = B_SPLINE_CURVE_WITH_KNOTS('',1,(#5719,#5720),.UNSPECIFIED.,.F.,
  .F.,(2,2),(-4.3,-0.7),.PIECEWISE_BEZIER_KNOTS.);
#5719 = CARTESIAN_POINT('',(3.3,106.27393131168));
#5720 = CARTESIAN_POINT('',(-0.3,106.27393131168));
#5721 = ( GEOMETRIC_REPRESENTATION_CONTEXT(2) 
PARAMETRIC_REPRESENTATION_CONTEXT() REPRESENTATION_CONTEXT('2D SPACE',''
  ) );
#5722 = PCURVE('',#276,#5723);
#5723 = DEFINITIONAL_REPRESENTATION('',(#5724),#5727);
#5724 = B_SPLINE_CURVE_WITH_KNOTS('',1,(#5725,#5726),.UNSPECIFIED.,.F.,
  .F.,(2,2),(-4.3,-0.7),.PIECEWISE_BEZIER_KNOTS.);
#5725 = CARTESIAN_POINT('',(-2.993998547931,-4.3));
#5726 = CARTESIAN_POINT('',(-2.993998547931,-0.7));
#5727 = ( GEOMETRIC_REPRESENTATION_CONTEXT(2) 
PARAMETRIC_REPRESENTATION_CONTEXT() REPRESENTATION_CONTEXT('2D SPACE',''
  ) );
#5728 = ADVANCED_FACE('',(#5729),#215,.F.);
#5729 = FACE_BOUND('',#5730,.T.);
#5730 = EDGE_LOOP('',(#5731,#5732,#5733,#5734));
#5731 = ORIENTED_EDGE('',*,*,#194,.F.);
#5732 = ORIENTED_EDGE('',*,*,#5685,.T.);
#5733 = ORIENTED_EDGE('',*,*,#3249,.T.);
#5734 = ORIENTED_EDGE('',*,*,#5735,.F.);
#5735 = EDGE_CURVE('',#195,#3250,#5736,.T.);
#5736 = SURFACE_CURVE('',#5737,(#5741,#5747),.PCURVE_S1.);
#5737 = LINE('',#5738,#5739);
#5738 = CARTESIAN_POINT('',(122.,15.72606868832,-1.));
#5739 = VECTOR('',#5740,1.);
#5740 = DIRECTION('',(-0.,-0.,-1.));
#5741 = PCURVE('',#215,#5742);
#5742 = DEFINITIONAL_REPRESENTATION('',(#5743),#5746);
#5743 = B_SPLINE_CURVE_WITH_KNOTS('',1,(#5744,#5745),.UNSPECIFIED.,.F.,
  .F.,(2,2),(-4.3,-0.7),.PIECEWISE_BEZIER_KNOTS.);
#5744 = CARTESIAN_POINT('',(-1.423202221136,-4.3));
#5745 = CARTESIAN_POINT('',(-1.423202221136,-0.7));
#5746 = ( GEOMETRIC_REPRESENTATION_CONTEXT(2) 
PARAMETRIC_REPRESENTATION_CONTEXT() REPRESENTATION_CONTEXT('2D SPACE',''
  ) );
#5747 = PCURVE('',#243,#5748);
#5748 = DEFINITIONAL_REPRESENTATION('',(#5749),#5752);
#5749 = B_SPLINE_CURVE_WITH_KNOTS('',1,(#5750,#5751),.UNSPECIFIED.,.F.,
  .F.,(2,2),(-4.3,-0.7),.PIECEWISE_BEZIER_KNOTS.);
#5750 = CARTESIAN_POINT('',(3.3,-7.72606868832));
#5751 = CARTESIAN_POINT('',(-0.3,-7.72606868832));
#5752 = ( GEOMETRIC_REPRESENTATION_CONTEXT(2) 
PARAMETRIC_REPRESENTATION_CONTEXT() REPRESENTATION_CONTEXT('2D SPACE',''
  ) );
#5753 = ADVANCED_FACE('',(#5754),#276,.F.);
#5754 = FACE_BOUND('',#5755,.T.);
#5755 = EDGE_LOOP('',(#5756,#5757,#5776,#5777));
#5756 = ORIENTED_EDGE('',*,*,#255,.F.);
#5757 = ORIENTED_EDGE('',*,*,#5758,.T.);
#5758 = EDGE_CURVE('',#228,#3278,#5759,.T.);
#5759 = SURFACE_CURVE('',#5760,(#5764,#5770),.PCURVE_S1.);
#5760 = LINE('',#5761,#5762);
#5761 = CARTESIAN_POINT('',(122.,174.27393131168,-1.));
#5762 = VECTOR('',#5763,1.);
#5763 = DIRECTION('',(-0.,-0.,-1.));
#5764 = PCURVE('',#276,#5765);
#5765 = DEFINITIONAL_REPRESENTATION('',(#5766),#5769);
#5766 = B_SPLINE_CURVE_WITH_KNOTS('',1,(#5767,#5768),.UNSPECIFIED.,.F.,
  .F.,(2,2),(-4.3,-0.7),.PIECEWISE_BEZIER_KNOTS.);
#5767 = CARTESIAN_POINT('',(-4.859983086044,-4.3));
#5768 = CARTESIAN_POINT('',(-4.859983086044,-0.7));
#5769 = ( GEOMETRIC_REPRESENTATION_CONTEXT(2) 
PARAMETRIC_REPRESENTATION_CONTEXT() REPRESENTATION_CONTEXT('2D SPACE',''
  ) );
#5770 = PCURVE('',#243,#5771);
#5771 = DEFINITIONAL_REPRESENTATION('',(#5772),#5775);
#5772 = B_SPLINE_CURVE_WITH_KNOTS('',1,(#5773,#5774),.UNSPECIFIED.,.F.,
  .F.,(2,2),(-4.3,-0.7),.PIECEWISE_BEZIER_KNOTS.);
#5773 = CARTESIAN_POINT('',(3.3,-166.2739313116));
#5774 = CARTESIAN_POINT('',(-0.3,-166.2739313116));
#5775 = ( GEOMETRIC_REPRESENTATION_CONTEXT(2) 
PARAMETRIC_REPRESENTATION_CONTEXT() REPRESENTATION_CONTEXT('2D SPACE',''
  ) );
#5776 = ORIENTED_EDGE('',*,*,#3300,.T.);
#5777 = ORIENTED_EDGE('',*,*,#5710,.F.);
#5778 = ADVANCED_FACE('',(#5779),#243,.T.);
#5779 = FACE_BOUND('',#5780,.T.);
#5780 = EDGE_LOOP('',(#5781,#5782,#5783,#5784));
#5781 = ORIENTED_EDGE('',*,*,#227,.F.);
#5782 = ORIENTED_EDGE('',*,*,#5735,.T.);
#5783 = ORIENTED_EDGE('',*,*,#3277,.T.);
#5784 = ORIENTED_EDGE('',*,*,#5758,.F.);
#5785 = ADVANCED_FACE('',(#5786),#365,.F.);
#5786 = FACE_BOUND('',#5787,.T.);
#5787 = EDGE_LOOP('',(#5788,#5789,#5810,#5811));
#5788 = ORIENTED_EDGE('',*,*,#3352,.T.);
#5789 = ORIENTED_EDGE('',*,*,#5790,.T.);
#5790 = EDGE_CURVE('',#3353,#345,#5791,.T.);
#5791 = SEAM_CURVE('',#5792,(#5796,#5803),.PCURVE_S1.);
#5792 = LINE('',#5793,#5794);
#5793 = CARTESIAN_POINT('',(23.7,22.,-1.));
#5794 = VECTOR('',#5795,1.);
#5795 = DIRECTION('',(0.,0.,1.));
#5796 = PCURVE('',#365,#5797);
#5797 = DEFINITIONAL_REPRESENTATION('',(#5798),#5802);
#5798 = LINE('',#5799,#5800);
#5799 = CARTESIAN_POINT('',(-6.28318530718,0.));
#5800 = VECTOR('',#5801,1.);
#5801 = DIRECTION('',(-0.,-1.));
#5802 = ( GEOMETRIC_REPRESENTATION_CONTEXT(2) 
PARAMETRIC_REPRESENTATION_CONTEXT() REPRESENTATION_CONTEXT('2D SPACE',''
  ) );
#5803 = PCURVE('',#365,#5804);
#5804 = DEFINITIONAL_REPRESENTATION('',(#5805),#5809);
#5805 = LINE('',#5806,#5807);
#5806 = CARTESIAN_POINT('',(-0.,0.));
#5807 = VECTOR('',#5808,1.);
#5808 = DIRECTION('',(-0.,-1.));
#5809 = ( GEOMETRIC_REPRESENTATION_CONTEXT(2) 
PARAMETRIC_REPRESENTATION_CONTEXT() REPRESENTATION_CONTEXT('2D SPACE',''
  ) );
#5810 = ORIENTED_EDGE('',*,*,#344,.F.);
#5811 = ORIENTED_EDGE('',*,*,#5790,.F.);
#5812 = ADVANCED_FACE('',(#5813),#398,.F.);
#5813 = FACE_BOUND('',#5814,.F.);
#5814 = EDGE_LOOP('',(#5815,#5836,#5837,#5858));
#5815 = ORIENTED_EDGE('',*,*,#5816,.F.);
#5816 = EDGE_CURVE('',#3383,#380,#5817,.T.);
#5817 = SURFACE_CURVE('',#5818,(#5822,#5829),.PCURVE_S1.);
#5818 = LINE('',#5819,#5820);
#5819 = CARTESIAN_POINT('',(20.,38.,-1.));
#5820 = VECTOR('',#5821,1.);
#5821 = DIRECTION('',(0.,0.,1.));
#5822 = PCURVE('',#398,#5823);
#5823 = DEFINITIONAL_REPRESENTATION('',(#5824),#5828);
#5824 = LINE('',#5825,#5826);
#5825 = CARTESIAN_POINT('',(0.,0.));
#5826 = VECTOR('',#5827,1.);
#5827 = DIRECTION('',(0.,1.));
#5828 = ( GEOMETRIC_REPRESENTATION_CONTEXT(2) 
PARAMETRIC_REPRESENTATION_CONTEXT() REPRESENTATION_CONTEXT('2D SPACE',''
  ) );
#5829 = PCURVE('',#425,#5830);
#5830 = DEFINITIONAL_REPRESENTATION('',(#5831),#5835);
#5831 = LINE('',#5832,#5833);
#5832 = CARTESIAN_POINT('',(0.,-1.));
#5833 = VECTOR('',#5834,1.);
#5834 = DIRECTION('',(1.,0.));
#5835 = ( GEOMETRIC_REPRESENTATION_CONTEXT(2) 
PARAMETRIC_REPRESENTATION_CONTEXT() REPRESENTATION_CONTEXT('2D SPACE',''
  ) );
#5836 = ORIENTED_EDGE('',*,*,#3382,.T.);
#5837 = ORIENTED_EDGE('',*,*,#5838,.T.);
#5838 = EDGE_CURVE('',#3385,#382,#5839,.T.);
#5839 = SURFACE_CURVE('',#5840,(#5844,#5851),.PCURVE_S1.);
#5840 = LINE('',#5841,#5842);
#5841 = CARTESIAN_POINT('',(21.,37.,-1.));
#5842 = VECTOR('',#5843,1.);
#5843 = DIRECTION('',(0.,0.,1.));
#5844 = PCURVE('',#398,#5845);
#5845 = DEFINITIONAL_REPRESENTATION('',(#5846),#5850);
#5846 = LINE('',#5847,#5848);
#5847 = CARTESIAN_POINT('',(1.570796326795,0.));
#5848 = VECTOR('',#5849,1.);
#5849 = DIRECTION('',(0.,1.));
#5850 = ( GEOMETRIC_REPRESENTATION_CONTEXT(2) 
PARAMETRIC_REPRESENTATION_CONTEXT() REPRESENTATION_CONTEXT('2D SPACE',''
  ) );
#5851 = PCURVE('',#588,#5852);
#5852 = DEFINITIONAL_REPRESENTATION('',(#5853),#5857);
#5853 = LINE('',#5854,#5855);
#5854 = CARTESIAN_POINT('',(0.,1.));
#5855 = VECTOR('',#5856,1.);
#5856 = DIRECTION('',(1.,0.));
#5857 = ( GEOMETRIC_REPRESENTATION_CONTEXT(2) 
PARAMETRIC_REPRESENTATION_CONTEXT() REPRESENTATION_CONTEXT('2D SPACE',''
  ) );
#5858 = ORIENTED_EDGE('',*,*,#379,.F.);
#5859 = ADVANCED_FACE('',(#5860),#425,.T.);
#5860 = FACE_BOUND('',#5861,.T.);
#5861 = EDGE_LOOP('',(#5862,#5863,#5864,#5865));
#5862 = ORIENTED_EDGE('',*,*,#410,.F.);
#5863 = ORIENTED_EDGE('',*,*,#5816,.F.);
#5864 = ORIENTED_EDGE('',*,*,#3408,.T.);
#5865 = ORIENTED_EDGE('',*,*,#5866,.T.);
#5866 = EDGE_CURVE('',#3409,#411,#5867,.T.);
#5867 = SURFACE_CURVE('',#5868,(#5872,#5879),.PCURVE_S1.);
#5868 = LINE('',#5869,#5870);
#5869 = CARTESIAN_POINT('',(20.,40.,-1.));
#5870 = VECTOR('',#5871,1.);
#5871 = DIRECTION('',(0.,0.,1.));
#5872 = PCURVE('',#425,#5873);
#5873 = DEFINITIONAL_REPRESENTATION('',(#5874),#5878);
#5874 = LINE('',#5875,#5876);
#5875 = CARTESIAN_POINT('',(0.,-3.));
#5876 = VECTOR('',#5877,1.);
#5877 = DIRECTION('',(1.,0.));
#5878 = ( GEOMETRIC_REPRESENTATION_CONTEXT(2) 
PARAMETRIC_REPRESENTATION_CONTEXT() REPRESENTATION_CONTEXT('2D SPACE',''
  ) );
#5879 = PCURVE('',#453,#5880);
#5880 = DEFINITIONAL_REPRESENTATION('',(#5881),#5885);
#5881 = LINE('',#5882,#5883);
#5882 = CARTESIAN_POINT('',(-0.,0.));
#5883 = VECTOR('',#5884,1.);
#5884 = DIRECTION('',(-0.,1.));
#5885 = ( GEOMETRIC_REPRESENTATION_CONTEXT(2) 
PARAMETRIC_REPRESENTATION_CONTEXT() REPRESENTATION_CONTEXT('2D SPACE',''
  ) );
#5886 = ADVANCED_FACE('',(#5887),#588,.T.);
#5887 = FACE_BOUND('',#5888,.T.);
#5888 = EDGE_LOOP('',(#5889,#5890,#5891,#5892));
#5889 = ORIENTED_EDGE('',*,*,#3543,.T.);
#5890 = ORIENTED_EDGE('',*,*,#5838,.T.);
#5891 = ORIENTED_EDGE('',*,*,#575,.F.);
#5892 = ORIENTED_EDGE('',*,*,#5893,.F.);
#5893 = EDGE_CURVE('',#3520,#547,#5894,.T.);
#5894 = SURFACE_CURVE('',#5895,(#5899,#5906),.PCURVE_S1.);
#5895 = LINE('',#5896,#5897);
#5896 = CARTESIAN_POINT('',(35.,37.,-1.));
#5897 = VECTOR('',#5898,1.);
#5898 = DIRECTION('',(0.,0.,1.));
#5899 = PCURVE('',#588,#5900);
#5900 = DEFINITIONAL_REPRESENTATION('',(#5901),#5905);
#5901 = LINE('',#5902,#5903);
#5902 = CARTESIAN_POINT('',(0.,15.));
#5903 = VECTOR('',#5904,1.);
#5904 = DIRECTION('',(1.,0.));
#5905 = ( GEOMETRIC_REPRESENTATION_CONTEXT(2) 
PARAMETRIC_REPRESENTATION_CONTEXT() REPRESENTATION_CONTEXT('2D SPACE',''
  ) );
#5906 = PCURVE('',#563,#5907);
#5907 = DEFINITIONAL_REPRESENTATION('',(#5908),#5912);
#5908 = LINE('',#5909,#5910);
#5909 = CARTESIAN_POINT('',(-1.570796326795,0.));
#5910 = VECTOR('',#5911,1.);
#5911 = DIRECTION('',(-0.,1.));
#5912 = ( GEOMETRIC_REPRESENTATION_CONTEXT(2) 
PARAMETRIC_REPRESENTATION_CONTEXT() REPRESENTATION_CONTEXT('2D SPACE',''
  ) );
#5913 = ADVANCED_FACE('',(#5914),#453,.F.);
#5914 = FACE_BOUND('',#5915,.T.);
#5915 = EDGE_LOOP('',(#5916,#5917,#5918,#5939));
#5916 = ORIENTED_EDGE('',*,*,#5866,.F.);
#5917 = ORIENTED_EDGE('',*,*,#3429,.F.);
#5918 = ORIENTED_EDGE('',*,*,#5919,.T.);
#5919 = EDGE_CURVE('',#3430,#437,#5920,.T.);
#5920 = SURFACE_CURVE('',#5921,(#5925,#5932),.PCURVE_S1.);
#5921 = LINE('',#5922,#5923);
#5922 = CARTESIAN_POINT('',(21.,41.,-1.));
#5923 = VECTOR('',#5924,1.);
#5924 = DIRECTION('',(0.,0.,1.));
#5925 = PCURVE('',#453,#5926);
#5926 = DEFINITIONAL_REPRESENTATION('',(#5927),#5931);
#5927 = LINE('',#5928,#5929);
#5928 = CARTESIAN_POINT('',(-1.570796326795,0.));
#5929 = VECTOR('',#5930,1.);
#5930 = DIRECTION('',(-0.,1.));
#5931 = ( GEOMETRIC_REPRESENTATION_CONTEXT(2) 
PARAMETRIC_REPRESENTATION_CONTEXT() REPRESENTATION_CONTEXT('2D SPACE',''
  ) );
#5932 = PCURVE('',#480,#5933);
#5933 = DEFINITIONAL_REPRESENTATION('',(#5934),#5938);
#5934 = LINE('',#5935,#5936);
#5935 = CARTESIAN_POINT('',(0.,1.));
#5936 = VECTOR('',#5937,1.);
#5937 = DIRECTION('',(1.,0.));
#5938 = ( GEOMETRIC_REPRESENTATION_CONTEXT(2) 
PARAMETRIC_REPRESENTATION_CONTEXT() REPRESENTATION_CONTEXT('2D SPACE',''
  ) );
#5939 = ORIENTED_EDGE('',*,*,#436,.T.);
#5940 = ADVANCED_FACE('',(#5941),#563,.F.);
#5941 = FACE_BOUND('',#5942,.T.);
#5942 = EDGE_LOOP('',(#5943,#5964,#5965,#5966));
#5943 = ORIENTED_EDGE('',*,*,#5944,.F.);
#5944 = EDGE_CURVE('',#3499,#521,#5945,.T.);
#5945 = SURFACE_CURVE('',#5946,(#5950,#5957),.PCURVE_S1.);
#5946 = LINE('',#5947,#5948);
#5947 = CARTESIAN_POINT('',(36.,38.,-1.));
#5948 = VECTOR('',#5949,1.);
#5949 = DIRECTION('',(0.,0.,1.));
#5950 = PCURVE('',#563,#5951);
#5951 = DEFINITIONAL_REPRESENTATION('',(#5952),#5956);
#5952 = LINE('',#5953,#5954);
#5953 = CARTESIAN_POINT('',(-0.,0.));
#5954 = VECTOR('',#5955,1.);
#5955 = DIRECTION('',(-0.,1.));
#5956 = ( GEOMETRIC_REPRESENTATION_CONTEXT(2) 
PARAMETRIC_REPRESENTATION_CONTEXT() REPRESENTATION_CONTEXT('2D SPACE',''
  ) );
#5957 = PCURVE('',#535,#5958);
#5958 = DEFINITIONAL_REPRESENTATION('',(#5959),#5963);
#5959 = LINE('',#5960,#5961);
#5960 = CARTESIAN_POINT('',(0.,-1.));
#5961 = VECTOR('',#5962,1.);
#5962 = DIRECTION('',(1.,0.));
#5963 = ( GEOMETRIC_REPRESENTATION_CONTEXT(2) 
PARAMETRIC_REPRESENTATION_CONTEXT() REPRESENTATION_CONTEXT('2D SPACE',''
  ) );
#5964 = ORIENTED_EDGE('',*,*,#3519,.F.);
#5965 = ORIENTED_EDGE('',*,*,#5893,.T.);
#5966 = ORIENTED_EDGE('',*,*,#546,.T.);
#5967 = ADVANCED_FACE('',(#5968),#480,.F.);
#5968 = FACE_BOUND('',#5969,.F.);
#5969 = EDGE_LOOP('',(#5970,#5971,#5972,#5973));
#5970 = ORIENTED_EDGE('',*,*,#3453,.T.);
#5971 = ORIENTED_EDGE('',*,*,#5919,.T.);
#5972 = ORIENTED_EDGE('',*,*,#465,.F.);
#5973 = ORIENTED_EDGE('',*,*,#5974,.F.);
#5974 = EDGE_CURVE('',#3454,#466,#5975,.T.);
#5975 = SURFACE_CURVE('',#5976,(#5980,#5987),.PCURVE_S1.);
#5976 = LINE('',#5977,#5978);
#5977 = CARTESIAN_POINT('',(35.,41.,-1.));
#5978 = VECTOR('',#5979,1.);
#5979 = DIRECTION('',(0.,0.,1.));
#5980 = PCURVE('',#480,#5981);
#5981 = DEFINITIONAL_REPRESENTATION('',(#5982),#5986);
#5982 = LINE('',#5983,#5984);
#5983 = CARTESIAN_POINT('',(0.,15.));
#5984 = VECTOR('',#5985,1.);
#5985 = DIRECTION('',(1.,0.));
#5986 = ( GEOMETRIC_REPRESENTATION_CONTEXT(2) 
PARAMETRIC_REPRESENTATION_CONTEXT() REPRESENTATION_CONTEXT('2D SPACE',''
  ) );
#5987 = PCURVE('',#508,#5988);
#5988 = DEFINITIONAL_REPRESENTATION('',(#5989),#5993);
#5989 = LINE('',#5990,#5991);
#5990 = CARTESIAN_POINT('',(1.570796326795,0.));
#5991 = VECTOR('',#5992,1.);
#5992 = DIRECTION('',(0.,1.));
#5993 = ( GEOMETRIC_REPRESENTATION_CONTEXT(2) 
PARAMETRIC_REPRESENTATION_CONTEXT() REPRESENTATION_CONTEXT('2D SPACE',''
  ) );
#5994 = ADVANCED_FACE('',(#5995),#535,.F.);
#5995 = FACE_BOUND('',#5996,.F.);
#5996 = EDGE_LOOP('',(#5997,#5998,#5999,#6000));
#5997 = ORIENTED_EDGE('',*,*,#520,.F.);
#5998 = ORIENTED_EDGE('',*,*,#5944,.F.);
#5999 = ORIENTED_EDGE('',*,*,#3498,.T.);
#6000 = ORIENTED_EDGE('',*,*,#6001,.T.);
#6001 = EDGE_CURVE('',#3475,#492,#6002,.T.);
#6002 = SURFACE_CURVE('',#6003,(#6007,#6014),.PCURVE_S1.);
#6003 = LINE('',#6004,#6005);
#6004 = CARTESIAN_POINT('',(36.,40.,-1.));
#6005 = VECTOR('',#6006,1.);
#6006 = DIRECTION('',(0.,0.,1.));
#6007 = PCURVE('',#535,#6008);
#6008 = DEFINITIONAL_REPRESENTATION('',(#6009),#6013);
#6009 = LINE('',#6010,#6011);
#6010 = CARTESIAN_POINT('',(0.,-3.));
#6011 = VECTOR('',#6012,1.);
#6012 = DIRECTION('',(1.,0.));
#6013 = ( GEOMETRIC_REPRESENTATION_CONTEXT(2) 
PARAMETRIC_REPRESENTATION_CONTEXT() REPRESENTATION_CONTEXT('2D SPACE',''
  ) );
#6014 = PCURVE('',#508,#6015);
#6015 = DEFINITIONAL_REPRESENTATION('',(#6016),#6020);
#6016 = LINE('',#6017,#6018);
#6017 = CARTESIAN_POINT('',(0.,0.));
#6018 = VECTOR('',#6019,1.);
#6019 = DIRECTION('',(0.,1.));
#6020 = ( GEOMETRIC_REPRESENTATION_CONTEXT(2) 
PARAMETRIC_REPRESENTATION_CONTEXT() REPRESENTATION_CONTEXT('2D SPACE',''
  ) );
#6021 = ADVANCED_FACE('',(#6022),#508,.F.);
#6022 = FACE_BOUND('',#6023,.F.);
#6023 = EDGE_LOOP('',(#6024,#6025,#6026,#6027));
#6024 = ORIENTED_EDGE('',*,*,#6001,.F.);
#6025 = ORIENTED_EDGE('',*,*,#3474,.T.);
#6026 = ORIENTED_EDGE('',*,*,#5974,.T.);
#6027 = ORIENTED_EDGE('',*,*,#491,.F.);
#6028 = ADVANCED_FACE('',(#6029),#620,.F.);
#6029 = FACE_BOUND('',#6030,.F.);
#6030 = EDGE_LOOP('',(#6031,#6052,#6053,#6074));
#6031 = ORIENTED_EDGE('',*,*,#6032,.F.);
#6032 = EDGE_CURVE('',#3565,#602,#6033,.T.);
#6033 = SURFACE_CURVE('',#6034,(#6038,#6045),.PCURVE_S1.);
#6034 = LINE('',#6035,#6036);
#6035 = CARTESIAN_POINT('',(54.,38.,-1.));
#6036 = VECTOR('',#6037,1.);
#6037 = DIRECTION('',(0.,0.,1.));
#6038 = PCURVE('',#620,#6039);
#6039 = DEFINITIONAL_REPRESENTATION('',(#6040),#6044);
#6040 = LINE('',#6041,#6042);
#6041 = CARTESIAN_POINT('',(0.,0.));
#6042 = VECTOR('',#6043,1.);
#6043 = DIRECTION('',(0.,1.));
#6044 = ( GEOMETRIC_REPRESENTATION_CONTEXT(2) 
PARAMETRIC_REPRESENTATION_CONTEXT() REPRESENTATION_CONTEXT('2D SPACE',''
  ) );
#6045 = PCURVE('',#647,#6046);
#6046 = DEFINITIONAL_REPRESENTATION('',(#6047),#6051);
#6047 = LINE('',#6048,#6049);
#6048 = CARTESIAN_POINT('',(0.,-1.));
#6049 = VECTOR('',#6050,1.);
#6050 = DIRECTION('',(1.,0.));
#6051 = ( GEOMETRIC_REPRESENTATION_CONTEXT(2) 
PARAMETRIC_REPRESENTATION_CONTEXT() REPRESENTATION_CONTEXT('2D SPACE',''
  ) );
#6052 = ORIENTED_EDGE('',*,*,#3564,.T.);
#6053 = ORIENTED_EDGE('',*,*,#6054,.T.);
#6054 = EDGE_CURVE('',#3567,#604,#6055,.T.);
#6055 = SURFACE_CURVE('',#6056,(#6060,#6067),.PCURVE_S1.);
#6056 = LINE('',#6057,#6058);
#6057 = CARTESIAN_POINT('',(55.,37.,-1.));
#6058 = VECTOR('',#6059,1.);
#6059 = DIRECTION('',(0.,0.,1.));
#6060 = PCURVE('',#620,#6061);
#6061 = DEFINITIONAL_REPRESENTATION('',(#6062),#6066);
#6062 = LINE('',#6063,#6064);
#6063 = CARTESIAN_POINT('',(1.570796326795,0.));
#6064 = VECTOR('',#6065,1.);
#6065 = DIRECTION('',(0.,1.));
#6066 = ( GEOMETRIC_REPRESENTATION_CONTEXT(2) 
PARAMETRIC_REPRESENTATION_CONTEXT() REPRESENTATION_CONTEXT('2D SPACE',''
  ) );
#6067 = PCURVE('',#810,#6068);
#6068 = DEFINITIONAL_REPRESENTATION('',(#6069),#6073);
#6069 = LINE('',#6070,#6071);
#6070 = CARTESIAN_POINT('',(0.,1.));
#6071 = VECTOR('',#6072,1.);
#6072 = DIRECTION('',(1.,0.));
#6073 = ( GEOMETRIC_REPRESENTATION_CONTEXT(2) 
PARAMETRIC_REPRESENTATION_CONTEXT() REPRESENTATION_CONTEXT('2D SPACE',''
  ) );
#6074 = ORIENTED_EDGE('',*,*,#601,.F.);
#6075 = ADVANCED_FACE('',(#6076),#647,.T.);
#6076 = FACE_BOUND('',#6077,.T.);
#6077 = EDGE_LOOP('',(#6078,#6079,#6080,#6081));
#6078 = ORIENTED_EDGE('',*,*,#632,.F.);
#6079 = ORIENTED_EDGE('',*,*,#6032,.F.);
#6080 = ORIENTED_EDGE('',*,*,#3590,.T.);
#6081 = ORIENTED_EDGE('',*,*,#6082,.T.);
#6082 = EDGE_CURVE('',#3591,#633,#6083,.T.);
#6083 = SURFACE_CURVE('',#6084,(#6088,#6095),.PCURVE_S1.);
#6084 = LINE('',#6085,#6086);
#6085 = CARTESIAN_POINT('',(54.,40.,-1.));
#6086 = VECTOR('',#6087,1.);
#6087 = DIRECTION('',(0.,0.,1.));
#6088 = PCURVE('',#647,#6089);
#6089 = DEFINITIONAL_REPRESENTATION('',(#6090),#6094);
#6090 = LINE('',#6091,#6092);
#6091 = CARTESIAN_POINT('',(0.,-3.));
#6092 = VECTOR('',#6093,1.);
#6093 = DIRECTION('',(1.,0.));
#6094 = ( GEOMETRIC_REPRESENTATION_CONTEXT(2) 
PARAMETRIC_REPRESENTATION_CONTEXT() REPRESENTATION_CONTEXT('2D SPACE',''
  ) );
#6095 = PCURVE('',#675,#6096);
#6096 = DEFINITIONAL_REPRESENTATION('',(#6097),#6101);
#6097 = LINE('',#6098,#6099);
#6098 = CARTESIAN_POINT('',(-0.,0.));
#6099 = VECTOR('',#6100,1.);
#6100 = DIRECTION('',(-0.,1.));
#6101 = ( GEOMETRIC_REPRESENTATION_CONTEXT(2) 
PARAMETRIC_REPRESENTATION_CONTEXT() REPRESENTATION_CONTEXT('2D SPACE',''
  ) );
#6102 = ADVANCED_FACE('',(#6103),#810,.T.);
#6103 = FACE_BOUND('',#6104,.T.);
#6104 = EDGE_LOOP('',(#6105,#6106,#6107,#6108));
#6105 = ORIENTED_EDGE('',*,*,#3725,.T.);
#6106 = ORIENTED_EDGE('',*,*,#6054,.T.);
#6107 = ORIENTED_EDGE('',*,*,#797,.F.);
#6108 = ORIENTED_EDGE('',*,*,#6109,.F.);
#6109 = EDGE_CURVE('',#3702,#769,#6110,.T.);
#6110 = SURFACE_CURVE('',#6111,(#6115,#6122),.PCURVE_S1.);
#6111 = LINE('',#6112,#6113);
#6112 = CARTESIAN_POINT('',(69.,37.,-1.));
#6113 = VECTOR('',#6114,1.);
#6114 = DIRECTION('',(0.,0.,1.));
#6115 = PCURVE('',#810,#6116);
#6116 = DEFINITIONAL_REPRESENTATION('',(#6117),#6121);
#6117 = LINE('',#6118,#6119);
#6118 = CARTESIAN_POINT('',(0.,15.));
#6119 = VECTOR('',#6120,1.);
#6120 = DIRECTION('',(1.,0.));
#6121 = ( GEOMETRIC_REPRESENTATION_CONTEXT(2) 
PARAMETRIC_REPRESENTATION_CONTEXT() REPRESENTATION_CONTEXT('2D SPACE',''
  ) );
#6122 = PCURVE('',#785,#6123);
#6123 = DEFINITIONAL_REPRESENTATION('',(#6124),#6128);
#6124 = LINE('',#6125,#6126);
#6125 = CARTESIAN_POINT('',(-1.570796326795,0.));
#6126 = VECTOR('',#6127,1.);
#6127 = DIRECTION('',(-0.,1.));
#6128 = ( GEOMETRIC_REPRESENTATION_CONTEXT(2) 
PARAMETRIC_REPRESENTATION_CONTEXT() REPRESENTATION_CONTEXT('2D SPACE',''
  ) );
#6129 = ADVANCED_FACE('',(#6130),#675,.F.);
#6130 = FACE_BOUND('',#6131,.T.);
#6131 = EDGE_LOOP('',(#6132,#6133,#6134,#6155));
#6132 = ORIENTED_EDGE('',*,*,#6082,.F.);
#6133 = ORIENTED_EDGE('',*,*,#3611,.F.);
#6134 = ORIENTED_EDGE('',*,*,#6135,.T.);
#6135 = EDGE_CURVE('',#3612,#659,#6136,.T.);
#6136 = SURFACE_CURVE('',#6137,(#6141,#6148),.PCURVE_S1.);
#6137 = LINE('',#6138,#6139);
#6138 = CARTESIAN_POINT('',(55.,41.,-1.));
#6139 = VECTOR('',#6140,1.);
#6140 = DIRECTION('',(0.,0.,1.));
#6141 = PCURVE('',#675,#6142);
#6142 = DEFINITIONAL_REPRESENTATION('',(#6143),#6147);
#6143 = LINE('',#6144,#6145);
#6144 = CARTESIAN_POINT('',(-1.570796326795,0.));
#6145 = VECTOR('',#6146,1.);
#6146 = DIRECTION('',(-0.,1.));
#6147 = ( GEOMETRIC_REPRESENTATION_CONTEXT(2) 
PARAMETRIC_REPRESENTATION_CONTEXT() REPRESENTATION_CONTEXT('2D SPACE',''
  ) );
#6148 = PCURVE('',#702,#6149);
#6149 = DEFINITIONAL_REPRESENTATION('',(#6150),#6154);
#6150 = LINE('',#6151,#6152);
#6151 = CARTESIAN_POINT('',(0.,1.));
#6152 = VECTOR('',#6153,1.);
#6153 = DIRECTION('',(1.,0.));
#6154 = ( GEOMETRIC_REPRESENTATION_CONTEXT(2) 
PARAMETRIC_REPRESENTATION_CONTEXT() REPRESENTATION_CONTEXT('2D SPACE',''
  ) );
#6155 = ORIENTED_EDGE('',*,*,#658,.T.);
#6156 = ADVANCED_FACE('',(#6157),#785,.F.);
#6157 = FACE_BOUND('',#6158,.T.);
#6158 = EDGE_LOOP('',(#6159,#6180,#6181,#6182));
#6159 = ORIENTED_EDGE('',*,*,#6160,.F.);
#6160 = EDGE_CURVE('',#3681,#743,#6161,.T.);
#6161 = SURFACE_CURVE('',#6162,(#6166,#6173),.PCURVE_S1.);
#6162 = LINE('',#6163,#6164);
#6163 = CARTESIAN_POINT('',(70.,38.,-1.));
#6164 = VECTOR('',#6165,1.);
#6165 = DIRECTION('',(0.,0.,1.));
#6166 = PCURVE('',#785,#6167);
#6167 = DEFINITIONAL_REPRESENTATION('',(#6168),#6172);
#6168 = LINE('',#6169,#6170);
#6169 = CARTESIAN_POINT('',(-0.,0.));
#6170 = VECTOR('',#6171,1.);
#6171 = DIRECTION('',(-0.,1.));
#6172 = ( GEOMETRIC_REPRESENTATION_CONTEXT(2) 
PARAMETRIC_REPRESENTATION_CONTEXT() REPRESENTATION_CONTEXT('2D SPACE',''
  ) );
#6173 = PCURVE('',#757,#6174);
#6174 = DEFINITIONAL_REPRESENTATION('',(#6175),#6179);
#6175 = LINE('',#6176,#6177);
#6176 = CARTESIAN_POINT('',(0.,-1.));
#6177 = VECTOR('',#6178,1.);
#6178 = DIRECTION('',(1.,0.));
#6179 = ( GEOMETRIC_REPRESENTATION_CONTEXT(2) 
PARAMETRIC_REPRESENTATION_CONTEXT() REPRESENTATION_CONTEXT('2D SPACE',''
  ) );
#6180 = ORIENTED_EDGE('',*,*,#3701,.F.);
#6181 = ORIENTED_EDGE('',*,*,#6109,.T.);
#6182 = ORIENTED_EDGE('',*,*,#768,.T.);
#6183 = ADVANCED_FACE('',(#6184),#702,.F.);
#6184 = FACE_BOUND('',#6185,.F.);
#6185 = EDGE_LOOP('',(#6186,#6187,#6188,#6189));
#6186 = ORIENTED_EDGE('',*,*,#3635,.T.);
#6187 = ORIENTED_EDGE('',*,*,#6135,.T.);
#6188 = ORIENTED_EDGE('',*,*,#687,.F.);
#6189 = ORIENTED_EDGE('',*,*,#6190,.F.);
#6190 = EDGE_CURVE('',#3636,#688,#6191,.T.);
#6191 = SURFACE_CURVE('',#6192,(#6196,#6203),.PCURVE_S1.);
#6192 = LINE('',#6193,#6194);
#6193 = CARTESIAN_POINT('',(69.,41.,-1.));
#6194 = VECTOR('',#6195,1.);
#6195 = DIRECTION('',(0.,0.,1.));
#6196 = PCURVE('',#702,#6197);
#6197 = DEFINITIONAL_REPRESENTATION('',(#6198),#6202);
#6198 = LINE('',#6199,#6200);
#6199 = CARTESIAN_POINT('',(0.,15.));
#6200 = VECTOR('',#6201,1.);
#6201 = DIRECTION('',(1.,0.));
#6202 = ( GEOMETRIC_REPRESENTATION_CONTEXT(2) 
PARAMETRIC_REPRESENTATION_CONTEXT() REPRESENTATION_CONTEXT('2D SPACE',''
  ) );
#6203 = PCURVE('',#730,#6204);
#6204 = DEFINITIONAL_REPRESENTATION('',(#6205),#6209);
#6205 = LINE('',#6206,#6207);
#6206 = CARTESIAN_POINT('',(1.570796326795,0.));
#6207 = VECTOR('',#6208,1.);
#6208 = DIRECTION('',(0.,1.));
#6209 = ( GEOMETRIC_REPRESENTATION_CONTEXT(2) 
PARAMETRIC_REPRESENTATION_CONTEXT() REPRESENTATION_CONTEXT('2D SPACE',''
  ) );
#6210 = ADVANCED_FACE('',(#6211),#757,.F.);
#6211 = FACE_BOUND('',#6212,.F.);
#6212 = EDGE_LOOP('',(#6213,#6214,#6215,#6216));
#6213 = ORIENTED_EDGE('',*,*,#742,.F.);
#6214 = ORIENTED_EDGE('',*,*,#6160,.F.);
#6215 = ORIENTED_EDGE('',*,*,#3680,.T.);
#6216 = ORIENTED_EDGE('',*,*,#6217,.T.);
#6217 = EDGE_CURVE('',#3657,#714,#6218,.T.);
#6218 = SURFACE_CURVE('',#6219,(#6223,#6230),.PCURVE_S1.);
#6219 = LINE('',#6220,#6221);
#6220 = CARTESIAN_POINT('',(70.,40.,-1.));
#6221 = VECTOR('',#6222,1.);
#6222 = DIRECTION('',(0.,0.,1.));
#6223 = PCURVE('',#757,#6224);
#6224 = DEFINITIONAL_REPRESENTATION('',(#6225),#6229);
#6225 = LINE('',#6226,#6227);
#6226 = CARTESIAN_POINT('',(0.,-3.));
#6227 = VECTOR('',#6228,1.);
#6228 = DIRECTION('',(1.,0.));
#6229 = ( GEOMETRIC_REPRESENTATION_CONTEXT(2) 
PARAMETRIC_REPRESENTATION_CONTEXT() REPRESENTATION_CONTEXT('2D SPACE',''
  ) );
#6230 = PCURVE('',#730,#6231);
#6231 = DEFINITIONAL_REPRESENTATION('',(#6232),#6236);
#6232 = LINE('',#6233,#6234);
#6233 = CARTESIAN_POINT('',(0.,0.));
#6234 = VECTOR('',#6235,1.);
#6235 = DIRECTION('',(0.,1.));
#6236 = ( GEOMETRIC_REPRESENTATION_CONTEXT(2) 
PARAMETRIC_REPRESENTATION_CONTEXT() REPRESENTATION_CONTEXT('2D SPACE',''
  ) );
#6237 = ADVANCED_FACE('',(#6238),#730,.F.);
#6238 = FACE_BOUND('',#6239,.F.);
#6239 = EDGE_LOOP('',(#6240,#6241,#6242,#6243));
#6240 = ORIENTED_EDGE('',*,*,#6217,.F.);
#6241 = ORIENTED_EDGE('',*,*,#3656,.T.);
#6242 = ORIENTED_EDGE('',*,*,#6190,.T.);
#6243 = ORIENTED_EDGE('',*,*,#713,.F.);
#6244 = ADVANCED_FACE('',(#6245),#842,.F.);
#6245 = FACE_BOUND('',#6246,.F.);
#6246 = EDGE_LOOP('',(#6247,#6268,#6269,#6290));
#6247 = ORIENTED_EDGE('',*,*,#6248,.F.);
#6248 = EDGE_CURVE('',#3747,#824,#6249,.T.);
#6249 = SURFACE_CURVE('',#6250,(#6254,#6261),.PCURVE_S1.);
#6250 = LINE('',#6251,#6252);
#6251 = CARTESIAN_POINT('',(20.,77.,-1.));
#6252 = VECTOR('',#6253,1.);
#6253 = DIRECTION('',(0.,0.,1.));
#6254 = PCURVE('',#842,#6255);
#6255 = DEFINITIONAL_REPRESENTATION('',(#6256),#6260);
#6256 = LINE('',#6257,#6258);
#6257 = CARTESIAN_POINT('',(0.,0.));
#6258 = VECTOR('',#6259,1.);
#6259 = DIRECTION('',(0.,1.));
#6260 = ( GEOMETRIC_REPRESENTATION_CONTEXT(2) 
PARAMETRIC_REPRESENTATION_CONTEXT() REPRESENTATION_CONTEXT('2D SPACE',''
  ) );
#6261 = PCURVE('',#869,#6262);
#6262 = DEFINITIONAL_REPRESENTATION('',(#6263),#6267);
#6263 = LINE('',#6264,#6265);
#6264 = CARTESIAN_POINT('',(0.,-1.));
#6265 = VECTOR('',#6266,1.);
#6266 = DIRECTION('',(1.,0.));
#6267 = ( GEOMETRIC_REPRESENTATION_CONTEXT(2) 
PARAMETRIC_REPRESENTATION_CONTEXT() REPRESENTATION_CONTEXT('2D SPACE',''
  ) );
#6268 = ORIENTED_EDGE('',*,*,#3746,.T.);
#6269 = ORIENTED_EDGE('',*,*,#6270,.T.);
#6270 = EDGE_CURVE('',#3749,#826,#6271,.T.);
#6271 = SURFACE_CURVE('',#6272,(#6276,#6283),.PCURVE_S1.);
#6272 = LINE('',#6273,#6274);
#6273 = CARTESIAN_POINT('',(21.,76.,-1.));
#6274 = VECTOR('',#6275,1.);
#6275 = DIRECTION('',(0.,0.,1.));
#6276 = PCURVE('',#842,#6277);
#6277 = DEFINITIONAL_REPRESENTATION('',(#6278),#6282);
#6278 = LINE('',#6279,#6280);
#6279 = CARTESIAN_POINT('',(1.570796326795,0.));
#6280 = VECTOR('',#6281,1.);
#6281 = DIRECTION('',(0.,1.));
#6282 = ( GEOMETRIC_REPRESENTATION_CONTEXT(2) 
PARAMETRIC_REPRESENTATION_CONTEXT() REPRESENTATION_CONTEXT('2D SPACE',''
  ) );
#6283 = PCURVE('',#1032,#6284);
#6284 = DEFINITIONAL_REPRESENTATION('',(#6285),#6289);
#6285 = LINE('',#6286,#6287);
#6286 = CARTESIAN_POINT('',(0.,1.));
#6287 = VECTOR('',#6288,1.);
#6288 = DIRECTION('',(1.,0.));
#6289 = ( GEOMETRIC_REPRESENTATION_CONTEXT(2) 
PARAMETRIC_REPRESENTATION_CONTEXT() REPRESENTATION_CONTEXT('2D SPACE',''
  ) );
#6290 = ORIENTED_EDGE('',*,*,#823,.F.);
#6291 = ADVANCED_FACE('',(#6292),#869,.T.);
#6292 = FACE_BOUND('',#6293,.T.);
#6293 = EDGE_LOOP('',(#6294,#6295,#6296,#6297));
#6294 = ORIENTED_EDGE('',*,*,#854,.F.);
#6295 = ORIENTED_EDGE('',*,*,#6248,.F.);
#6296 = ORIENTED_EDGE('',*,*,#3772,.T.);
#6297 = ORIENTED_EDGE('',*,*,#6298,.T.);
#6298 = EDGE_CURVE('',#3773,#855,#6299,.T.);
#6299 = SURFACE_CURVE('',#6300,(#6304,#6311),.PCURVE_S1.);
#6300 = LINE('',#6301,#6302);
#6301 = CARTESIAN_POINT('',(20.,79.,-1.));
#6302 = VECTOR('',#6303,1.);
#6303 = DIRECTION('',(0.,0.,1.));
#6304 = PCURVE('',#869,#6305);
#6305 = DEFINITIONAL_REPRESENTATION('',(#6306),#6310);
#6306 = LINE('',#6307,#6308);
#6307 = CARTESIAN_POINT('',(0.,-3.));
#6308 = VECTOR('',#6309,1.);
#6309 = DIRECTION('',(1.,0.));
#6310 = ( GEOMETRIC_REPRESENTATION_CONTEXT(2) 
PARAMETRIC_REPRESENTATION_CONTEXT() REPRESENTATION_CONTEXT('2D SPACE',''
  ) );
#6311 = PCURVE('',#897,#6312);
#6312 = DEFINITIONAL_REPRESENTATION('',(#6313),#6317);
#6313 = LINE('',#6314,#6315);
#6314 = CARTESIAN_POINT('',(-0.,0.));
#6315 = VECTOR('',#6316,1.);
#6316 = DIRECTION('',(-0.,1.));
#6317 = ( GEOMETRIC_REPRESENTATION_CONTEXT(2) 
PARAMETRIC_REPRESENTATION_CONTEXT() REPRESENTATION_CONTEXT('2D SPACE',''
  ) );
#6318 = ADVANCED_FACE('',(#6319),#1032,.T.);
#6319 = FACE_BOUND('',#6320,.T.);
#6320 = EDGE_LOOP('',(#6321,#6322,#6323,#6324));
#6321 = ORIENTED_EDGE('',*,*,#3907,.T.);
#6322 = ORIENTED_EDGE('',*,*,#6270,.T.);
#6323 = ORIENTED_EDGE('',*,*,#1019,.F.);
#6324 = ORIENTED_EDGE('',*,*,#6325,.F.);
#6325 = EDGE_CURVE('',#3884,#991,#6326,.T.);
#6326 = SURFACE_CURVE('',#6327,(#6331,#6338),.PCURVE_S1.);
#6327 = LINE('',#6328,#6329);
#6328 = CARTESIAN_POINT('',(35.,76.,-1.));
#6329 = VECTOR('',#6330,1.);
#6330 = DIRECTION('',(0.,0.,1.));
#6331 = PCURVE('',#1032,#6332);
#6332 = DEFINITIONAL_REPRESENTATION('',(#6333),#6337);
#6333 = LINE('',#6334,#6335);
#6334 = CARTESIAN_POINT('',(0.,15.));
#6335 = VECTOR('',#6336,1.);
#6336 = DIRECTION('',(1.,0.));
#6337 = ( GEOMETRIC_REPRESENTATION_CONTEXT(2) 
PARAMETRIC_REPRESENTATION_CONTEXT() REPRESENTATION_CONTEXT('2D SPACE',''
  ) );
#6338 = PCURVE('',#1007,#6339);
#6339 = DEFINITIONAL_REPRESENTATION('',(#6340),#6344);
#6340 = LINE('',#6341,#6342);
#6341 = CARTESIAN_POINT('',(-1.570796326795,0.));
#6342 = VECTOR('',#6343,1.);
#6343 = DIRECTION('',(-0.,1.));
#6344 = ( GEOMETRIC_REPRESENTATION_CONTEXT(2) 
PARAMETRIC_REPRESENTATION_CONTEXT() REPRESENTATION_CONTEXT('2D SPACE',''
  ) );
#6345 = ADVANCED_FACE('',(#6346),#897,.F.);
#6346 = FACE_BOUND('',#6347,.T.);
#6347 = EDGE_LOOP('',(#6348,#6349,#6350,#6371));
#6348 = ORIENTED_EDGE('',*,*,#6298,.F.);
#6349 = ORIENTED_EDGE('',*,*,#3793,.F.);
#6350 = ORIENTED_EDGE('',*,*,#6351,.T.);
#6351 = EDGE_CURVE('',#3794,#881,#6352,.T.);
#6352 = SURFACE_CURVE('',#6353,(#6357,#6364),.PCURVE_S1.);
#6353 = LINE('',#6354,#6355);
#6354 = CARTESIAN_POINT('',(21.,80.,-1.));
#6355 = VECTOR('',#6356,1.);
#6356 = DIRECTION('',(0.,0.,1.));
#6357 = PCURVE('',#897,#6358);
#6358 = DEFINITIONAL_REPRESENTATION('',(#6359),#6363);
#6359 = LINE('',#6360,#6361);
#6360 = CARTESIAN_POINT('',(-1.570796326795,0.));
#6361 = VECTOR('',#6362,1.);
#6362 = DIRECTION('',(-0.,1.));
#6363 = ( GEOMETRIC_REPRESENTATION_CONTEXT(2) 
PARAMETRIC_REPRESENTATION_CONTEXT() REPRESENTATION_CONTEXT('2D SPACE',''
  ) );
#6364 = PCURVE('',#924,#6365);
#6365 = DEFINITIONAL_REPRESENTATION('',(#6366),#6370);
#6366 = LINE('',#6367,#6368);
#6367 = CARTESIAN_POINT('',(0.,1.));
#6368 = VECTOR('',#6369,1.);
#6369 = DIRECTION('',(1.,0.));
#6370 = ( GEOMETRIC_REPRESENTATION_CONTEXT(2) 
PARAMETRIC_REPRESENTATION_CONTEXT() REPRESENTATION_CONTEXT('2D SPACE',''
  ) );
#6371 = ORIENTED_EDGE('',*,*,#880,.T.);
#6372 = ADVANCED_FACE('',(#6373),#1007,.F.);
#6373 = FACE_BOUND('',#6374,.T.);
#6374 = EDGE_LOOP('',(#6375,#6396,#6397,#6398));
#6375 = ORIENTED_EDGE('',*,*,#6376,.F.);
#6376 = EDGE_CURVE('',#3863,#965,#6377,.T.);
#6377 = SURFACE_CURVE('',#6378,(#6382,#6389),.PCURVE_S1.);
#6378 = LINE('',#6379,#6380);
#6379 = CARTESIAN_POINT('',(36.,77.,-1.));
#6380 = VECTOR('',#6381,1.);
#6381 = DIRECTION('',(0.,0.,1.));
#6382 = PCURVE('',#1007,#6383);
#6383 = DEFINITIONAL_REPRESENTATION('',(#6384),#6388);
#6384 = LINE('',#6385,#6386);
#6385 = CARTESIAN_POINT('',(-0.,0.));
#6386 = VECTOR('',#6387,1.);
#6387 = DIRECTION('',(-0.,1.));
#6388 = ( GEOMETRIC_REPRESENTATION_CONTEXT(2) 
PARAMETRIC_REPRESENTATION_CONTEXT() REPRESENTATION_CONTEXT('2D SPACE',''
  ) );
#6389 = PCURVE('',#979,#6390);
#6390 = DEFINITIONAL_REPRESENTATION('',(#6391),#6395);
#6391 = LINE('',#6392,#6393);
#6392 = CARTESIAN_POINT('',(0.,-1.));
#6393 = VECTOR('',#6394,1.);
#6394 = DIRECTION('',(1.,0.));
#6395 = ( GEOMETRIC_REPRESENTATION_CONTEXT(2) 
PARAMETRIC_REPRESENTATION_CONTEXT() REPRESENTATION_CONTEXT('2D SPACE',''
  ) );
#6396 = ORIENTED_EDGE('',*,*,#3883,.F.);
#6397 = ORIENTED_EDGE('',*,*,#6325,.T.);
#6398 = ORIENTED_EDGE('',*,*,#990,.T.);
#6399 = ADVANCED_FACE('',(#6400),#924,.F.);
#6400 = FACE_BOUND('',#6401,.F.);
#6401 = EDGE_LOOP('',(#6402,#6403,#6404,#6405));
#6402 = ORIENTED_EDGE('',*,*,#3817,.T.);
#6403 = ORIENTED_EDGE('',*,*,#6351,.T.);
#6404 = ORIENTED_EDGE('',*,*,#909,.F.);
#6405 = ORIENTED_EDGE('',*,*,#6406,.F.);
#6406 = EDGE_CURVE('',#3818,#910,#6407,.T.);
#6407 = SURFACE_CURVE('',#6408,(#6412,#6419),.PCURVE_S1.);
#6408 = LINE('',#6409,#6410);
#6409 = CARTESIAN_POINT('',(35.,80.,-1.));
#6410 = VECTOR('',#6411,1.);
#6411 = DIRECTION('',(0.,0.,1.));
#6412 = PCURVE('',#924,#6413);
#6413 = DEFINITIONAL_REPRESENTATION('',(#6414),#6418);
#6414 = LINE('',#6415,#6416);
#6415 = CARTESIAN_POINT('',(0.,15.));
#6416 = VECTOR('',#6417,1.);
#6417 = DIRECTION('',(1.,0.));
#6418 = ( GEOMETRIC_REPRESENTATION_CONTEXT(2) 
PARAMETRIC_REPRESENTATION_CONTEXT() REPRESENTATION_CONTEXT('2D SPACE',''
  ) );
#6419 = PCURVE('',#952,#6420);
#6420 = DEFINITIONAL_REPRESENTATION('',(#6421),#6425);
#6421 = LINE('',#6422,#6423);
#6422 = CARTESIAN_POINT('',(1.570796326795,0.));
#6423 = VECTOR('',#6424,1.);
#6424 = DIRECTION('',(0.,1.));
#6425 = ( GEOMETRIC_REPRESENTATION_CONTEXT(2) 
PARAMETRIC_REPRESENTATION_CONTEXT() REPRESENTATION_CONTEXT('2D SPACE',''
  ) );
#6426 = ADVANCED_FACE('',(#6427),#979,.F.);
#6427 = FACE_BOUND('',#6428,.F.);
#6428 = EDGE_LOOP('',(#6429,#6430,#6431,#6432));
#6429 = ORIENTED_EDGE('',*,*,#964,.F.);
#6430 = ORIENTED_EDGE('',*,*,#6376,.F.);
#6431 = ORIENTED_EDGE('',*,*,#3862,.T.);
#6432 = ORIENTED_EDGE('',*,*,#6433,.T.);
#6433 = EDGE_CURVE('',#3839,#936,#6434,.T.);
#6434 = SURFACE_CURVE('',#6435,(#6439,#6446),.PCURVE_S1.);
#6435 = LINE('',#6436,#6437);
#6436 = CARTESIAN_POINT('',(36.,79.,-1.));
#6437 = VECTOR('',#6438,1.);
#6438 = DIRECTION('',(0.,0.,1.));
#6439 = PCURVE('',#979,#6440);
#6440 = DEFINITIONAL_REPRESENTATION('',(#6441),#6445);
#6441 = LINE('',#6442,#6443);
#6442 = CARTESIAN_POINT('',(0.,-3.));
#6443 = VECTOR('',#6444,1.);
#6444 = DIRECTION('',(1.,0.));
#6445 = ( GEOMETRIC_REPRESENTATION_CONTEXT(2) 
PARAMETRIC_REPRESENTATION_CONTEXT() REPRESENTATION_CONTEXT('2D SPACE',''
  ) );
#6446 = PCURVE('',#952,#6447);
#6447 = DEFINITIONAL_REPRESENTATION('',(#6448),#6452);
#6448 = LINE('',#6449,#6450);
#6449 = CARTESIAN_POINT('',(0.,0.));
#6450 = VECTOR('',#6451,1.);
#6451 = DIRECTION('',(0.,1.));
#6452 = ( GEOMETRIC_REPRESENTATION_CONTEXT(2) 
PARAMETRIC_REPRESENTATION_CONTEXT() REPRESENTATION_CONTEXT('2D SPACE',''
  ) );
#6453 = ADVANCED_FACE('',(#6454),#952,.F.);
#6454 = FACE_BOUND('',#6455,.F.);
#6455 = EDGE_LOOP('',(#6456,#6457,#6458,#6459));
#6456 = ORIENTED_EDGE('',*,*,#6433,.F.);
#6457 = ORIENTED_EDGE('',*,*,#3838,.T.);
#6458 = ORIENTED_EDGE('',*,*,#6406,.T.);
#6459 = ORIENTED_EDGE('',*,*,#935,.F.);
#6460 = ADVANCED_FACE('',(#6461),#1064,.F.);
#6461 = FACE_BOUND('',#6462,.F.);
#6462 = EDGE_LOOP('',(#6463,#6484,#6485,#6506));
#6463 = ORIENTED_EDGE('',*,*,#6464,.F.);
#6464 = EDGE_CURVE('',#3929,#1046,#6465,.T.);
#6465 = SURFACE_CURVE('',#6466,(#6470,#6477),.PCURVE_S1.);
#6466 = LINE('',#6467,#6468);
#6467 = CARTESIAN_POINT('',(54.,77.,-1.));
#6468 = VECTOR('',#6469,1.);
#6469 = DIRECTION('',(0.,0.,1.));
#6470 = PCURVE('',#1064,#6471);
#6471 = DEFINITIONAL_REPRESENTATION('',(#6472),#6476);
#6472 = LINE('',#6473,#6474);
#6473 = CARTESIAN_POINT('',(0.,0.));
#6474 = VECTOR('',#6475,1.);
#6475 = DIRECTION('',(0.,1.));
#6476 = ( GEOMETRIC_REPRESENTATION_CONTEXT(2) 
PARAMETRIC_REPRESENTATION_CONTEXT() REPRESENTATION_CONTEXT('2D SPACE',''
  ) );
#6477 = PCURVE('',#1091,#6478);
#6478 = DEFINITIONAL_REPRESENTATION('',(#6479),#6483);
#6479 = LINE('',#6480,#6481);
#6480 = CARTESIAN_POINT('',(0.,-1.));
#6481 = VECTOR('',#6482,1.);
#6482 = DIRECTION('',(1.,0.));
#6483 = ( GEOMETRIC_REPRESENTATION_CONTEXT(2) 
PARAMETRIC_REPRESENTATION_CONTEXT() REPRESENTATION_CONTEXT('2D SPACE',''
  ) );
#6484 = ORIENTED_EDGE('',*,*,#3928,.T.);
#6485 = ORIENTED_EDGE('',*,*,#6486,.T.);
#6486 = EDGE_CURVE('',#3931,#1048,#6487,.T.);
#6487 = SURFACE_CURVE('',#6488,(#6492,#6499),.PCURVE_S1.);
#6488 = LINE('',#6489,#6490);
#6489 = CARTESIAN_POINT('',(55.,76.,-1.));
#6490 = VECTOR('',#6491,1.);
#6491 = DIRECTION('',(0.,0.,1.));
#6492 = PCURVE('',#1064,#6493);
#6493 = DEFINITIONAL_REPRESENTATION('',(#6494),#6498);
#6494 = LINE('',#6495,#6496);
#6495 = CARTESIAN_POINT('',(1.570796326795,0.));
#6496 = VECTOR('',#6497,1.);
#6497 = DIRECTION('',(0.,1.));
#6498 = ( GEOMETRIC_REPRESENTATION_CONTEXT(2) 
PARAMETRIC_REPRESENTATION_CONTEXT() REPRESENTATION_CONTEXT('2D SPACE',''
  ) );
#6499 = PCURVE('',#1254,#6500);
#6500 = DEFINITIONAL_REPRESENTATION('',(#6501),#6505);
#6501 = LINE('',#6502,#6503);
#6502 = CARTESIAN_POINT('',(0.,1.));
#6503 = VECTOR('',#6504,1.);
#6504 = DIRECTION('',(1.,0.));
#6505 = ( GEOMETRIC_REPRESENTATION_CONTEXT(2) 
PARAMETRIC_REPRESENTATION_CONTEXT() REPRESENTATION_CONTEXT('2D SPACE',''
  ) );
#6506 = ORIENTED_EDGE('',*,*,#1045,.F.);
#6507 = ADVANCED_FACE('',(#6508),#1091,.T.);
#6508 = FACE_BOUND('',#6509,.T.);
#6509 = EDGE_LOOP('',(#6510,#6511,#6512,#6513));
#6510 = ORIENTED_EDGE('',*,*,#1076,.F.);
#6511 = ORIENTED_EDGE('',*,*,#6464,.F.);
#6512 = ORIENTED_EDGE('',*,*,#3954,.T.);
#6513 = ORIENTED_EDGE('',*,*,#6514,.T.);
#6514 = EDGE_CURVE('',#3955,#1077,#6515,.T.);
#6515 = SURFACE_CURVE('',#6516,(#6520,#6527),.PCURVE_S1.);
#6516 = LINE('',#6517,#6518);
#6517 = CARTESIAN_POINT('',(54.,79.,-1.));
#6518 = VECTOR('',#6519,1.);
#6519 = DIRECTION('',(0.,0.,1.));
#6520 = PCURVE('',#1091,#6521);
#6521 = DEFINITIONAL_REPRESENTATION('',(#6522),#6526);
#6522 = LINE('',#6523,#6524);
#6523 = CARTESIAN_POINT('',(0.,-3.));
#6524 = VECTOR('',#6525,1.);
#6525 = DIRECTION('',(1.,0.));
#6526 = ( GEOMETRIC_REPRESENTATION_CONTEXT(2) 
PARAMETRIC_REPRESENTATION_CONTEXT() REPRESENTATION_CONTEXT('2D SPACE',''
  ) );
#6527 = PCURVE('',#1119,#6528);
#6528 = DEFINITIONAL_REPRESENTATION('',(#6529),#6533);
#6529 = LINE('',#6530,#6531);
#6530 = CARTESIAN_POINT('',(-0.,0.));
#6531 = VECTOR('',#6532,1.);
#6532 = DIRECTION('',(-0.,1.));
#6533 = ( GEOMETRIC_REPRESENTATION_CONTEXT(2) 
PARAMETRIC_REPRESENTATION_CONTEXT() REPRESENTATION_CONTEXT('2D SPACE',''
  ) );
#6534 = ADVANCED_FACE('',(#6535),#1254,.T.);
#6535 = FACE_BOUND('',#6536,.T.);
#6536 = EDGE_LOOP('',(#6537,#6538,#6539,#6540));
#6537 = ORIENTED_EDGE('',*,*,#4089,.T.);
#6538 = ORIENTED_EDGE('',*,*,#6486,.T.);
#6539 = ORIENTED_EDGE('',*,*,#1241,.F.);
#6540 = ORIENTED_EDGE('',*,*,#6541,.F.);
#6541 = EDGE_CURVE('',#4066,#1213,#6542,.T.);
#6542 = SURFACE_CURVE('',#6543,(#6547,#6554),.PCURVE_S1.);
#6543 = LINE('',#6544,#6545);
#6544 = CARTESIAN_POINT('',(69.,76.,-1.));
#6545 = VECTOR('',#6546,1.);
#6546 = DIRECTION('',(0.,0.,1.));
#6547 = PCURVE('',#1254,#6548);
#6548 = DEFINITIONAL_REPRESENTATION('',(#6549),#6553);
#6549 = LINE('',#6550,#6551);
#6550 = CARTESIAN_POINT('',(0.,15.));
#6551 = VECTOR('',#6552,1.);
#6552 = DIRECTION('',(1.,0.));
#6553 = ( GEOMETRIC_REPRESENTATION_CONTEXT(2) 
PARAMETRIC_REPRESENTATION_CONTEXT() REPRESENTATION_CONTEXT('2D SPACE',''
  ) );
#6554 = PCURVE('',#1229,#6555);
#6555 = DEFINITIONAL_REPRESENTATION('',(#6556),#6560);
#6556 = LINE('',#6557,#6558);
#6557 = CARTESIAN_POINT('',(-1.570796326795,0.));
#6558 = VECTOR('',#6559,1.);
#6559 = DIRECTION('',(-0.,1.));
#6560 = ( GEOMETRIC_REPRESENTATION_CONTEXT(2) 
PARAMETRIC_REPRESENTATION_CONTEXT() REPRESENTATION_CONTEXT('2D SPACE',''
  ) );
#6561 = ADVANCED_FACE('',(#6562),#1119,.F.);
#6562 = FACE_BOUND('',#6563,.T.);
#6563 = EDGE_LOOP('',(#6564,#6565,#6566,#6587));
#6564 = ORIENTED_EDGE('',*,*,#6514,.F.);
#6565 = ORIENTED_EDGE('',*,*,#3975,.F.);
#6566 = ORIENTED_EDGE('',*,*,#6567,.T.);
#6567 = EDGE_CURVE('',#3976,#1103,#6568,.T.);
#6568 = SURFACE_CURVE('',#6569,(#6573,#6580),.PCURVE_S1.);
#6569 = LINE('',#6570,#6571);
#6570 = CARTESIAN_POINT('',(55.,80.,-1.));
#6571 = VECTOR('',#6572,1.);
#6572 = DIRECTION('',(0.,0.,1.));
#6573 = PCURVE('',#1119,#6574);
#6574 = DEFINITIONAL_REPRESENTATION('',(#6575),#6579);
#6575 = LINE('',#6576,#6577);
#6576 = CARTESIAN_POINT('',(-1.570796326795,0.));
#6577 = VECTOR('',#6578,1.);
#6578 = DIRECTION('',(-0.,1.));
#6579 = ( GEOMETRIC_REPRESENTATION_CONTEXT(2) 
PARAMETRIC_REPRESENTATION_CONTEXT() REPRESENTATION_CONTEXT('2D SPACE',''
  ) );
#6580 = PCURVE('',#1146,#6581);
#6581 = DEFINITIONAL_REPRESENTATION('',(#6582),#6586);
#6582 = LINE('',#6583,#6584);
#6583 = CARTESIAN_POINT('',(0.,1.));
#6584 = VECTOR('',#6585,1.);
#6585 = DIRECTION('',(1.,0.));
#6586 = ( GEOMETRIC_REPRESENTATION_CONTEXT(2) 
PARAMETRIC_REPRESENTATION_CONTEXT() REPRESENTATION_CONTEXT('2D SPACE',''
  ) );
#6587 = ORIENTED_EDGE('',*,*,#1102,.T.);
#6588 = ADVANCED_FACE('',(#6589),#1229,.F.);
#6589 = FACE_BOUND('',#6590,.T.);
#6590 = EDGE_LOOP('',(#6591,#6612,#6613,#6614));
#6591 = ORIENTED_EDGE('',*,*,#6592,.F.);
#6592 = EDGE_CURVE('',#4045,#1187,#6593,.T.);
#6593 = SURFACE_CURVE('',#6594,(#6598,#6605),.PCURVE_S1.);
#6594 = LINE('',#6595,#6596);
#6595 = CARTESIAN_POINT('',(70.,77.,-1.));
#6596 = VECTOR('',#6597,1.);
#6597 = DIRECTION('',(0.,0.,1.));
#6598 = PCURVE('',#1229,#6599);
#6599 = DEFINITIONAL_REPRESENTATION('',(#6600),#6604);
#6600 = LINE('',#6601,#6602);
#6601 = CARTESIAN_POINT('',(-0.,0.));
#6602 = VECTOR('',#6603,1.);
#6603 = DIRECTION('',(-0.,1.));
#6604 = ( GEOMETRIC_REPRESENTATION_CONTEXT(2) 
PARAMETRIC_REPRESENTATION_CONTEXT() REPRESENTATION_CONTEXT('2D SPACE',''
  ) );
#6605 = PCURVE('',#1201,#6606);
#6606 = DEFINITIONAL_REPRESENTATION('',(#6607),#6611);
#6607 = LINE('',#6608,#6609);
#6608 = CARTESIAN_POINT('',(0.,-1.));
#6609 = VECTOR('',#6610,1.);
#6610 = DIRECTION('',(1.,0.));
#6611 = ( GEOMETRIC_REPRESENTATION_CONTEXT(2) 
PARAMETRIC_REPRESENTATION_CONTEXT() REPRESENTATION_CONTEXT('2D SPACE',''
  ) );
#6612 = ORIENTED_EDGE('',*,*,#4065,.F.);
#6613 = ORIENTED_EDGE('',*,*,#6541,.T.);
#6614 = ORIENTED_EDGE('',*,*,#1212,.T.);
#6615 = ADVANCED_FACE('',(#6616),#1146,.F.);
#6616 = FACE_BOUND('',#6617,.F.);
#6617 = EDGE_LOOP('',(#6618,#6619,#6620,#6621));
#6618 = ORIENTED_EDGE('',*,*,#3999,.T.);
#6619 = ORIENTED_EDGE('',*,*,#6567,.T.);
#6620 = ORIENTED_EDGE('',*,*,#1131,.F.);
#6621 = ORIENTED_EDGE('',*,*,#6622,.F.);
#6622 = EDGE_CURVE('',#4000,#1132,#6623,.T.);
#6623 = SURFACE_CURVE('',#6624,(#6628,#6635),.PCURVE_S1.);
#6624 = LINE('',#6625,#6626);
#6625 = CARTESIAN_POINT('',(69.,80.,-1.));
#6626 = VECTOR('',#6627,1.);
#6627 = DIRECTION('',(0.,0.,1.));
#6628 = PCURVE('',#1146,#6629);
#6629 = DEFINITIONAL_REPRESENTATION('',(#6630),#6634);
#6630 = LINE('',#6631,#6632);
#6631 = CARTESIAN_POINT('',(0.,15.));
#6632 = VECTOR('',#6633,1.);
#6633 = DIRECTION('',(1.,0.));
#6634 = ( GEOMETRIC_REPRESENTATION_CONTEXT(2) 
PARAMETRIC_REPRESENTATION_CONTEXT() REPRESENTATION_CONTEXT('2D SPACE',''
  ) );
#6635 = PCURVE('',#1174,#6636);
#6636 = DEFINITIONAL_REPRESENTATION('',(#6637),#6641);
#6637 = LINE('',#6638,#6639);
#6638 = CARTESIAN_POINT('',(1.570796326795,0.));
#6639 = VECTOR('',#6640,1.);
#6640 = DIRECTION('',(0.,1.));
#6641 = ( GEOMETRIC_REPRESENTATION_CONTEXT(2) 
PARAMETRIC_REPRESENTATION_CONTEXT() REPRESENTATION_CONTEXT('2D SPACE',''
  ) );
#6642 = ADVANCED_FACE('',(#6643),#1201,.F.);
#6643 = FACE_BOUND('',#6644,.F.);
#6644 = EDGE_LOOP('',(#6645,#6646,#6647,#6648));
#6645 = ORIENTED_EDGE('',*,*,#1186,.F.);
#6646 = ORIENTED_EDGE('',*,*,#6592,.F.);
#6647 = ORIENTED_EDGE('',*,*,#4044,.T.);
#6648 = ORIENTED_EDGE('',*,*,#6649,.T.);
#6649 = EDGE_CURVE('',#4021,#1158,#6650,.T.);
#6650 = SURFACE_CURVE('',#6651,(#6655,#6662),.PCURVE_S1.);
#6651 = LINE('',#6652,#6653);
#6652 = CARTESIAN_POINT('',(70.,79.,-1.));
#6653 = VECTOR('',#6654,1.);
#6654 = DIRECTION('',(0.,0.,1.));
#6655 = PCURVE('',#1201,#6656);
#6656 = DEFINITIONAL_REPRESENTATION('',(#6657),#6661);
#6657 = LINE('',#6658,#6659);
#6658 = CARTESIAN_POINT('',(0.,-3.));
#6659 = VECTOR('',#6660,1.);
#6660 = DIRECTION('',(1.,0.));
#6661 = ( GEOMETRIC_REPRESENTATION_CONTEXT(2) 
PARAMETRIC_REPRESENTATION_CONTEXT() REPRESENTATION_CONTEXT('2D SPACE',''
  ) );
#6662 = PCURVE('',#1174,#6663);
#6663 = DEFINITIONAL_REPRESENTATION('',(#6664),#6668);
#6664 = LINE('',#6665,#6666);
#6665 = CARTESIAN_POINT('',(0.,0.));
#6666 = VECTOR('',#6667,1.);
#6667 = DIRECTION('',(0.,1.));
#6668 = ( GEOMETRIC_REPRESENTATION_CONTEXT(2) 
PARAMETRIC_REPRESENTATION_CONTEXT() REPRESENTATION_CONTEXT('2D SPACE',''
  ) );
#6669 = ADVANCED_FACE('',(#6670),#1174,.F.);
#6670 = FACE_BOUND('',#6671,.F.);
#6671 = EDGE_LOOP('',(#6672,#6673,#6674,#6675));
#6672 = ORIENTED_EDGE('',*,*,#6649,.F.);
#6673 = ORIENTED_EDGE('',*,*,#4020,.T.);
#6674 = ORIENTED_EDGE('',*,*,#6622,.T.);
#6675 = ORIENTED_EDGE('',*,*,#1157,.F.);
#6676 = ADVANCED_FACE('',(#6677),#1288,.F.);
#6677 = FACE_BOUND('',#6678,.T.);
#6678 = EDGE_LOOP('',(#6679,#6680,#6701,#6702));
#6679 = ORIENTED_EDGE('',*,*,#4110,.T.);
#6680 = ORIENTED_EDGE('',*,*,#6681,.T.);
#6681 = EDGE_CURVE('',#4111,#1268,#6682,.T.);
#6682 = SEAM_CURVE('',#6683,(#6687,#6694),.PCURVE_S1.);
#6683 = LINE('',#6684,#6685);
#6684 = CARTESIAN_POINT('',(109.7,22.,-1.));
#6685 = VECTOR('',#6686,1.);
#6686 = DIRECTION('',(0.,0.,1.));
#6687 = PCURVE('',#1288,#6688);
#6688 = DEFINITIONAL_REPRESENTATION('',(#6689),#6693);
#6689 = LINE('',#6690,#6691);
#6690 = CARTESIAN_POINT('',(-6.28318530718,0.));
#6691 = VECTOR('',#6692,1.);
#6692 = DIRECTION('',(-0.,-1.));
#6693 = ( GEOMETRIC_REPRESENTATION_CONTEXT(2) 
PARAMETRIC_REPRESENTATION_CONTEXT() REPRESENTATION_CONTEXT('2D SPACE',''
  ) );
#6694 = PCURVE('',#1288,#6695);
#6695 = DEFINITIONAL_REPRESENTATION('',(#6696),#6700);
#6696 = LINE('',#6697,#6698);
#6697 = CARTESIAN_POINT('',(-0.,0.));
#6698 = VECTOR('',#6699,1.);
#6699 = DIRECTION('',(-0.,-1.));
#6700 = ( GEOMETRIC_REPRESENTATION_CONTEXT(2) 
PARAMETRIC_REPRESENTATION_CONTEXT() REPRESENTATION_CONTEXT('2D SPACE',''
  ) );
#6701 = ORIENTED_EDGE('',*,*,#1267,.F.);
#6702 = ORIENTED_EDGE('',*,*,#6681,.F.);
#6703 = ADVANCED_FACE('',(#6704),#1321,.F.);
#6704 = FACE_BOUND('',#6705,.F.);
#6705 = EDGE_LOOP('',(#6706,#6727,#6728,#6749));
#6706 = ORIENTED_EDGE('',*,*,#6707,.F.);
#6707 = EDGE_CURVE('',#4141,#1303,#6708,.T.);
#6708 = SURFACE_CURVE('',#6709,(#6713,#6720),.PCURVE_S1.);
#6709 = LINE('',#6710,#6711);
#6710 = CARTESIAN_POINT('',(88.,38.,-1.));
#6711 = VECTOR('',#6712,1.);
#6712 = DIRECTION('',(0.,0.,1.));
#6713 = PCURVE('',#1321,#6714);
#6714 = DEFINITIONAL_REPRESENTATION('',(#6715),#6719);
#6715 = LINE('',#6716,#6717);
#6716 = CARTESIAN_POINT('',(0.,0.));
#6717 = VECTOR('',#6718,1.);
#6718 = DIRECTION('',(0.,1.));
#6719 = ( GEOMETRIC_REPRESENTATION_CONTEXT(2) 
PARAMETRIC_REPRESENTATION_CONTEXT() REPRESENTATION_CONTEXT('2D SPACE',''
  ) );
#6720 = PCURVE('',#1348,#6721);
#6721 = DEFINITIONAL_REPRESENTATION('',(#6722),#6726);
#6722 = LINE('',#6723,#6724);
#6723 = CARTESIAN_POINT('',(0.,-1.));
#6724 = VECTOR('',#6725,1.);
#6725 = DIRECTION('',(1.,0.));
#6726 = ( GEOMETRIC_REPRESENTATION_CONTEXT(2) 
PARAMETRIC_REPRESENTATION_CONTEXT() REPRESENTATION_CONTEXT('2D SPACE',''
  ) );
#6727 = ORIENTED_EDGE('',*,*,#4140,.T.);
#6728 = ORIENTED_EDGE('',*,*,#6729,.T.);
#6729 = EDGE_CURVE('',#4143,#1305,#6730,.T.);
#6730 = SURFACE_CURVE('',#6731,(#6735,#6742),.PCURVE_S1.);
#6731 = LINE('',#6732,#6733);
#6732 = CARTESIAN_POINT('',(89.,37.,-1.));
#6733 = VECTOR('',#6734,1.);
#6734 = DIRECTION('',(0.,0.,1.));
#6735 = PCURVE('',#1321,#6736);
#6736 = DEFINITIONAL_REPRESENTATION('',(#6737),#6741);
#6737 = LINE('',#6738,#6739);
#6738 = CARTESIAN_POINT('',(1.570796326795,0.));
#6739 = VECTOR('',#6740,1.);
#6740 = DIRECTION('',(0.,1.));
#6741 = ( GEOMETRIC_REPRESENTATION_CONTEXT(2) 
PARAMETRIC_REPRESENTATION_CONTEXT() REPRESENTATION_CONTEXT('2D SPACE',''
  ) );
#6742 = PCURVE('',#1511,#6743);
#6743 = DEFINITIONAL_REPRESENTATION('',(#6744),#6748);
#6744 = LINE('',#6745,#6746);
#6745 = CARTESIAN_POINT('',(0.,1.));
#6746 = VECTOR('',#6747,1.);
#6747 = DIRECTION('',(1.,0.));
#6748 = ( GEOMETRIC_REPRESENTATION_CONTEXT(2) 
PARAMETRIC_REPRESENTATION_CONTEXT() REPRESENTATION_CONTEXT('2D SPACE',''
  ) );
#6749 = ORIENTED_EDGE('',*,*,#1302,.F.);
#6750 = ADVANCED_FACE('',(#6751),#1348,.T.);
#6751 = FACE_BOUND('',#6752,.T.);
#6752 = EDGE_LOOP('',(#6753,#6754,#6755,#6756));
#6753 = ORIENTED_EDGE('',*,*,#1333,.F.);
#6754 = ORIENTED_EDGE('',*,*,#6707,.F.);
#6755 = ORIENTED_EDGE('',*,*,#4166,.T.);
#6756 = ORIENTED_EDGE('',*,*,#6757,.T.);
#6757 = EDGE_CURVE('',#4167,#1334,#6758,.T.);
#6758 = SURFACE_CURVE('',#6759,(#6763,#6770),.PCURVE_S1.);
#6759 = LINE('',#6760,#6761);
#6760 = CARTESIAN_POINT('',(88.,40.,-1.));
#6761 = VECTOR('',#6762,1.);
#6762 = DIRECTION('',(0.,0.,1.));
#6763 = PCURVE('',#1348,#6764);
#6764 = DEFINITIONAL_REPRESENTATION('',(#6765),#6769);
#6765 = LINE('',#6766,#6767);
#6766 = CARTESIAN_POINT('',(0.,-3.));
#6767 = VECTOR('',#6768,1.);
#6768 = DIRECTION('',(1.,0.));
#6769 = ( GEOMETRIC_REPRESENTATION_CONTEXT(2) 
PARAMETRIC_REPRESENTATION_CONTEXT() REPRESENTATION_CONTEXT('2D SPACE',''
  ) );
#6770 = PCURVE('',#1376,#6771);
#6771 = DEFINITIONAL_REPRESENTATION('',(#6772),#6776);
#6772 = LINE('',#6773,#6774);
#6773 = CARTESIAN_POINT('',(-0.,0.));
#6774 = VECTOR('',#6775,1.);
#6775 = DIRECTION('',(-0.,1.));
#6776 = ( GEOMETRIC_REPRESENTATION_CONTEXT(2) 
PARAMETRIC_REPRESENTATION_CONTEXT() REPRESENTATION_CONTEXT('2D SPACE',''
  ) );
#6777 = ADVANCED_FACE('',(#6778),#1511,.T.);
#6778 = FACE_BOUND('',#6779,.T.);
#6779 = EDGE_LOOP('',(#6780,#6781,#6782,#6783));
#6780 = ORIENTED_EDGE('',*,*,#4301,.T.);
#6781 = ORIENTED_EDGE('',*,*,#6729,.T.);
#6782 = ORIENTED_EDGE('',*,*,#1498,.F.);
#6783 = ORIENTED_EDGE('',*,*,#6784,.F.);
#6784 = EDGE_CURVE('',#4278,#1470,#6785,.T.);
#6785 = SURFACE_CURVE('',#6786,(#6790,#6797),.PCURVE_S1.);
#6786 = LINE('',#6787,#6788);
#6787 = CARTESIAN_POINT('',(103.,37.,-1.));
#6788 = VECTOR('',#6789,1.);
#6789 = DIRECTION('',(0.,0.,1.));
#6790 = PCURVE('',#1511,#6791);
#6791 = DEFINITIONAL_REPRESENTATION('',(#6792),#6796);
#6792 = LINE('',#6793,#6794);
#6793 = CARTESIAN_POINT('',(0.,15.));
#6794 = VECTOR('',#6795,1.);
#6795 = DIRECTION('',(1.,0.));
#6796 = ( GEOMETRIC_REPRESENTATION_CONTEXT(2) 
PARAMETRIC_REPRESENTATION_CONTEXT() REPRESENTATION_CONTEXT('2D SPACE',''
  ) );
#6797 = PCURVE('',#1486,#6798);
#6798 = DEFINITIONAL_REPRESENTATION('',(#6799),#6803);
#6799 = LINE('',#6800,#6801);
#6800 = CARTESIAN_POINT('',(-1.570796326795,0.));
#6801 = VECTOR('',#6802,1.);
#6802 = DIRECTION('',(-0.,1.));
#6803 = ( GEOMETRIC_REPRESENTATION_CONTEXT(2) 
PARAMETRIC_REPRESENTATION_CONTEXT() REPRESENTATION_CONTEXT('2D SPACE',''
  ) );
#6804 = ADVANCED_FACE('',(#6805),#1376,.F.);
#6805 = FACE_BOUND('',#6806,.T.);
#6806 = EDGE_LOOP('',(#6807,#6808,#6809,#6830));
#6807 = ORIENTED_EDGE('',*,*,#6757,.F.);
#6808 = ORIENTED_EDGE('',*,*,#4187,.F.);
#6809 = ORIENTED_EDGE('',*,*,#6810,.T.);
#6810 = EDGE_CURVE('',#4188,#1360,#6811,.T.);
#6811 = SURFACE_CURVE('',#6812,(#6816,#6823),.PCURVE_S1.);
#6812 = LINE('',#6813,#6814);
#6813 = CARTESIAN_POINT('',(89.,41.,-1.));
#6814 = VECTOR('',#6815,1.);
#6815 = DIRECTION('',(0.,0.,1.));
#6816 = PCURVE('',#1376,#6817);
#6817 = DEFINITIONAL_REPRESENTATION('',(#6818),#6822);
#6818 = LINE('',#6819,#6820);
#6819 = CARTESIAN_POINT('',(-1.570796326795,0.));
#6820 = VECTOR('',#6821,1.);
#6821 = DIRECTION('',(-0.,1.));
#6822 = ( GEOMETRIC_REPRESENTATION_CONTEXT(2) 
PARAMETRIC_REPRESENTATION_CONTEXT() REPRESENTATION_CONTEXT('2D SPACE',''
  ) );
#6823 = PCURVE('',#1403,#6824);
#6824 = DEFINITIONAL_REPRESENTATION('',(#6825),#6829);
#6825 = LINE('',#6826,#6827);
#6826 = CARTESIAN_POINT('',(0.,1.));
#6827 = VECTOR('',#6828,1.);
#6828 = DIRECTION('',(1.,0.));
#6829 = ( GEOMETRIC_REPRESENTATION_CONTEXT(2) 
PARAMETRIC_REPRESENTATION_CONTEXT() REPRESENTATION_CONTEXT('2D SPACE',''
  ) );
#6830 = ORIENTED_EDGE('',*,*,#1359,.T.);
#6831 = ADVANCED_FACE('',(#6832),#1486,.F.);
#6832 = FACE_BOUND('',#6833,.T.);
#6833 = EDGE_LOOP('',(#6834,#6855,#6856,#6857));
#6834 = ORIENTED_EDGE('',*,*,#6835,.F.);
#6835 = EDGE_CURVE('',#4257,#1444,#6836,.T.);
#6836 = SURFACE_CURVE('',#6837,(#6841,#6848),.PCURVE_S1.);
#6837 = LINE('',#6838,#6839);
#6838 = CARTESIAN_POINT('',(104.,38.,-1.));
#6839 = VECTOR('',#6840,1.);
#6840 = DIRECTION('',(0.,0.,1.));
#6841 = PCURVE('',#1486,#6842);
#6842 = DEFINITIONAL_REPRESENTATION('',(#6843),#6847);
#6843 = LINE('',#6844,#6845);
#6844 = CARTESIAN_POINT('',(-0.,0.));
#6845 = VECTOR('',#6846,1.);
#6846 = DIRECTION('',(-0.,1.));
#6847 = ( GEOMETRIC_REPRESENTATION_CONTEXT(2) 
PARAMETRIC_REPRESENTATION_CONTEXT() REPRESENTATION_CONTEXT('2D SPACE',''
  ) );
#6848 = PCURVE('',#1458,#6849);
#6849 = DEFINITIONAL_REPRESENTATION('',(#6850),#6854);
#6850 = LINE('',#6851,#6852);
#6851 = CARTESIAN_POINT('',(0.,-1.));
#6852 = VECTOR('',#6853,1.);
#6853 = DIRECTION('',(1.,0.));
#6854 = ( GEOMETRIC_REPRESENTATION_CONTEXT(2) 
PARAMETRIC_REPRESENTATION_CONTEXT() REPRESENTATION_CONTEXT('2D SPACE',''
  ) );
#6855 = ORIENTED_EDGE('',*,*,#4277,.F.);
#6856 = ORIENTED_EDGE('',*,*,#6784,.T.);
#6857 = ORIENTED_EDGE('',*,*,#1469,.T.);
#6858 = ADVANCED_FACE('',(#6859),#1403,.F.);
#6859 = FACE_BOUND('',#6860,.F.);
#6860 = EDGE_LOOP('',(#6861,#6862,#6863,#6864));
#6861 = ORIENTED_EDGE('',*,*,#4211,.T.);
#6862 = ORIENTED_EDGE('',*,*,#6810,.T.);
#6863 = ORIENTED_EDGE('',*,*,#1388,.F.);
#6864 = ORIENTED_EDGE('',*,*,#6865,.F.);
#6865 = EDGE_CURVE('',#4212,#1389,#6866,.T.);
#6866 = SURFACE_CURVE('',#6867,(#6871,#6878),.PCURVE_S1.);
#6867 = LINE('',#6868,#6869);
#6868 = CARTESIAN_POINT('',(103.,41.,-1.));
#6869 = VECTOR('',#6870,1.);
#6870 = DIRECTION('',(0.,0.,1.));
#6871 = PCURVE('',#1403,#6872);
#6872 = DEFINITIONAL_REPRESENTATION('',(#6873),#6877);
#6873 = LINE('',#6874,#6875);
#6874 = CARTESIAN_POINT('',(0.,15.));
#6875 = VECTOR('',#6876,1.);
#6876 = DIRECTION('',(1.,0.));
#6877 = ( GEOMETRIC_REPRESENTATION_CONTEXT(2) 
PARAMETRIC_REPRESENTATION_CONTEXT() REPRESENTATION_CONTEXT('2D SPACE',''
  ) );
#6878 = PCURVE('',#1431,#6879);
#6879 = DEFINITIONAL_REPRESENTATION('',(#6880),#6884);
#6880 = LINE('',#6881,#6882);
#6881 = CARTESIAN_POINT('',(1.570796326795,0.));
#6882 = VECTOR('',#6883,1.);
#6883 = DIRECTION('',(0.,1.));
#6884 = ( GEOMETRIC_REPRESENTATION_CONTEXT(2) 
PARAMETRIC_REPRESENTATION_CONTEXT() REPRESENTATION_CONTEXT('2D SPACE',''
  ) );
#6885 = ADVANCED_FACE('',(#6886),#1458,.F.);
#6886 = FACE_BOUND('',#6887,.F.);
#6887 = EDGE_LOOP('',(#6888,#6889,#6890,#6891));
#6888 = ORIENTED_EDGE('',*,*,#1443,.F.);
#6889 = ORIENTED_EDGE('',*,*,#6835,.F.);
#6890 = ORIENTED_EDGE('',*,*,#4256,.T.);
#6891 = ORIENTED_EDGE('',*,*,#6892,.T.);
#6892 = EDGE_CURVE('',#4233,#1415,#6893,.T.);
#6893 = SURFACE_CURVE('',#6894,(#6898,#6905),.PCURVE_S1.);
#6894 = LINE('',#6895,#6896);
#6895 = CARTESIAN_POINT('',(104.,40.,-1.));
#6896 = VECTOR('',#6897,1.);
#6897 = DIRECTION('',(0.,0.,1.));
#6898 = PCURVE('',#1458,#6899);
#6899 = DEFINITIONAL_REPRESENTATION('',(#6900),#6904);
#6900 = LINE('',#6901,#6902);
#6901 = CARTESIAN_POINT('',(0.,-3.));
#6902 = VECTOR('',#6903,1.);
#6903 = DIRECTION('',(1.,0.));
#6904 = ( GEOMETRIC_REPRESENTATION_CONTEXT(2) 
PARAMETRIC_REPRESENTATION_CONTEXT() REPRESENTATION_CONTEXT('2D SPACE',''
  ) );
#6905 = PCURVE('',#1431,#6906);
#6906 = DEFINITIONAL_REPRESENTATION('',(#6907),#6911);
#6907 = LINE('',#6908,#6909);
#6908 = CARTESIAN_POINT('',(0.,0.));
#6909 = VECTOR('',#6910,1.);
#6910 = DIRECTION('',(0.,1.));
#6911 = ( GEOMETRIC_REPRESENTATION_CONTEXT(2) 
PARAMETRIC_REPRESENTATION_CONTEXT() REPRESENTATION_CONTEXT('2D SPACE',''
  ) );
#6912 = ADVANCED_FACE('',(#6913),#1431,.F.);
#6913 = FACE_BOUND('',#6914,.F.);
#6914 = EDGE_LOOP('',(#6915,#6916,#6917,#6918));
#6915 = ORIENTED_EDGE('',*,*,#6892,.F.);
#6916 = ORIENTED_EDGE('',*,*,#4232,.T.);
#6917 = ORIENTED_EDGE('',*,*,#6865,.T.);
#6918 = ORIENTED_EDGE('',*,*,#1414,.F.);
#6919 = ADVANCED_FACE('',(#6920),#1543,.F.);
#6920 = FACE_BOUND('',#6921,.F.);
#6921 = EDGE_LOOP('',(#6922,#6943,#6944,#6965));
#6922 = ORIENTED_EDGE('',*,*,#6923,.F.);
#6923 = EDGE_CURVE('',#4323,#1525,#6924,.T.);
#6924 = SURFACE_CURVE('',#6925,(#6929,#6936),.PCURVE_S1.);
#6925 = LINE('',#6926,#6927);
#6926 = CARTESIAN_POINT('',(88.,77.,-1.));
#6927 = VECTOR('',#6928,1.);
#6928 = DIRECTION('',(0.,0.,1.));
#6929 = PCURVE('',#1543,#6930);
#6930 = DEFINITIONAL_REPRESENTATION('',(#6931),#6935);
#6931 = LINE('',#6932,#6933);
#6932 = CARTESIAN_POINT('',(0.,0.));
#6933 = VECTOR('',#6934,1.);
#6934 = DIRECTION('',(0.,1.));
#6935 = ( GEOMETRIC_REPRESENTATION_CONTEXT(2) 
PARAMETRIC_REPRESENTATION_CONTEXT() REPRESENTATION_CONTEXT('2D SPACE',''
  ) );
#6936 = PCURVE('',#1570,#6937);
#6937 = DEFINITIONAL_REPRESENTATION('',(#6938),#6942);
#6938 = LINE('',#6939,#6940);
#6939 = CARTESIAN_POINT('',(0.,-1.));
#6940 = VECTOR('',#6941,1.);
#6941 = DIRECTION('',(1.,0.));
#6942 = ( GEOMETRIC_REPRESENTATION_CONTEXT(2) 
PARAMETRIC_REPRESENTATION_CONTEXT() REPRESENTATION_CONTEXT('2D SPACE',''
  ) );
#6943 = ORIENTED_EDGE('',*,*,#4322,.T.);
#6944 = ORIENTED_EDGE('',*,*,#6945,.T.);
#6945 = EDGE_CURVE('',#4325,#1527,#6946,.T.);
#6946 = SURFACE_CURVE('',#6947,(#6951,#6958),.PCURVE_S1.);
#6947 = LINE('',#6948,#6949);
#6948 = CARTESIAN_POINT('',(89.,76.,-1.));
#6949 = VECTOR('',#6950,1.);
#6950 = DIRECTION('',(0.,0.,1.));
#6951 = PCURVE('',#1543,#6952);
#6952 = DEFINITIONAL_REPRESENTATION('',(#6953),#6957);
#6953 = LINE('',#6954,#6955);
#6954 = CARTESIAN_POINT('',(1.570796326795,0.));
#6955 = VECTOR('',#6956,1.);
#6956 = DIRECTION('',(0.,1.));
#6957 = ( GEOMETRIC_REPRESENTATION_CONTEXT(2) 
PARAMETRIC_REPRESENTATION_CONTEXT() REPRESENTATION_CONTEXT('2D SPACE',''
  ) );
#6958 = PCURVE('',#1733,#6959);
#6959 = DEFINITIONAL_REPRESENTATION('',(#6960),#6964);
#6960 = LINE('',#6961,#6962);
#6961 = CARTESIAN_POINT('',(0.,1.));
#6962 = VECTOR('',#6963,1.);
#6963 = DIRECTION('',(1.,0.));
#6964 = ( GEOMETRIC_REPRESENTATION_CONTEXT(2) 
PARAMETRIC_REPRESENTATION_CONTEXT() REPRESENTATION_CONTEXT('2D SPACE',''
  ) );
#6965 = ORIENTED_EDGE('',*,*,#1524,.F.);
#6966 = ADVANCED_FACE('',(#6967),#1570,.T.);
#6967 = FACE_BOUND('',#6968,.T.);
#6968 = EDGE_LOOP('',(#6969,#6970,#6971,#6972));
#6969 = ORIENTED_EDGE('',*,*,#1555,.F.);
#6970 = ORIENTED_EDGE('',*,*,#6923,.F.);
#6971 = ORIENTED_EDGE('',*,*,#4348,.T.);
#6972 = ORIENTED_EDGE('',*,*,#6973,.T.);
#6973 = EDGE_CURVE('',#4349,#1556,#6974,.T.);
#6974 = SURFACE_CURVE('',#6975,(#6979,#6986),.PCURVE_S1.);
#6975 = LINE('',#6976,#6977);
#6976 = CARTESIAN_POINT('',(88.,79.,-1.));
#6977 = VECTOR('',#6978,1.);
#6978 = DIRECTION('',(0.,0.,1.));
#6979 = PCURVE('',#1570,#6980);
#6980 = DEFINITIONAL_REPRESENTATION('',(#6981),#6985);
#6981 = LINE('',#6982,#6983);
#6982 = CARTESIAN_POINT('',(0.,-3.));
#6983 = VECTOR('',#6984,1.);
#6984 = DIRECTION('',(1.,0.));
#6985 = ( GEOMETRIC_REPRESENTATION_CONTEXT(2) 
PARAMETRIC_REPRESENTATION_CONTEXT() REPRESENTATION_CONTEXT('2D SPACE',''
  ) );
#6986 = PCURVE('',#1598,#6987);
#6987 = DEFINITIONAL_REPRESENTATION('',(#6988),#6992);
#6988 = LINE('',#6989,#6990);
#6989 = CARTESIAN_POINT('',(-0.,0.));
#6990 = VECTOR('',#6991,1.);
#6991 = DIRECTION('',(-0.,1.));
#6992 = ( GEOMETRIC_REPRESENTATION_CONTEXT(2) 
PARAMETRIC_REPRESENTATION_CONTEXT() REPRESENTATION_CONTEXT('2D SPACE',''
  ) );
#6993 = ADVANCED_FACE('',(#6994),#1733,.T.);
#6994 = FACE_BOUND('',#6995,.T.);
#6995 = EDGE_LOOP('',(#6996,#6997,#6998,#6999));
#6996 = ORIENTED_EDGE('',*,*,#4483,.T.);
#6997 = ORIENTED_EDGE('',*,*,#6945,.T.);
#6998 = ORIENTED_EDGE('',*,*,#1720,.F.);
#6999 = ORIENTED_EDGE('',*,*,#7000,.F.);
#7000 = EDGE_CURVE('',#4460,#1692,#7001,.T.);
#7001 = SURFACE_CURVE('',#7002,(#7006,#7013),.PCURVE_S1.);
#7002 = LINE('',#7003,#7004);
#7003 = CARTESIAN_POINT('',(103.,76.,-1.));
#7004 = VECTOR('',#7005,1.);
#7005 = DIRECTION('',(0.,0.,1.));
#7006 = PCURVE('',#1733,#7007);
#7007 = DEFINITIONAL_REPRESENTATION('',(#7008),#7012);
#7008 = LINE('',#7009,#7010);
#7009 = CARTESIAN_POINT('',(0.,15.));
#7010 = VECTOR('',#7011,1.);
#7011 = DIRECTION('',(1.,0.));
#7012 = ( GEOMETRIC_REPRESENTATION_CONTEXT(2) 
PARAMETRIC_REPRESENTATION_CONTEXT() REPRESENTATION_CONTEXT('2D SPACE',''
  ) );
#7013 = PCURVE('',#1708,#7014);
#7014 = DEFINITIONAL_REPRESENTATION('',(#7015),#7019);
#7015 = LINE('',#7016,#7017);
#7016 = CARTESIAN_POINT('',(-1.570796326795,0.));
#7017 = VECTOR('',#7018,1.);
#7018 = DIRECTION('',(-0.,1.));
#7019 = ( GEOMETRIC_REPRESENTATION_CONTEXT(2) 
PARAMETRIC_REPRESENTATION_CONTEXT() REPRESENTATION_CONTEXT('2D SPACE',''
  ) );
#7020 = ADVANCED_FACE('',(#7021),#1598,.F.);
#7021 = FACE_BOUND('',#7022,.T.);
#7022 = EDGE_LOOP('',(#7023,#7024,#7025,#7046));
#7023 = ORIENTED_EDGE('',*,*,#6973,.F.);
#7024 = ORIENTED_EDGE('',*,*,#4369,.F.);
#7025 = ORIENTED_EDGE('',*,*,#7026,.T.);
#7026 = EDGE_CURVE('',#4370,#1582,#7027,.T.);
#7027 = SURFACE_CURVE('',#7028,(#7032,#7039),.PCURVE_S1.);
#7028 = LINE('',#7029,#7030);
#7029 = CARTESIAN_POINT('',(89.,80.,-1.));
#7030 = VECTOR('',#7031,1.);
#7031 = DIRECTION('',(0.,0.,1.));
#7032 = PCURVE('',#1598,#7033);
#7033 = DEFINITIONAL_REPRESENTATION('',(#7034),#7038);
#7034 = LINE('',#7035,#7036);
#7035 = CARTESIAN_POINT('',(-1.570796326795,0.));
#7036 = VECTOR('',#7037,1.);
#7037 = DIRECTION('',(-0.,1.));
#7038 = ( GEOMETRIC_REPRESENTATION_CONTEXT(2) 
PARAMETRIC_REPRESENTATION_CONTEXT() REPRESENTATION_CONTEXT('2D SPACE',''
  ) );
#7039 = PCURVE('',#1625,#7040);
#7040 = DEFINITIONAL_REPRESENTATION('',(#7041),#7045);
#7041 = LINE('',#7042,#7043);
#7042 = CARTESIAN_POINT('',(0.,1.));
#7043 = VECTOR('',#7044,1.);
#7044 = DIRECTION('',(1.,0.));
#7045 = ( GEOMETRIC_REPRESENTATION_CONTEXT(2) 
PARAMETRIC_REPRESENTATION_CONTEXT() REPRESENTATION_CONTEXT('2D SPACE',''
  ) );
#7046 = ORIENTED_EDGE('',*,*,#1581,.T.);
#7047 = ADVANCED_FACE('',(#7048),#1708,.F.);
#7048 = FACE_BOUND('',#7049,.T.);
#7049 = EDGE_LOOP('',(#7050,#7071,#7072,#7073));
#7050 = ORIENTED_EDGE('',*,*,#7051,.F.);
#7051 = EDGE_CURVE('',#4439,#1666,#7052,.T.);
#7052 = SURFACE_CURVE('',#7053,(#7057,#7064),.PCURVE_S1.);
#7053 = LINE('',#7054,#7055);
#7054 = CARTESIAN_POINT('',(104.,77.,-1.));
#7055 = VECTOR('',#7056,1.);
#7056 = DIRECTION('',(0.,0.,1.));
#7057 = PCURVE('',#1708,#7058);
#7058 = DEFINITIONAL_REPRESENTATION('',(#7059),#7063);
#7059 = LINE('',#7060,#7061);
#7060 = CARTESIAN_POINT('',(-0.,0.));
#7061 = VECTOR('',#7062,1.);
#7062 = DIRECTION('',(-0.,1.));
#7063 = ( GEOMETRIC_REPRESENTATION_CONTEXT(2) 
PARAMETRIC_REPRESENTATION_CONTEXT() REPRESENTATION_CONTEXT('2D SPACE',''
  ) );
#7064 = PCURVE('',#1680,#7065);
#7065 = DEFINITIONAL_REPRESENTATION('',(#7066),#7070);
#7066 = LINE('',#7067,#7068);
#7067 = CARTESIAN_POINT('',(0.,-1.));
#7068 = VECTOR('',#7069,1.);
#7069 = DIRECTION('',(1.,0.));
#7070 = ( GEOMETRIC_REPRESENTATION_CONTEXT(2) 
PARAMETRIC_REPRESENTATION_CONTEXT() REPRESENTATION_CONTEXT('2D SPACE',''
  ) );
#7071 = ORIENTED_EDGE('',*,*,#4459,.F.);
#7072 = ORIENTED_EDGE('',*,*,#7000,.T.);
#7073 = ORIENTED_EDGE('',*,*,#1691,.T.);
#7074 = ADVANCED_FACE('',(#7075),#1625,.F.);
#7075 = FACE_BOUND('',#7076,.F.);
#7076 = EDGE_LOOP('',(#7077,#7078,#7079,#7080));
#7077 = ORIENTED_EDGE('',*,*,#4393,.T.);
#7078 = ORIENTED_EDGE('',*,*,#7026,.T.);
#7079 = ORIENTED_EDGE('',*,*,#1610,.F.);
#7080 = ORIENTED_EDGE('',*,*,#7081,.F.);
#7081 = EDGE_CURVE('',#4394,#1611,#7082,.T.);
#7082 = SURFACE_CURVE('',#7083,(#7087,#7094),.PCURVE_S1.);
#7083 = LINE('',#7084,#7085);
#7084 = CARTESIAN_POINT('',(103.,80.,-1.));
#7085 = VECTOR('',#7086,1.);
#7086 = DIRECTION('',(0.,0.,1.));
#7087 = PCURVE('',#1625,#7088);
#7088 = DEFINITIONAL_REPRESENTATION('',(#7089),#7093);
#7089 = LINE('',#7090,#7091);
#7090 = CARTESIAN_POINT('',(0.,15.));
#7091 = VECTOR('',#7092,1.);
#7092 = DIRECTION('',(1.,0.));
#7093 = ( GEOMETRIC_REPRESENTATION_CONTEXT(2) 
PARAMETRIC_REPRESENTATION_CONTEXT() REPRESENTATION_CONTEXT('2D SPACE',''
  ) );
#7094 = PCURVE('',#1653,#7095);
#7095 = DEFINITIONAL_REPRESENTATION('',(#7096),#7100);
#7096 = LINE('',#7097,#7098);
#7097 = CARTESIAN_POINT('',(1.570796326795,0.));
#7098 = VECTOR('',#7099,1.);
#7099 = DIRECTION('',(0.,1.));
#7100 = ( GEOMETRIC_REPRESENTATION_CONTEXT(2) 
PARAMETRIC_REPRESENTATION_CONTEXT() REPRESENTATION_CONTEXT('2D SPACE',''
  ) );
#7101 = ADVANCED_FACE('',(#7102),#1680,.F.);
#7102 = FACE_BOUND('',#7103,.F.);
#7103 = EDGE_LOOP('',(#7104,#7105,#7106,#7107));
#7104 = ORIENTED_EDGE('',*,*,#1665,.F.);
#7105 = ORIENTED_EDGE('',*,*,#7051,.F.);
#7106 = ORIENTED_EDGE('',*,*,#4438,.T.);
#7107 = ORIENTED_EDGE('',*,*,#7108,.T.);
#7108 = EDGE_CURVE('',#4415,#1637,#7109,.T.);
#7109 = SURFACE_CURVE('',#7110,(#7114,#7121),.PCURVE_S1.);
#7110 = LINE('',#7111,#7112);
#7111 = CARTESIAN_POINT('',(104.,79.,-1.));
#7112 = VECTOR('',#7113,1.);
#7113 = DIRECTION('',(0.,0.,1.));
#7114 = PCURVE('',#1680,#7115);
#7115 = DEFINITIONAL_REPRESENTATION('',(#7116),#7120);
#7116 = LINE('',#7117,#7118);
#7117 = CARTESIAN_POINT('',(0.,-3.));
#7118 = VECTOR('',#7119,1.);
#7119 = DIRECTION('',(1.,0.));
#7120 = ( GEOMETRIC_REPRESENTATION_CONTEXT(2) 
PARAMETRIC_REPRESENTATION_CONTEXT() REPRESENTATION_CONTEXT('2D SPACE',''
  ) );
#7121 = PCURVE('',#1653,#7122);
#7122 = DEFINITIONAL_REPRESENTATION('',(#7123),#7127);
#7123 = LINE('',#7124,#7125);
#7124 = CARTESIAN_POINT('',(0.,0.));
#7125 = VECTOR('',#7126,1.);
#7126 = DIRECTION('',(0.,1.));
#7127 = ( GEOMETRIC_REPRESENTATION_CONTEXT(2) 
PARAMETRIC_REPRESENTATION_CONTEXT() REPRESENTATION_CONTEXT('2D SPACE',''
  ) );
#7128 = ADVANCED_FACE('',(#7129),#1653,.F.);
#7129 = FACE_BOUND('',#7130,.F.);
#7130 = EDGE_LOOP('',(#7131,#7132,#7133,#7134));
#7131 = ORIENTED_EDGE('',*,*,#7108,.F.);
#7132 = ORIENTED_EDGE('',*,*,#4414,.T.);
#7133 = ORIENTED_EDGE('',*,*,#7081,.T.);
#7134 = ORIENTED_EDGE('',*,*,#1636,.F.);
#7135 = ADVANCED_FACE('',(#7136),#1765,.F.);
#7136 = FACE_BOUND('',#7137,.F.);
#7137 = EDGE_LOOP('',(#7138,#7159,#7160,#7181));
#7138 = ORIENTED_EDGE('',*,*,#7139,.F.);
#7139 = EDGE_CURVE('',#4505,#1747,#7140,.T.);
#7140 = SURFACE_CURVE('',#7141,(#7145,#7152),.PCURVE_S1.);
#7141 = LINE('',#7142,#7143);
#7142 = CARTESIAN_POINT('',(20.,116.,-1.));
#7143 = VECTOR('',#7144,1.);
#7144 = DIRECTION('',(0.,0.,1.));
#7145 = PCURVE('',#1765,#7146);
#7146 = DEFINITIONAL_REPRESENTATION('',(#7147),#7151);
#7147 = LINE('',#7148,#7149);
#7148 = CARTESIAN_POINT('',(0.,0.));
#7149 = VECTOR('',#7150,1.);
#7150 = DIRECTION('',(0.,1.));
#7151 = ( GEOMETRIC_REPRESENTATION_CONTEXT(2) 
PARAMETRIC_REPRESENTATION_CONTEXT() REPRESENTATION_CONTEXT('2D SPACE',''
  ) );
#7152 = PCURVE('',#1792,#7153);
#7153 = DEFINITIONAL_REPRESENTATION('',(#7154),#7158);
#7154 = LINE('',#7155,#7156);
#7155 = CARTESIAN_POINT('',(0.,-1.));
#7156 = VECTOR('',#7157,1.);
#7157 = DIRECTION('',(1.,0.));
#7158 = ( GEOMETRIC_REPRESENTATION_CONTEXT(2) 
PARAMETRIC_REPRESENTATION_CONTEXT() REPRESENTATION_CONTEXT('2D SPACE',''
  ) );
#7159 = ORIENTED_EDGE('',*,*,#4504,.T.);
#7160 = ORIENTED_EDGE('',*,*,#7161,.T.);
#7161 = EDGE_CURVE('',#4507,#1749,#7162,.T.);
#7162 = SURFACE_CURVE('',#7163,(#7167,#7174),.PCURVE_S1.);
#7163 = LINE('',#7164,#7165);
#7164 = CARTESIAN_POINT('',(21.,115.,-1.));
#7165 = VECTOR('',#7166,1.);
#7166 = DIRECTION('',(0.,0.,1.));
#7167 = PCURVE('',#1765,#7168);
#7168 = DEFINITIONAL_REPRESENTATION('',(#7169),#7173);
#7169 = LINE('',#7170,#7171);
#7170 = CARTESIAN_POINT('',(1.570796326795,0.));
#7171 = VECTOR('',#7172,1.);
#7172 = DIRECTION('',(0.,1.));
#7173 = ( GEOMETRIC_REPRESENTATION_CONTEXT(2) 
PARAMETRIC_REPRESENTATION_CONTEXT() REPRESENTATION_CONTEXT('2D SPACE',''
  ) );
#7174 = PCURVE('',#1955,#7175);
#7175 = DEFINITIONAL_REPRESENTATION('',(#7176),#7180);
#7176 = LINE('',#7177,#7178);
#7177 = CARTESIAN_POINT('',(0.,1.));
#7178 = VECTOR('',#7179,1.);
#7179 = DIRECTION('',(1.,0.));
#7180 = ( GEOMETRIC_REPRESENTATION_CONTEXT(2) 
PARAMETRIC_REPRESENTATION_CONTEXT() REPRESENTATION_CONTEXT('2D SPACE',''
  ) );
#7181 = ORIENTED_EDGE('',*,*,#1746,.F.);
#7182 = ADVANCED_FACE('',(#7183),#1792,.T.);
#7183 = FACE_BOUND('',#7184,.T.);
#7184 = EDGE_LOOP('',(#7185,#7186,#7187,#7188));
#7185 = ORIENTED_EDGE('',*,*,#1777,.F.);
#7186 = ORIENTED_EDGE('',*,*,#7139,.F.);
#7187 = ORIENTED_EDGE('',*,*,#4530,.T.);
#7188 = ORIENTED_EDGE('',*,*,#7189,.T.);
#7189 = EDGE_CURVE('',#4531,#1778,#7190,.T.);
#7190 = SURFACE_CURVE('',#7191,(#7195,#7202),.PCURVE_S1.);
#7191 = LINE('',#7192,#7193);
#7192 = CARTESIAN_POINT('',(20.,118.,-1.));
#7193 = VECTOR('',#7194,1.);
#7194 = DIRECTION('',(0.,0.,1.));
#7195 = PCURVE('',#1792,#7196);
#7196 = DEFINITIONAL_REPRESENTATION('',(#7197),#7201);
#7197 = LINE('',#7198,#7199);
#7198 = CARTESIAN_POINT('',(0.,-3.));
#7199 = VECTOR('',#7200,1.);
#7200 = DIRECTION('',(1.,0.));
#7201 = ( GEOMETRIC_REPRESENTATION_CONTEXT(2) 
PARAMETRIC_REPRESENTATION_CONTEXT() REPRESENTATION_CONTEXT('2D SPACE',''
  ) );
#7202 = PCURVE('',#1820,#7203);
#7203 = DEFINITIONAL_REPRESENTATION('',(#7204),#7208);
#7204 = LINE('',#7205,#7206);
#7205 = CARTESIAN_POINT('',(-0.,0.));
#7206 = VECTOR('',#7207,1.);
#7207 = DIRECTION('',(-0.,1.));
#7208 = ( GEOMETRIC_REPRESENTATION_CONTEXT(2) 
PARAMETRIC_REPRESENTATION_CONTEXT() REPRESENTATION_CONTEXT('2D SPACE',''
  ) );
#7209 = ADVANCED_FACE('',(#7210),#1955,.T.);
#7210 = FACE_BOUND('',#7211,.T.);
#7211 = EDGE_LOOP('',(#7212,#7213,#7214,#7215));
#7212 = ORIENTED_EDGE('',*,*,#4665,.T.);
#7213 = ORIENTED_EDGE('',*,*,#7161,.T.);
#7214 = ORIENTED_EDGE('',*,*,#1942,.F.);
#7215 = ORIENTED_EDGE('',*,*,#7216,.F.);
#7216 = EDGE_CURVE('',#4642,#1914,#7217,.T.);
#7217 = SURFACE_CURVE('',#7218,(#7222,#7229),.PCURVE_S1.);
#7218 = LINE('',#7219,#7220);
#7219 = CARTESIAN_POINT('',(35.,115.,-1.));
#7220 = VECTOR('',#7221,1.);
#7221 = DIRECTION('',(0.,0.,1.));
#7222 = PCURVE('',#1955,#7223);
#7223 = DEFINITIONAL_REPRESENTATION('',(#7224),#7228);
#7224 = LINE('',#7225,#7226);
#7225 = CARTESIAN_POINT('',(0.,15.));
#7226 = VECTOR('',#7227,1.);
#7227 = DIRECTION('',(1.,0.));
#7228 = ( GEOMETRIC_REPRESENTATION_CONTEXT(2) 
PARAMETRIC_REPRESENTATION_CONTEXT() REPRESENTATION_CONTEXT('2D SPACE',''
  ) );
#7229 = PCURVE('',#1930,#7230);
#7230 = DEFINITIONAL_REPRESENTATION('',(#7231),#7235);
#7231 = LINE('',#7232,#7233);
#7232 = CARTESIAN_POINT('',(-1.570796326795,0.));
#7233 = VECTOR('',#7234,1.);
#7234 = DIRECTION('',(-0.,1.));
#7235 = ( GEOMETRIC_REPRESENTATION_CONTEXT(2) 
PARAMETRIC_REPRESENTATION_CONTEXT() REPRESENTATION_CONTEXT('2D SPACE',''
  ) );
#7236 = ADVANCED_FACE('',(#7237),#1820,.F.);
#7237 = FACE_BOUND('',#7238,.T.);
#7238 = EDGE_LOOP('',(#7239,#7240,#7241,#7262));
#7239 = ORIENTED_EDGE('',*,*,#7189,.F.);
#7240 = ORIENTED_EDGE('',*,*,#4551,.F.);
#7241 = ORIENTED_EDGE('',*,*,#7242,.T.);
#7242 = EDGE_CURVE('',#4552,#1804,#7243,.T.);
#7243 = SURFACE_CURVE('',#7244,(#7248,#7255),.PCURVE_S1.);
#7244 = LINE('',#7245,#7246);
#7245 = CARTESIAN_POINT('',(21.,119.,-1.));
#7246 = VECTOR('',#7247,1.);
#7247 = DIRECTION('',(0.,0.,1.));
#7248 = PCURVE('',#1820,#7249);
#7249 = DEFINITIONAL_REPRESENTATION('',(#7250),#7254);
#7250 = LINE('',#7251,#7252);
#7251 = CARTESIAN_POINT('',(-1.570796326795,0.));
#7252 = VECTOR('',#7253,1.);
#7253 = DIRECTION('',(-0.,1.));
#7254 = ( GEOMETRIC_REPRESENTATION_CONTEXT(2) 
PARAMETRIC_REPRESENTATION_CONTEXT() REPRESENTATION_CONTEXT('2D SPACE',''
  ) );
#7255 = PCURVE('',#1847,#7256);
#7256 = DEFINITIONAL_REPRESENTATION('',(#7257),#7261);
#7257 = LINE('',#7258,#7259);
#7258 = CARTESIAN_POINT('',(0.,1.));
#7259 = VECTOR('',#7260,1.);
#7260 = DIRECTION('',(1.,0.));
#7261 = ( GEOMETRIC_REPRESENTATION_CONTEXT(2) 
PARAMETRIC_REPRESENTATION_CONTEXT() REPRESENTATION_CONTEXT('2D SPACE',''
  ) );
#7262 = ORIENTED_EDGE('',*,*,#1803,.T.);
#7263 = ADVANCED_FACE('',(#7264),#1930,.F.);
#7264 = FACE_BOUND('',#7265,.T.);
#7265 = EDGE_LOOP('',(#7266,#7287,#7288,#7289));
#7266 = ORIENTED_EDGE('',*,*,#7267,.F.);
#7267 = EDGE_CURVE('',#4621,#1888,#7268,.T.);
#7268 = SURFACE_CURVE('',#7269,(#7273,#7280),.PCURVE_S1.);
#7269 = LINE('',#7270,#7271);
#7270 = CARTESIAN_POINT('',(36.,116.,-1.));
#7271 = VECTOR('',#7272,1.);
#7272 = DIRECTION('',(0.,0.,1.));
#7273 = PCURVE('',#1930,#7274);
#7274 = DEFINITIONAL_REPRESENTATION('',(#7275),#7279);
#7275 = LINE('',#7276,#7277);
#7276 = CARTESIAN_POINT('',(-0.,0.));
#7277 = VECTOR('',#7278,1.);
#7278 = DIRECTION('',(-0.,1.));
#7279 = ( GEOMETRIC_REPRESENTATION_CONTEXT(2) 
PARAMETRIC_REPRESENTATION_CONTEXT() REPRESENTATION_CONTEXT('2D SPACE',''
  ) );
#7280 = PCURVE('',#1902,#7281);
#7281 = DEFINITIONAL_REPRESENTATION('',(#7282),#7286);
#7282 = LINE('',#7283,#7284);
#7283 = CARTESIAN_POINT('',(0.,-1.));
#7284 = VECTOR('',#7285,1.);
#7285 = DIRECTION('',(1.,0.));
#7286 = ( GEOMETRIC_REPRESENTATION_CONTEXT(2) 
PARAMETRIC_REPRESENTATION_CONTEXT() REPRESENTATION_CONTEXT('2D SPACE',''
  ) );
#7287 = ORIENTED_EDGE('',*,*,#4641,.F.);
#7288 = ORIENTED_EDGE('',*,*,#7216,.T.);
#7289 = ORIENTED_EDGE('',*,*,#1913,.T.);
#7290 = ADVANCED_FACE('',(#7291),#1847,.F.);
#7291 = FACE_BOUND('',#7292,.F.);
#7292 = EDGE_LOOP('',(#7293,#7294,#7295,#7296));
#7293 = ORIENTED_EDGE('',*,*,#4575,.T.);
#7294 = ORIENTED_EDGE('',*,*,#7242,.T.);
#7295 = ORIENTED_EDGE('',*,*,#1832,.F.);
#7296 = ORIENTED_EDGE('',*,*,#7297,.F.);
#7297 = EDGE_CURVE('',#4576,#1833,#7298,.T.);
#7298 = SURFACE_CURVE('',#7299,(#7303,#7310),.PCURVE_S1.);
#7299 = LINE('',#7300,#7301);
#7300 = CARTESIAN_POINT('',(35.,119.,-1.));
#7301 = VECTOR('',#7302,1.);
#7302 = DIRECTION('',(0.,0.,1.));
#7303 = PCURVE('',#1847,#7304);
#7304 = DEFINITIONAL_REPRESENTATION('',(#7305),#7309);
#7305 = LINE('',#7306,#7307);
#7306 = CARTESIAN_POINT('',(0.,15.));
#7307 = VECTOR('',#7308,1.);
#7308 = DIRECTION('',(1.,0.));
#7309 = ( GEOMETRIC_REPRESENTATION_CONTEXT(2) 
PARAMETRIC_REPRESENTATION_CONTEXT() REPRESENTATION_CONTEXT('2D SPACE',''
  ) );
#7310 = PCURVE('',#1875,#7311);
#7311 = DEFINITIONAL_REPRESENTATION('',(#7312),#7316);
#7312 = LINE('',#7313,#7314);
#7313 = CARTESIAN_POINT('',(1.570796326795,0.));
#7314 = VECTOR('',#7315,1.);
#7315 = DIRECTION('',(0.,1.));
#7316 = ( GEOMETRIC_REPRESENTATION_CONTEXT(2) 
PARAMETRIC_REPRESENTATION_CONTEXT() REPRESENTATION_CONTEXT('2D SPACE',''
  ) );
#7317 = ADVANCED_FACE('',(#7318),#1902,.F.);
#7318 = FACE_BOUND('',#7319,.F.);
#7319 = EDGE_LOOP('',(#7320,#7321,#7322,#7323));
#7320 = ORIENTED_EDGE('',*,*,#1887,.F.);
#7321 = ORIENTED_EDGE('',*,*,#7267,.F.);
#7322 = ORIENTED_EDGE('',*,*,#4620,.T.);
#7323 = ORIENTED_EDGE('',*,*,#7324,.T.);
#7324 = EDGE_CURVE('',#4597,#1859,#7325,.T.);
#7325 = SURFACE_CURVE('',#7326,(#7330,#7337),.PCURVE_S1.);
#7326 = LINE('',#7327,#7328);
#7327 = CARTESIAN_POINT('',(36.,118.,-1.));
#7328 = VECTOR('',#7329,1.);
#7329 = DIRECTION('',(0.,0.,1.));
#7330 = PCURVE('',#1902,#7331);
#7331 = DEFINITIONAL_REPRESENTATION('',(#7332),#7336);
#7332 = LINE('',#7333,#7334);
#7333 = CARTESIAN_POINT('',(0.,-3.));
#7334 = VECTOR('',#7335,1.);
#7335 = DIRECTION('',(1.,0.));
#7336 = ( GEOMETRIC_REPRESENTATION_CONTEXT(2) 
PARAMETRIC_REPRESENTATION_CONTEXT() REPRESENTATION_CONTEXT('2D SPACE',''
  ) );
#7337 = PCURVE('',#1875,#7338);
#7338 = DEFINITIONAL_REPRESENTATION('',(#7339),#7343);
#7339 = LINE('',#7340,#7341);
#7340 = CARTESIAN_POINT('',(0.,0.));
#7341 = VECTOR('',#7342,1.);
#7342 = DIRECTION('',(0.,1.));
#7343 = ( GEOMETRIC_REPRESENTATION_CONTEXT(2) 
PARAMETRIC_REPRESENTATION_CONTEXT() REPRESENTATION_CONTEXT('2D SPACE',''
  ) );
#7344 = ADVANCED_FACE('',(#7345),#1875,.F.);
#7345 = FACE_BOUND('',#7346,.F.);
#7346 = EDGE_LOOP('',(#7347,#7348,#7349,#7350));
#7347 = ORIENTED_EDGE('',*,*,#7324,.F.);
#7348 = ORIENTED_EDGE('',*,*,#4596,.T.);
#7349 = ORIENTED_EDGE('',*,*,#7297,.T.);
#7350 = ORIENTED_EDGE('',*,*,#1858,.F.);
#7351 = ADVANCED_FACE('',(#7352),#1987,.F.);
#7352 = FACE_BOUND('',#7353,.F.);
#7353 = EDGE_LOOP('',(#7354,#7375,#7376,#7397));
#7354 = ORIENTED_EDGE('',*,*,#7355,.F.);
#7355 = EDGE_CURVE('',#4687,#1969,#7356,.T.);
#7356 = SURFACE_CURVE('',#7357,(#7361,#7368),.PCURVE_S1.);
#7357 = LINE('',#7358,#7359);
#7358 = CARTESIAN_POINT('',(54.,116.,-1.));
#7359 = VECTOR('',#7360,1.);
#7360 = DIRECTION('',(0.,0.,1.));
#7361 = PCURVE('',#1987,#7362);
#7362 = DEFINITIONAL_REPRESENTATION('',(#7363),#7367);
#7363 = LINE('',#7364,#7365);
#7364 = CARTESIAN_POINT('',(0.,0.));
#7365 = VECTOR('',#7366,1.);
#7366 = DIRECTION('',(0.,1.));
#7367 = ( GEOMETRIC_REPRESENTATION_CONTEXT(2) 
PARAMETRIC_REPRESENTATION_CONTEXT() REPRESENTATION_CONTEXT('2D SPACE',''
  ) );
#7368 = PCURVE('',#2014,#7369);
#7369 = DEFINITIONAL_REPRESENTATION('',(#7370),#7374);
#7370 = LINE('',#7371,#7372);
#7371 = CARTESIAN_POINT('',(0.,-1.));
#7372 = VECTOR('',#7373,1.);
#7373 = DIRECTION('',(1.,0.));
#7374 = ( GEOMETRIC_REPRESENTATION_CONTEXT(2) 
PARAMETRIC_REPRESENTATION_CONTEXT() REPRESENTATION_CONTEXT('2D SPACE',''
  ) );
#7375 = ORIENTED_EDGE('',*,*,#4686,.T.);
#7376 = ORIENTED_EDGE('',*,*,#7377,.T.);
#7377 = EDGE_CURVE('',#4689,#1971,#7378,.T.);
#7378 = SURFACE_CURVE('',#7379,(#7383,#7390),.PCURVE_S1.);
#7379 = LINE('',#7380,#7381);
#7380 = CARTESIAN_POINT('',(55.,115.,-1.));
#7381 = VECTOR('',#7382,1.);
#7382 = DIRECTION('',(0.,0.,1.));
#7383 = PCURVE('',#1987,#7384);
#7384 = DEFINITIONAL_REPRESENTATION('',(#7385),#7389);
#7385 = LINE('',#7386,#7387);
#7386 = CARTESIAN_POINT('',(1.570796326795,0.));
#7387 = VECTOR('',#7388,1.);
#7388 = DIRECTION('',(0.,1.));
#7389 = ( GEOMETRIC_REPRESENTATION_CONTEXT(2) 
PARAMETRIC_REPRESENTATION_CONTEXT() REPRESENTATION_CONTEXT('2D SPACE',''
  ) );
#7390 = PCURVE('',#2177,#7391);
#7391 = DEFINITIONAL_REPRESENTATION('',(#7392),#7396);
#7392 = LINE('',#7393,#7394);
#7393 = CARTESIAN_POINT('',(0.,1.));
#7394 = VECTOR('',#7395,1.);
#7395 = DIRECTION('',(1.,0.));
#7396 = ( GEOMETRIC_REPRESENTATION_CONTEXT(2) 
PARAMETRIC_REPRESENTATION_CONTEXT() REPRESENTATION_CONTEXT('2D SPACE',''
  ) );
#7397 = ORIENTED_EDGE('',*,*,#1968,.F.);
#7398 = ADVANCED_FACE('',(#7399),#2014,.T.);
#7399 = FACE_BOUND('',#7400,.T.);
#7400 = EDGE_LOOP('',(#7401,#7402,#7403,#7404));
#7401 = ORIENTED_EDGE('',*,*,#1999,.F.);
#7402 = ORIENTED_EDGE('',*,*,#7355,.F.);
#7403 = ORIENTED_EDGE('',*,*,#4712,.T.);
#7404 = ORIENTED_EDGE('',*,*,#7405,.T.);
#7405 = EDGE_CURVE('',#4713,#2000,#7406,.T.);
#7406 = SURFACE_CURVE('',#7407,(#7411,#7418),.PCURVE_S1.);
#7407 = LINE('',#7408,#7409);
#7408 = CARTESIAN_POINT('',(54.,118.,-1.));
#7409 = VECTOR('',#7410,1.);
#7410 = DIRECTION('',(0.,0.,1.));
#7411 = PCURVE('',#2014,#7412);
#7412 = DEFINITIONAL_REPRESENTATION('',(#7413),#7417);
#7413 = LINE('',#7414,#7415);
#7414 = CARTESIAN_POINT('',(0.,-3.));
#7415 = VECTOR('',#7416,1.);
#7416 = DIRECTION('',(1.,0.));
#7417 = ( GEOMETRIC_REPRESENTATION_CONTEXT(2) 
PARAMETRIC_REPRESENTATION_CONTEXT() REPRESENTATION_CONTEXT('2D SPACE',''
  ) );
#7418 = PCURVE('',#2042,#7419);
#7419 = DEFINITIONAL_REPRESENTATION('',(#7420),#7424);
#7420 = LINE('',#7421,#7422);
#7421 = CARTESIAN_POINT('',(-0.,0.));
#7422 = VECTOR('',#7423,1.);
#7423 = DIRECTION('',(-0.,1.));
#7424 = ( GEOMETRIC_REPRESENTATION_CONTEXT(2) 
PARAMETRIC_REPRESENTATION_CONTEXT() REPRESENTATION_CONTEXT('2D SPACE',''
  ) );
#7425 = ADVANCED_FACE('',(#7426),#2177,.T.);
#7426 = FACE_BOUND('',#7427,.T.);
#7427 = EDGE_LOOP('',(#7428,#7429,#7430,#7431));
#7428 = ORIENTED_EDGE('',*,*,#4847,.T.);
#7429 = ORIENTED_EDGE('',*,*,#7377,.T.);
#7430 = ORIENTED_EDGE('',*,*,#2164,.F.);
#7431 = ORIENTED_EDGE('',*,*,#7432,.F.);
#7432 = EDGE_CURVE('',#4824,#2136,#7433,.T.);
#7433 = SURFACE_CURVE('',#7434,(#7438,#7445),.PCURVE_S1.);
#7434 = LINE('',#7435,#7436);
#7435 = CARTESIAN_POINT('',(69.,115.,-1.));
#7436 = VECTOR('',#7437,1.);
#7437 = DIRECTION('',(0.,0.,1.));
#7438 = PCURVE('',#2177,#7439);
#7439 = DEFINITIONAL_REPRESENTATION('',(#7440),#7444);
#7440 = LINE('',#7441,#7442);
#7441 = CARTESIAN_POINT('',(0.,15.));
#7442 = VECTOR('',#7443,1.);
#7443 = DIRECTION('',(1.,0.));
#7444 = ( GEOMETRIC_REPRESENTATION_CONTEXT(2) 
PARAMETRIC_REPRESENTATION_CONTEXT() REPRESENTATION_CONTEXT('2D SPACE',''
  ) );
#7445 = PCURVE('',#2152,#7446);
#7446 = DEFINITIONAL_REPRESENTATION('',(#7447),#7451);
#7447 = LINE('',#7448,#7449);
#7448 = CARTESIAN_POINT('',(-1.570796326795,0.));
#7449 = VECTOR('',#7450,1.);
#7450 = DIRECTION('',(-0.,1.));
#7451 = ( GEOMETRIC_REPRESENTATION_CONTEXT(2) 
PARAMETRIC_REPRESENTATION_CONTEXT() REPRESENTATION_CONTEXT('2D SPACE',''
  ) );
#7452 = ADVANCED_FACE('',(#7453),#2042,.F.);
#7453 = FACE_BOUND('',#7454,.T.);
#7454 = EDGE_LOOP('',(#7455,#7456,#7457,#7478));
#7455 = ORIENTED_EDGE('',*,*,#7405,.F.);
#7456 = ORIENTED_EDGE('',*,*,#4733,.F.);
#7457 = ORIENTED_EDGE('',*,*,#7458,.T.);
#7458 = EDGE_CURVE('',#4734,#2026,#7459,.T.);
#7459 = SURFACE_CURVE('',#7460,(#7464,#7471),.PCURVE_S1.);
#7460 = LINE('',#7461,#7462);
#7461 = CARTESIAN_POINT('',(55.,119.,-1.));
#7462 = VECTOR('',#7463,1.);
#7463 = DIRECTION('',(0.,0.,1.));
#7464 = PCURVE('',#2042,#7465);
#7465 = DEFINITIONAL_REPRESENTATION('',(#7466),#7470);
#7466 = LINE('',#7467,#7468);
#7467 = CARTESIAN_POINT('',(-1.570796326795,0.));
#7468 = VECTOR('',#7469,1.);
#7469 = DIRECTION('',(-0.,1.));
#7470 = ( GEOMETRIC_REPRESENTATION_CONTEXT(2) 
PARAMETRIC_REPRESENTATION_CONTEXT() REPRESENTATION_CONTEXT('2D SPACE',''
  ) );
#7471 = PCURVE('',#2069,#7472);
#7472 = DEFINITIONAL_REPRESENTATION('',(#7473),#7477);
#7473 = LINE('',#7474,#7475);
#7474 = CARTESIAN_POINT('',(0.,1.));
#7475 = VECTOR('',#7476,1.);
#7476 = DIRECTION('',(1.,0.));
#7477 = ( GEOMETRIC_REPRESENTATION_CONTEXT(2) 
PARAMETRIC_REPRESENTATION_CONTEXT() REPRESENTATION_CONTEXT('2D SPACE',''
  ) );
#7478 = ORIENTED_EDGE('',*,*,#2025,.T.);
#7479 = ADVANCED_FACE('',(#7480),#2152,.F.);
#7480 = FACE_BOUND('',#7481,.T.);
#7481 = EDGE_LOOP('',(#7482,#7503,#7504,#7505));
#7482 = ORIENTED_EDGE('',*,*,#7483,.F.);
#7483 = EDGE_CURVE('',#4803,#2110,#7484,.T.);
#7484 = SURFACE_CURVE('',#7485,(#7489,#7496),.PCURVE_S1.);
#7485 = LINE('',#7486,#7487);
#7486 = CARTESIAN_POINT('',(70.,116.,-1.));
#7487 = VECTOR('',#7488,1.);
#7488 = DIRECTION('',(0.,0.,1.));
#7489 = PCURVE('',#2152,#7490);
#7490 = DEFINITIONAL_REPRESENTATION('',(#7491),#7495);
#7491 = LINE('',#7492,#7493);
#7492 = CARTESIAN_POINT('',(-0.,0.));
#7493 = VECTOR('',#7494,1.);
#7494 = DIRECTION('',(-0.,1.));
#7495 = ( GEOMETRIC_REPRESENTATION_CONTEXT(2) 
PARAMETRIC_REPRESENTATION_CONTEXT() REPRESENTATION_CONTEXT('2D SPACE',''
  ) );
#7496 = PCURVE('',#2124,#7497);
#7497 = DEFINITIONAL_REPRESENTATION('',(#7498),#7502);
#7498 = LINE('',#7499,#7500);
#7499 = CARTESIAN_POINT('',(0.,-1.));
#7500 = VECTOR('',#7501,1.);
#7501 = DIRECTION('',(1.,0.));
#7502 = ( GEOMETRIC_REPRESENTATION_CONTEXT(2) 
PARAMETRIC_REPRESENTATION_CONTEXT() REPRESENTATION_CONTEXT('2D SPACE',''
  ) );
#7503 = ORIENTED_EDGE('',*,*,#4823,.F.);
#7504 = ORIENTED_EDGE('',*,*,#7432,.T.);
#7505 = ORIENTED_EDGE('',*,*,#2135,.T.);
#7506 = ADVANCED_FACE('',(#7507),#2069,.F.);
#7507 = FACE_BOUND('',#7508,.F.);
#7508 = EDGE_LOOP('',(#7509,#7510,#7511,#7512));
#7509 = ORIENTED_EDGE('',*,*,#4757,.T.);
#7510 = ORIENTED_EDGE('',*,*,#7458,.T.);
#7511 = ORIENTED_EDGE('',*,*,#2054,.F.);
#7512 = ORIENTED_EDGE('',*,*,#7513,.F.);
#7513 = EDGE_CURVE('',#4758,#2055,#7514,.T.);
#7514 = SURFACE_CURVE('',#7515,(#7519,#7526),.PCURVE_S1.);
#7515 = LINE('',#7516,#7517);
#7516 = CARTESIAN_POINT('',(69.,119.,-1.));
#7517 = VECTOR('',#7518,1.);
#7518 = DIRECTION('',(0.,0.,1.));
#7519 = PCURVE('',#2069,#7520);
#7520 = DEFINITIONAL_REPRESENTATION('',(#7521),#7525);
#7521 = LINE('',#7522,#7523);
#7522 = CARTESIAN_POINT('',(0.,15.));
#7523 = VECTOR('',#7524,1.);
#7524 = DIRECTION('',(1.,0.));
#7525 = ( GEOMETRIC_REPRESENTATION_CONTEXT(2) 
PARAMETRIC_REPRESENTATION_CONTEXT() REPRESENTATION_CONTEXT('2D SPACE',''
  ) );
#7526 = PCURVE('',#2097,#7527);
#7527 = DEFINITIONAL_REPRESENTATION('',(#7528),#7532);
#7528 = LINE('',#7529,#7530);
#7529 = CARTESIAN_POINT('',(1.570796326795,0.));
#7530 = VECTOR('',#7531,1.);
#7531 = DIRECTION('',(0.,1.));
#7532 = ( GEOMETRIC_REPRESENTATION_CONTEXT(2) 
PARAMETRIC_REPRESENTATION_CONTEXT() REPRESENTATION_CONTEXT('2D SPACE',''
  ) );
#7533 = ADVANCED_FACE('',(#7534),#2124,.F.);
#7534 = FACE_BOUND('',#7535,.F.);
#7535 = EDGE_LOOP('',(#7536,#7537,#7538,#7539));
#7536 = ORIENTED_EDGE('',*,*,#2109,.F.);
#7537 = ORIENTED_EDGE('',*,*,#7483,.F.);
#7538 = ORIENTED_EDGE('',*,*,#4802,.T.);
#7539 = ORIENTED_EDGE('',*,*,#7540,.T.);
#7540 = EDGE_CURVE('',#4779,#2081,#7541,.T.);
#7541 = SURFACE_CURVE('',#7542,(#7546,#7553),.PCURVE_S1.);
#7542 = LINE('',#7543,#7544);
#7543 = CARTESIAN_POINT('',(70.,118.,-1.));
#7544 = VECTOR('',#7545,1.);
#7545 = DIRECTION('',(0.,0.,1.));
#7546 = PCURVE('',#2124,#7547);
#7547 = DEFINITIONAL_REPRESENTATION('',(#7548),#7552);
#7548 = LINE('',#7549,#7550);
#7549 = CARTESIAN_POINT('',(0.,-3.));
#7550 = VECTOR('',#7551,1.);
#7551 = DIRECTION('',(1.,0.));
#7552 = ( GEOMETRIC_REPRESENTATION_CONTEXT(2) 
PARAMETRIC_REPRESENTATION_CONTEXT() REPRESENTATION_CONTEXT('2D SPACE',''
  ) );
#7553 = PCURVE('',#2097,#7554);
#7554 = DEFINITIONAL_REPRESENTATION('',(#7555),#7559);
#7555 = LINE('',#7556,#7557);
#7556 = CARTESIAN_POINT('',(0.,0.));
#7557 = VECTOR('',#7558,1.);
#7558 = DIRECTION('',(0.,1.));
#7559 = ( GEOMETRIC_REPRESENTATION_CONTEXT(2) 
PARAMETRIC_REPRESENTATION_CONTEXT() REPRESENTATION_CONTEXT('2D SPACE',''
  ) );
#7560 = ADVANCED_FACE('',(#7561),#2097,.F.);
#7561 = FACE_BOUND('',#7562,.F.);
#7562 = EDGE_LOOP('',(#7563,#7564,#7565,#7566));
#7563 = ORIENTED_EDGE('',*,*,#7540,.F.);
#7564 = ORIENTED_EDGE('',*,*,#4778,.T.);
#7565 = ORIENTED_EDGE('',*,*,#7513,.T.);
#7566 = ORIENTED_EDGE('',*,*,#2080,.F.);
#7567 = ADVANCED_FACE('',(#7568),#2209,.F.);
#7568 = FACE_BOUND('',#7569,.F.);
#7569 = EDGE_LOOP('',(#7570,#7591,#7592,#7613));
#7570 = ORIENTED_EDGE('',*,*,#7571,.F.);
#7571 = EDGE_CURVE('',#4869,#2191,#7572,.T.);
#7572 = SURFACE_CURVE('',#7573,(#7577,#7584),.PCURVE_S1.);
#7573 = LINE('',#7574,#7575);
#7574 = CARTESIAN_POINT('',(20.,147.,-1.));
#7575 = VECTOR('',#7576,1.);
#7576 = DIRECTION('',(0.,0.,1.));
#7577 = PCURVE('',#2209,#7578);
#7578 = DEFINITIONAL_REPRESENTATION('',(#7579),#7583);
#7579 = LINE('',#7580,#7581);
#7580 = CARTESIAN_POINT('',(0.,0.));
#7581 = VECTOR('',#7582,1.);
#7582 = DIRECTION('',(0.,1.));
#7583 = ( GEOMETRIC_REPRESENTATION_CONTEXT(2) 
PARAMETRIC_REPRESENTATION_CONTEXT() REPRESENTATION_CONTEXT('2D SPACE',''
  ) );
#7584 = PCURVE('',#2236,#7585);
#7585 = DEFINITIONAL_REPRESENTATION('',(#7586),#7590);
#7586 = LINE('',#7587,#7588);
#7587 = CARTESIAN_POINT('',(0.,-1.));
#7588 = VECTOR('',#7589,1.);
#7589 = DIRECTION('',(1.,0.));
#7590 = ( GEOMETRIC_REPRESENTATION_CONTEXT(2) 
PARAMETRIC_REPRESENTATION_CONTEXT() REPRESENTATION_CONTEXT('2D SPACE',''
  ) );
#7591 = ORIENTED_EDGE('',*,*,#4868,.T.);
#7592 = ORIENTED_EDGE('',*,*,#7593,.T.);
#7593 = EDGE_CURVE('',#4871,#2193,#7594,.T.);
#7594 = SURFACE_CURVE('',#7595,(#7599,#7606),.PCURVE_S1.);
#7595 = LINE('',#7596,#7597);
#7596 = CARTESIAN_POINT('',(21.,146.,-1.));
#7597 = VECTOR('',#7598,1.);
#7598 = DIRECTION('',(0.,0.,1.));
#7599 = PCURVE('',#2209,#7600);
#7600 = DEFINITIONAL_REPRESENTATION('',(#7601),#7605);
#7601 = LINE('',#7602,#7603);
#7602 = CARTESIAN_POINT('',(1.570796326795,0.));
#7603 = VECTOR('',#7604,1.);
#7604 = DIRECTION('',(0.,1.));
#7605 = ( GEOMETRIC_REPRESENTATION_CONTEXT(2) 
PARAMETRIC_REPRESENTATION_CONTEXT() REPRESENTATION_CONTEXT('2D SPACE',''
  ) );
#7606 = PCURVE('',#2399,#7607);
#7607 = DEFINITIONAL_REPRESENTATION('',(#7608),#7612);
#7608 = LINE('',#7609,#7610);
#7609 = CARTESIAN_POINT('',(0.,1.));
#7610 = VECTOR('',#7611,1.);
#7611 = DIRECTION('',(1.,0.));
#7612 = ( GEOMETRIC_REPRESENTATION_CONTEXT(2) 
PARAMETRIC_REPRESENTATION_CONTEXT() REPRESENTATION_CONTEXT('2D SPACE',''
  ) );
#7613 = ORIENTED_EDGE('',*,*,#2190,.F.);
#7614 = ADVANCED_FACE('',(#7615),#2236,.T.);
#7615 = FACE_BOUND('',#7616,.T.);
#7616 = EDGE_LOOP('',(#7617,#7618,#7619,#7620));
#7617 = ORIENTED_EDGE('',*,*,#2221,.F.);
#7618 = ORIENTED_EDGE('',*,*,#7571,.F.);
#7619 = ORIENTED_EDGE('',*,*,#4894,.T.);
#7620 = ORIENTED_EDGE('',*,*,#7621,.T.);
#7621 = EDGE_CURVE('',#4895,#2222,#7622,.T.);
#7622 = SURFACE_CURVE('',#7623,(#7627,#7634),.PCURVE_S1.);
#7623 = LINE('',#7624,#7625);
#7624 = CARTESIAN_POINT('',(20.,149.,-1.));
#7625 = VECTOR('',#7626,1.);
#7626 = DIRECTION('',(0.,0.,1.));
#7627 = PCURVE('',#2236,#7628);
#7628 = DEFINITIONAL_REPRESENTATION('',(#7629),#7633);
#7629 = LINE('',#7630,#7631);
#7630 = CARTESIAN_POINT('',(0.,-3.));
#7631 = VECTOR('',#7632,1.);
#7632 = DIRECTION('',(1.,0.));
#7633 = ( GEOMETRIC_REPRESENTATION_CONTEXT(2) 
PARAMETRIC_REPRESENTATION_CONTEXT() REPRESENTATION_CONTEXT('2D SPACE',''
  ) );
#7634 = PCURVE('',#2264,#7635);
#7635 = DEFINITIONAL_REPRESENTATION('',(#7636),#7640);
#7636 = LINE('',#7637,#7638);
#7637 = CARTESIAN_POINT('',(-0.,0.));
#7638 = VECTOR('',#7639,1.);
#7639 = DIRECTION('',(-0.,1.));
#7640 = ( GEOMETRIC_REPRESENTATION_CONTEXT(2) 
PARAMETRIC_REPRESENTATION_CONTEXT() REPRESENTATION_CONTEXT('2D SPACE',''
  ) );
#7641 = ADVANCED_FACE('',(#7642),#2399,.T.);
#7642 = FACE_BOUND('',#7643,.T.);
#7643 = EDGE_LOOP('',(#7644,#7645,#7646,#7647));
#7644 = ORIENTED_EDGE('',*,*,#5029,.T.);
#7645 = ORIENTED_EDGE('',*,*,#7593,.T.);
#7646 = ORIENTED_EDGE('',*,*,#2386,.F.);
#7647 = ORIENTED_EDGE('',*,*,#7648,.F.);
#7648 = EDGE_CURVE('',#5006,#2358,#7649,.T.);
#7649 = SURFACE_CURVE('',#7650,(#7654,#7661),.PCURVE_S1.);
#7650 = LINE('',#7651,#7652);
#7651 = CARTESIAN_POINT('',(35.,146.,-1.));
#7652 = VECTOR('',#7653,1.);
#7653 = DIRECTION('',(0.,0.,1.));
#7654 = PCURVE('',#2399,#7655);
#7655 = DEFINITIONAL_REPRESENTATION('',(#7656),#7660);
#7656 = LINE('',#7657,#7658);
#7657 = CARTESIAN_POINT('',(0.,15.));
#7658 = VECTOR('',#7659,1.);
#7659 = DIRECTION('',(1.,0.));
#7660 = ( GEOMETRIC_REPRESENTATION_CONTEXT(2) 
PARAMETRIC_REPRESENTATION_CONTEXT() REPRESENTATION_CONTEXT('2D SPACE',''
  ) );
#7661 = PCURVE('',#2374,#7662);
#7662 = DEFINITIONAL_REPRESENTATION('',(#7663),#7667);
#7663 = LINE('',#7664,#7665);
#7664 = CARTESIAN_POINT('',(-1.570796326795,0.));
#7665 = VECTOR('',#7666,1.);
#7666 = DIRECTION('',(-0.,1.));
#7667 = ( GEOMETRIC_REPRESENTATION_CONTEXT(2) 
PARAMETRIC_REPRESENTATION_CONTEXT() REPRESENTATION_CONTEXT('2D SPACE',''
  ) );
#7668 = ADVANCED_FACE('',(#7669),#2264,.F.);
#7669 = FACE_BOUND('',#7670,.T.);
#7670 = EDGE_LOOP('',(#7671,#7672,#7673,#7694));
#7671 = ORIENTED_EDGE('',*,*,#7621,.F.);
#7672 = ORIENTED_EDGE('',*,*,#4915,.F.);
#7673 = ORIENTED_EDGE('',*,*,#7674,.T.);
#7674 = EDGE_CURVE('',#4916,#2248,#7675,.T.);
#7675 = SURFACE_CURVE('',#7676,(#7680,#7687),.PCURVE_S1.);
#7676 = LINE('',#7677,#7678);
#7677 = CARTESIAN_POINT('',(21.,150.,-1.));
#7678 = VECTOR('',#7679,1.);
#7679 = DIRECTION('',(0.,0.,1.));
#7680 = PCURVE('',#2264,#7681);
#7681 = DEFINITIONAL_REPRESENTATION('',(#7682),#7686);
#7682 = LINE('',#7683,#7684);
#7683 = CARTESIAN_POINT('',(-1.570796326795,0.));
#7684 = VECTOR('',#7685,1.);
#7685 = DIRECTION('',(-0.,1.));
#7686 = ( GEOMETRIC_REPRESENTATION_CONTEXT(2) 
PARAMETRIC_REPRESENTATION_CONTEXT() REPRESENTATION_CONTEXT('2D SPACE',''
  ) );
#7687 = PCURVE('',#2291,#7688);
#7688 = DEFINITIONAL_REPRESENTATION('',(#7689),#7693);
#7689 = LINE('',#7690,#7691);
#7690 = CARTESIAN_POINT('',(0.,1.));
#7691 = VECTOR('',#7692,1.);
#7692 = DIRECTION('',(1.,0.));
#7693 = ( GEOMETRIC_REPRESENTATION_CONTEXT(2) 
PARAMETRIC_REPRESENTATION_CONTEXT() REPRESENTATION_CONTEXT('2D SPACE',''
  ) );
#7694 = ORIENTED_EDGE('',*,*,#2247,.T.);
#7695 = ADVANCED_FACE('',(#7696),#2374,.F.);
#7696 = FACE_BOUND('',#7697,.T.);
#7697 = EDGE_LOOP('',(#7698,#7719,#7720,#7721));
#7698 = ORIENTED_EDGE('',*,*,#7699,.F.);
#7699 = EDGE_CURVE('',#4985,#2332,#7700,.T.);
#7700 = SURFACE_CURVE('',#7701,(#7705,#7712),.PCURVE_S1.);
#7701 = LINE('',#7702,#7703);
#7702 = CARTESIAN_POINT('',(36.,147.,-1.));
#7703 = VECTOR('',#7704,1.);
#7704 = DIRECTION('',(0.,0.,1.));
#7705 = PCURVE('',#2374,#7706);
#7706 = DEFINITIONAL_REPRESENTATION('',(#7707),#7711);
#7707 = LINE('',#7708,#7709);
#7708 = CARTESIAN_POINT('',(-0.,0.));
#7709 = VECTOR('',#7710,1.);
#7710 = DIRECTION('',(-0.,1.));
#7711 = ( GEOMETRIC_REPRESENTATION_CONTEXT(2) 
PARAMETRIC_REPRESENTATION_CONTEXT() REPRESENTATION_CONTEXT('2D SPACE',''
  ) );
#7712 = PCURVE('',#2346,#7713);
#7713 = DEFINITIONAL_REPRESENTATION('',(#7714),#7718);
#7714 = LINE('',#7715,#7716);
#7715 = CARTESIAN_POINT('',(0.,-1.));
#7716 = VECTOR('',#7717,1.);
#7717 = DIRECTION('',(1.,0.));
#7718 = ( GEOMETRIC_REPRESENTATION_CONTEXT(2) 
PARAMETRIC_REPRESENTATION_CONTEXT() REPRESENTATION_CONTEXT('2D SPACE',''
  ) );
#7719 = ORIENTED_EDGE('',*,*,#5005,.F.);
#7720 = ORIENTED_EDGE('',*,*,#7648,.T.);
#7721 = ORIENTED_EDGE('',*,*,#2357,.T.);
#7722 = ADVANCED_FACE('',(#7723),#2291,.F.);
#7723 = FACE_BOUND('',#7724,.F.);
#7724 = EDGE_LOOP('',(#7725,#7726,#7727,#7728));
#7725 = ORIENTED_EDGE('',*,*,#4939,.T.);
#7726 = ORIENTED_EDGE('',*,*,#7674,.T.);
#7727 = ORIENTED_EDGE('',*,*,#2276,.F.);
#7728 = ORIENTED_EDGE('',*,*,#7729,.F.);
#7729 = EDGE_CURVE('',#4940,#2277,#7730,.T.);
#7730 = SURFACE_CURVE('',#7731,(#7735,#7742),.PCURVE_S1.);
#7731 = LINE('',#7732,#7733);
#7732 = CARTESIAN_POINT('',(35.,150.,-1.));
#7733 = VECTOR('',#7734,1.);
#7734 = DIRECTION('',(0.,0.,1.));
#7735 = PCURVE('',#2291,#7736);
#7736 = DEFINITIONAL_REPRESENTATION('',(#7737),#7741);
#7737 = LINE('',#7738,#7739);
#7738 = CARTESIAN_POINT('',(0.,15.));
#7739 = VECTOR('',#7740,1.);
#7740 = DIRECTION('',(1.,0.));
#7741 = ( GEOMETRIC_REPRESENTATION_CONTEXT(2) 
PARAMETRIC_REPRESENTATION_CONTEXT() REPRESENTATION_CONTEXT('2D SPACE',''
  ) );
#7742 = PCURVE('',#2319,#7743);
#7743 = DEFINITIONAL_REPRESENTATION('',(#7744),#7748);
#7744 = LINE('',#7745,#7746);
#7745 = CARTESIAN_POINT('',(1.570796326795,0.));
#7746 = VECTOR('',#7747,1.);
#7747 = DIRECTION('',(0.,1.));
#7748 = ( GEOMETRIC_REPRESENTATION_CONTEXT(2) 
PARAMETRIC_REPRESENTATION_CONTEXT() REPRESENTATION_CONTEXT('2D SPACE',''
  ) );
#7749 = ADVANCED_FACE('',(#7750),#2346,.F.);
#7750 = FACE_BOUND('',#7751,.F.);
#7751 = EDGE_LOOP('',(#7752,#7753,#7754,#7755));
#7752 = ORIENTED_EDGE('',*,*,#2331,.F.);
#7753 = ORIENTED_EDGE('',*,*,#7699,.F.);
#7754 = ORIENTED_EDGE('',*,*,#4984,.T.);
#7755 = ORIENTED_EDGE('',*,*,#7756,.T.);
#7756 = EDGE_CURVE('',#4961,#2303,#7757,.T.);
#7757 = SURFACE_CURVE('',#7758,(#7762,#7769),.PCURVE_S1.);
#7758 = LINE('',#7759,#7760);
#7759 = CARTESIAN_POINT('',(36.,149.,-1.));
#7760 = VECTOR('',#7761,1.);
#7761 = DIRECTION('',(0.,0.,1.));
#7762 = PCURVE('',#2346,#7763);
#7763 = DEFINITIONAL_REPRESENTATION('',(#7764),#7768);
#7764 = LINE('',#7765,#7766);
#7765 = CARTESIAN_POINT('',(0.,-3.));
#7766 = VECTOR('',#7767,1.);
#7767 = DIRECTION('',(1.,0.));
#7768 = ( GEOMETRIC_REPRESENTATION_CONTEXT(2) 
PARAMETRIC_REPRESENTATION_CONTEXT() REPRESENTATION_CONTEXT('2D SPACE',''
  ) );
#7769 = PCURVE('',#2319,#7770);
#7770 = DEFINITIONAL_REPRESENTATION('',(#7771),#7775);
#7771 = LINE('',#7772,#7773);
#7772 = CARTESIAN_POINT('',(0.,0.));
#7773 = VECTOR('',#7774,1.);
#7774 = DIRECTION('',(0.,1.));
#7775 = ( GEOMETRIC_REPRESENTATION_CONTEXT(2) 
PARAMETRIC_REPRESENTATION_CONTEXT() REPRESENTATION_CONTEXT('2D SPACE',''
  ) );
#7776 = ADVANCED_FACE('',(#7777),#2319,.F.);
#7777 = FACE_BOUND('',#7778,.F.);
#7778 = EDGE_LOOP('',(#7779,#7780,#7781,#7782));
#7779 = ORIENTED_EDGE('',*,*,#7756,.F.);
#7780 = ORIENTED_EDGE('',*,*,#4960,.T.);
#7781 = ORIENTED_EDGE('',*,*,#7729,.T.);
#7782 = ORIENTED_EDGE('',*,*,#2302,.F.);
#7783 = ADVANCED_FACE('',(#7784),#2433,.F.);
#7784 = FACE_BOUND('',#7785,.T.);
#7785 = EDGE_LOOP('',(#7786,#7787,#7808,#7809));
#7786 = ORIENTED_EDGE('',*,*,#5050,.T.);
#7787 = ORIENTED_EDGE('',*,*,#7788,.T.);
#7788 = EDGE_CURVE('',#5051,#2413,#7789,.T.);
#7789 = SEAM_CURVE('',#7790,(#7794,#7801),.PCURVE_S1.);
#7790 = LINE('',#7791,#7792);
#7791 = CARTESIAN_POINT('',(23.7,168.,-1.));
#7792 = VECTOR('',#7793,1.);
#7793 = DIRECTION('',(0.,0.,1.));
#7794 = PCURVE('',#2433,#7795);
#7795 = DEFINITIONAL_REPRESENTATION('',(#7796),#7800);
#7796 = LINE('',#7797,#7798);
#7797 = CARTESIAN_POINT('',(-6.28318530718,0.));
#7798 = VECTOR('',#7799,1.);
#7799 = DIRECTION('',(-0.,-1.));
#7800 = ( GEOMETRIC_REPRESENTATION_CONTEXT(2) 
PARAMETRIC_REPRESENTATION_CONTEXT() REPRESENTATION_CONTEXT('2D SPACE',''
  ) );
#7801 = PCURVE('',#2433,#7802);
#7802 = DEFINITIONAL_REPRESENTATION('',(#7803),#7807);
#7803 = LINE('',#7804,#7805);
#7804 = CARTESIAN_POINT('',(-0.,0.));
#7805 = VECTOR('',#7806,1.);
#7806 = DIRECTION('',(-0.,-1.));
#7807 = ( GEOMETRIC_REPRESENTATION_CONTEXT(2) 
PARAMETRIC_REPRESENTATION_CONTEXT() REPRESENTATION_CONTEXT('2D SPACE',''
  ) );
#7808 = ORIENTED_EDGE('',*,*,#2412,.F.);
#7809 = ORIENTED_EDGE('',*,*,#7788,.F.);
#7810 = ADVANCED_FACE('',(#7811),#2466,.F.);
#7811 = FACE_BOUND('',#7812,.F.);
#7812 = EDGE_LOOP('',(#7813,#7834,#7835,#7856));
#7813 = ORIENTED_EDGE('',*,*,#7814,.F.);
#7814 = EDGE_CURVE('',#5081,#2448,#7815,.T.);
#7815 = SURFACE_CURVE('',#7816,(#7820,#7827),.PCURVE_S1.);
#7816 = LINE('',#7817,#7818);
#7817 = CARTESIAN_POINT('',(54.,147.,-1.));
#7818 = VECTOR('',#7819,1.);
#7819 = DIRECTION('',(0.,0.,1.));
#7820 = PCURVE('',#2466,#7821);
#7821 = DEFINITIONAL_REPRESENTATION('',(#7822),#7826);
#7822 = LINE('',#7823,#7824);
#7823 = CARTESIAN_POINT('',(0.,0.));
#7824 = VECTOR('',#7825,1.);
#7825 = DIRECTION('',(0.,1.));
#7826 = ( GEOMETRIC_REPRESENTATION_CONTEXT(2) 
PARAMETRIC_REPRESENTATION_CONTEXT() REPRESENTATION_CONTEXT('2D SPACE',''
  ) );
#7827 = PCURVE('',#2493,#7828);
#7828 = DEFINITIONAL_REPRESENTATION('',(#7829),#7833);
#7829 = LINE('',#7830,#7831);
#7830 = CARTESIAN_POINT('',(0.,-1.));
#7831 = VECTOR('',#7832,1.);
#7832 = DIRECTION('',(1.,0.));
#7833 = ( GEOMETRIC_REPRESENTATION_CONTEXT(2) 
PARAMETRIC_REPRESENTATION_CONTEXT() REPRESENTATION_CONTEXT('2D SPACE',''
  ) );
#7834 = ORIENTED_EDGE('',*,*,#5080,.T.);
#7835 = ORIENTED_EDGE('',*,*,#7836,.T.);
#7836 = EDGE_CURVE('',#5083,#2450,#7837,.T.);
#7837 = SURFACE_CURVE('',#7838,(#7842,#7849),.PCURVE_S1.);
#7838 = LINE('',#7839,#7840);
#7839 = CARTESIAN_POINT('',(55.,146.,-1.));
#7840 = VECTOR('',#7841,1.);
#7841 = DIRECTION('',(0.,0.,1.));
#7842 = PCURVE('',#2466,#7843);
#7843 = DEFINITIONAL_REPRESENTATION('',(#7844),#7848);
#7844 = LINE('',#7845,#7846);
#7845 = CARTESIAN_POINT('',(1.570796326795,0.));
#7846 = VECTOR('',#7847,1.);
#7847 = DIRECTION('',(0.,1.));
#7848 = ( GEOMETRIC_REPRESENTATION_CONTEXT(2) 
PARAMETRIC_REPRESENTATION_CONTEXT() REPRESENTATION_CONTEXT('2D SPACE',''
  ) );
#7849 = PCURVE('',#2656,#7850);
#7850 = DEFINITIONAL_REPRESENTATION('',(#7851),#7855);
#7851 = LINE('',#7852,#7853);
#7852 = CARTESIAN_POINT('',(0.,1.));
#7853 = VECTOR('',#7854,1.);
#7854 = DIRECTION('',(1.,0.));
#7855 = ( GEOMETRIC_REPRESENTATION_CONTEXT(2) 
PARAMETRIC_REPRESENTATION_CONTEXT() REPRESENTATION_CONTEXT('2D SPACE',''
  ) );
#7856 = ORIENTED_EDGE('',*,*,#2447,.F.);
#7857 = ADVANCED_FACE('',(#7858),#2493,.T.);
#7858 = FACE_BOUND('',#7859,.T.);
#7859 = EDGE_LOOP('',(#7860,#7861,#7862,#7863));
#7860 = ORIENTED_EDGE('',*,*,#2478,.F.);
#7861 = ORIENTED_EDGE('',*,*,#7814,.F.);
#7862 = ORIENTED_EDGE('',*,*,#5106,.T.);
#7863 = ORIENTED_EDGE('',*,*,#7864,.T.);
#7864 = EDGE_CURVE('',#5107,#2479,#7865,.T.);
#7865 = SURFACE_CURVE('',#7866,(#7870,#7877),.PCURVE_S1.);
#7866 = LINE('',#7867,#7868);
#7867 = CARTESIAN_POINT('',(54.,149.,-1.));
#7868 = VECTOR('',#7869,1.);
#7869 = DIRECTION('',(0.,0.,1.));
#7870 = PCURVE('',#2493,#7871);
#7871 = DEFINITIONAL_REPRESENTATION('',(#7872),#7876);
#7872 = LINE('',#7873,#7874);
#7873 = CARTESIAN_POINT('',(0.,-3.));
#7874 = VECTOR('',#7875,1.);
#7875 = DIRECTION('',(1.,0.));
#7876 = ( GEOMETRIC_REPRESENTATION_CONTEXT(2) 
PARAMETRIC_REPRESENTATION_CONTEXT() REPRESENTATION_CONTEXT('2D SPACE',''
  ) );
#7877 = PCURVE('',#2521,#7878);
#7878 = DEFINITIONAL_REPRESENTATION('',(#7879),#7883);
#7879 = LINE('',#7880,#7881);
#7880 = CARTESIAN_POINT('',(-0.,0.));
#7881 = VECTOR('',#7882,1.);
#7882 = DIRECTION('',(-0.,1.));
#7883 = ( GEOMETRIC_REPRESENTATION_CONTEXT(2) 
PARAMETRIC_REPRESENTATION_CONTEXT() REPRESENTATION_CONTEXT('2D SPACE',''
  ) );
#7884 = ADVANCED_FACE('',(#7885),#2656,.T.);
#7885 = FACE_BOUND('',#7886,.T.);
#7886 = EDGE_LOOP('',(#7887,#7888,#7889,#7890));
#7887 = ORIENTED_EDGE('',*,*,#5241,.T.);
#7888 = ORIENTED_EDGE('',*,*,#7836,.T.);
#7889 = ORIENTED_EDGE('',*,*,#2643,.F.);
#7890 = ORIENTED_EDGE('',*,*,#7891,.F.);
#7891 = EDGE_CURVE('',#5218,#2615,#7892,.T.);
#7892 = SURFACE_CURVE('',#7893,(#7897,#7904),.PCURVE_S1.);
#7893 = LINE('',#7894,#7895);
#7894 = CARTESIAN_POINT('',(69.,146.,-1.));
#7895 = VECTOR('',#7896,1.);
#7896 = DIRECTION('',(0.,0.,1.));
#7897 = PCURVE('',#2656,#7898);
#7898 = DEFINITIONAL_REPRESENTATION('',(#7899),#7903);
#7899 = LINE('',#7900,#7901);
#7900 = CARTESIAN_POINT('',(0.,15.));
#7901 = VECTOR('',#7902,1.);
#7902 = DIRECTION('',(1.,0.));
#7903 = ( GEOMETRIC_REPRESENTATION_CONTEXT(2) 
PARAMETRIC_REPRESENTATION_CONTEXT() REPRESENTATION_CONTEXT('2D SPACE',''
  ) );
#7904 = PCURVE('',#2631,#7905);
#7905 = DEFINITIONAL_REPRESENTATION('',(#7906),#7910);
#7906 = LINE('',#7907,#7908);
#7907 = CARTESIAN_POINT('',(-1.570796326795,0.));
#7908 = VECTOR('',#7909,1.);
#7909 = DIRECTION('',(-0.,1.));
#7910 = ( GEOMETRIC_REPRESENTATION_CONTEXT(2) 
PARAMETRIC_REPRESENTATION_CONTEXT() REPRESENTATION_CONTEXT('2D SPACE',''
  ) );
#7911 = ADVANCED_FACE('',(#7912),#2521,.F.);
#7912 = FACE_BOUND('',#7913,.T.);
#7913 = EDGE_LOOP('',(#7914,#7915,#7916,#7937));
#7914 = ORIENTED_EDGE('',*,*,#7864,.F.);
#7915 = ORIENTED_EDGE('',*,*,#5127,.F.);
#7916 = ORIENTED_EDGE('',*,*,#7917,.T.);
#7917 = EDGE_CURVE('',#5128,#2505,#7918,.T.);
#7918 = SURFACE_CURVE('',#7919,(#7923,#7930),.PCURVE_S1.);
#7919 = LINE('',#7920,#7921);
#7920 = CARTESIAN_POINT('',(55.,150.,-1.));
#7921 = VECTOR('',#7922,1.);
#7922 = DIRECTION('',(0.,0.,1.));
#7923 = PCURVE('',#2521,#7924);
#7924 = DEFINITIONAL_REPRESENTATION('',(#7925),#7929);
#7925 = LINE('',#7926,#7927);
#7926 = CARTESIAN_POINT('',(-1.570796326795,0.));
#7927 = VECTOR('',#7928,1.);
#7928 = DIRECTION('',(-0.,1.));
#7929 = ( GEOMETRIC_REPRESENTATION_CONTEXT(2) 
PARAMETRIC_REPRESENTATION_CONTEXT() REPRESENTATION_CONTEXT('2D SPACE',''
  ) );
#7930 = PCURVE('',#2548,#7931);
#7931 = DEFINITIONAL_REPRESENTATION('',(#7932),#7936);
#7932 = LINE('',#7933,#7934);
#7933 = CARTESIAN_POINT('',(0.,1.));
#7934 = VECTOR('',#7935,1.);
#7935 = DIRECTION('',(1.,0.));
#7936 = ( GEOMETRIC_REPRESENTATION_CONTEXT(2) 
PARAMETRIC_REPRESENTATION_CONTEXT() REPRESENTATION_CONTEXT('2D SPACE',''
  ) );
#7937 = ORIENTED_EDGE('',*,*,#2504,.T.);
#7938 = ADVANCED_FACE('',(#7939),#2631,.F.);
#7939 = FACE_BOUND('',#7940,.T.);
#7940 = EDGE_LOOP('',(#7941,#7962,#7963,#7964));
#7941 = ORIENTED_EDGE('',*,*,#7942,.F.);
#7942 = EDGE_CURVE('',#5197,#2589,#7943,.T.);
#7943 = SURFACE_CURVE('',#7944,(#7948,#7955),.PCURVE_S1.);
#7944 = LINE('',#7945,#7946);
#7945 = CARTESIAN_POINT('',(70.,147.,-1.));
#7946 = VECTOR('',#7947,1.);
#7947 = DIRECTION('',(0.,0.,1.));
#7948 = PCURVE('',#2631,#7949);
#7949 = DEFINITIONAL_REPRESENTATION('',(#7950),#7954);
#7950 = LINE('',#7951,#7952);
#7951 = CARTESIAN_POINT('',(-0.,0.));
#7952 = VECTOR('',#7953,1.);
#7953 = DIRECTION('',(-0.,1.));
#7954 = ( GEOMETRIC_REPRESENTATION_CONTEXT(2) 
PARAMETRIC_REPRESENTATION_CONTEXT() REPRESENTATION_CONTEXT('2D SPACE',''
  ) );
#7955 = PCURVE('',#2603,#7956);
#7956 = DEFINITIONAL_REPRESENTATION('',(#7957),#7961);
#7957 = LINE('',#7958,#7959);
#7958 = CARTESIAN_POINT('',(0.,-1.));
#7959 = VECTOR('',#7960,1.);
#7960 = DIRECTION('',(1.,0.));
#7961 = ( GEOMETRIC_REPRESENTATION_CONTEXT(2) 
PARAMETRIC_REPRESENTATION_CONTEXT() REPRESENTATION_CONTEXT('2D SPACE',''
  ) );
#7962 = ORIENTED_EDGE('',*,*,#5217,.F.);
#7963 = ORIENTED_EDGE('',*,*,#7891,.T.);
#7964 = ORIENTED_EDGE('',*,*,#2614,.T.);
#7965 = ADVANCED_FACE('',(#7966),#2548,.F.);
#7966 = FACE_BOUND('',#7967,.F.);
#7967 = EDGE_LOOP('',(#7968,#7969,#7970,#7971));
#7968 = ORIENTED_EDGE('',*,*,#5151,.T.);
#7969 = ORIENTED_EDGE('',*,*,#7917,.T.);
#7970 = ORIENTED_EDGE('',*,*,#2533,.F.);
#7971 = ORIENTED_EDGE('',*,*,#7972,.F.);
#7972 = EDGE_CURVE('',#5152,#2534,#7973,.T.);
#7973 = SURFACE_CURVE('',#7974,(#7978,#7985),.PCURVE_S1.);
#7974 = LINE('',#7975,#7976);
#7975 = CARTESIAN_POINT('',(69.,150.,-1.));
#7976 = VECTOR('',#7977,1.);
#7977 = DIRECTION('',(0.,0.,1.));
#7978 = PCURVE('',#2548,#7979);
#7979 = DEFINITIONAL_REPRESENTATION('',(#7980),#7984);
#7980 = LINE('',#7981,#7982);
#7981 = CARTESIAN_POINT('',(0.,15.));
#7982 = VECTOR('',#7983,1.);
#7983 = DIRECTION('',(1.,0.));
#7984 = ( GEOMETRIC_REPRESENTATION_CONTEXT(2) 
PARAMETRIC_REPRESENTATION_CONTEXT() REPRESENTATION_CONTEXT('2D SPACE',''
  ) );
#7985 = PCURVE('',#2576,#7986);
#7986 = DEFINITIONAL_REPRESENTATION('',(#7987),#7991);
#7987 = LINE('',#7988,#7989);
#7988 = CARTESIAN_POINT('',(1.570796326795,0.));
#7989 = VECTOR('',#7990,1.);
#7990 = DIRECTION('',(0.,1.));
#7991 = ( GEOMETRIC_REPRESENTATION_CONTEXT(2) 
PARAMETRIC_REPRESENTATION_CONTEXT() REPRESENTATION_CONTEXT('2D SPACE',''
  ) );
#7992 = ADVANCED_FACE('',(#7993),#2603,.F.);
#7993 = FACE_BOUND('',#7994,.F.);
#7994 = EDGE_LOOP('',(#7995,#7996,#7997,#7998));
#7995 = ORIENTED_EDGE('',*,*,#2588,.F.);
#7996 = ORIENTED_EDGE('',*,*,#7942,.F.);
#7997 = ORIENTED_EDGE('',*,*,#5196,.T.);
#7998 = ORIENTED_EDGE('',*,*,#7999,.T.);
#7999 = EDGE_CURVE('',#5173,#2560,#8000,.T.);
#8000 = SURFACE_CURVE('',#8001,(#8005,#8012),.PCURVE_S1.);
#8001 = LINE('',#8002,#8003);
#8002 = CARTESIAN_POINT('',(70.,149.,-1.));
#8003 = VECTOR('',#8004,1.);
#8004 = DIRECTION('',(0.,0.,1.));
#8005 = PCURVE('',#2603,#8006);
#8006 = DEFINITIONAL_REPRESENTATION('',(#8007),#8011);
#8007 = LINE('',#8008,#8009);
#8008 = CARTESIAN_POINT('',(0.,-3.));
#8009 = VECTOR('',#8010,1.);
#8010 = DIRECTION('',(1.,0.));
#8011 = ( GEOMETRIC_REPRESENTATION_CONTEXT(2) 
PARAMETRIC_REPRESENTATION_CONTEXT() REPRESENTATION_CONTEXT('2D SPACE',''
  ) );
#8012 = PCURVE('',#2576,#8013);
#8013 = DEFINITIONAL_REPRESENTATION('',(#8014),#8018);
#8014 = LINE('',#8015,#8016);
#8015 = CARTESIAN_POINT('',(0.,0.));
#8016 = VECTOR('',#8017,1.);
#8017 = DIRECTION('',(0.,1.));
#8018 = ( GEOMETRIC_REPRESENTATION_CONTEXT(2) 
PARAMETRIC_REPRESENTATION_CONTEXT() REPRESENTATION_CONTEXT('2D SPACE',''
  ) );
#8019 = ADVANCED_FACE('',(#8020),#2576,.F.);
#8020 = FACE_BOUND('',#8021,.F.);
#8021 = EDGE_LOOP('',(#8022,#8023,#8024,#8025));
#8022 = ORIENTED_EDGE('',*,*,#7999,.F.);
#8023 = ORIENTED_EDGE('',*,*,#5172,.T.);
#8024 = ORIENTED_EDGE('',*,*,#7972,.T.);
#8025 = ORIENTED_EDGE('',*,*,#2559,.F.);
#8026 = ADVANCED_FACE('',(#8027),#2688,.F.);
#8027 = FACE_BOUND('',#8028,.F.);
#8028 = EDGE_LOOP('',(#8029,#8050,#8051,#8072));
#8029 = ORIENTED_EDGE('',*,*,#8030,.F.);
#8030 = EDGE_CURVE('',#5263,#2670,#8031,.T.);
#8031 = SURFACE_CURVE('',#8032,(#8036,#8043),.PCURVE_S1.);
#8032 = LINE('',#8033,#8034);
#8033 = CARTESIAN_POINT('',(88.,116.,-1.));
#8034 = VECTOR('',#8035,1.);
#8035 = DIRECTION('',(0.,0.,1.));
#8036 = PCURVE('',#2688,#8037);
#8037 = DEFINITIONAL_REPRESENTATION('',(#8038),#8042);
#8038 = LINE('',#8039,#8040);
#8039 = CARTESIAN_POINT('',(0.,0.));
#8040 = VECTOR('',#8041,1.);
#8041 = DIRECTION('',(0.,1.));
#8042 = ( GEOMETRIC_REPRESENTATION_CONTEXT(2) 
PARAMETRIC_REPRESENTATION_CONTEXT() REPRESENTATION_CONTEXT('2D SPACE',''
  ) );
#8043 = PCURVE('',#2715,#8044);
#8044 = DEFINITIONAL_REPRESENTATION('',(#8045),#8049);
#8045 = LINE('',#8046,#8047);
#8046 = CARTESIAN_POINT('',(0.,-1.));
#8047 = VECTOR('',#8048,1.);
#8048 = DIRECTION('',(1.,0.));
#8049 = ( GEOMETRIC_REPRESENTATION_CONTEXT(2) 
PARAMETRIC_REPRESENTATION_CONTEXT() REPRESENTATION_CONTEXT('2D SPACE',''
  ) );
#8050 = ORIENTED_EDGE('',*,*,#5262,.T.);
#8051 = ORIENTED_EDGE('',*,*,#8052,.T.);
#8052 = EDGE_CURVE('',#5265,#2672,#8053,.T.);
#8053 = SURFACE_CURVE('',#8054,(#8058,#8065),.PCURVE_S1.);
#8054 = LINE('',#8055,#8056);
#8055 = CARTESIAN_POINT('',(89.,115.,-1.));
#8056 = VECTOR('',#8057,1.);
#8057 = DIRECTION('',(0.,0.,1.));
#8058 = PCURVE('',#2688,#8059);
#8059 = DEFINITIONAL_REPRESENTATION('',(#8060),#8064);
#8060 = LINE('',#8061,#8062);
#8061 = CARTESIAN_POINT('',(1.570796326795,0.));
#8062 = VECTOR('',#8063,1.);
#8063 = DIRECTION('',(0.,1.));
#8064 = ( GEOMETRIC_REPRESENTATION_CONTEXT(2) 
PARAMETRIC_REPRESENTATION_CONTEXT() REPRESENTATION_CONTEXT('2D SPACE',''
  ) );
#8065 = PCURVE('',#2878,#8066);
#8066 = DEFINITIONAL_REPRESENTATION('',(#8067),#8071);
#8067 = LINE('',#8068,#8069);
#8068 = CARTESIAN_POINT('',(0.,1.));
#8069 = VECTOR('',#8070,1.);
#8070 = DIRECTION('',(1.,0.));
#8071 = ( GEOMETRIC_REPRESENTATION_CONTEXT(2) 
PARAMETRIC_REPRESENTATION_CONTEXT() REPRESENTATION_CONTEXT('2D SPACE',''
  ) );
#8072 = ORIENTED_EDGE('',*,*,#2669,.F.);
#8073 = ADVANCED_FACE('',(#8074),#2715,.T.);
#8074 = FACE_BOUND('',#8075,.T.);
#8075 = EDGE_LOOP('',(#8076,#8077,#8078,#8079));
#8076 = ORIENTED_EDGE('',*,*,#2700,.F.);
#8077 = ORIENTED_EDGE('',*,*,#8030,.F.);
#8078 = ORIENTED_EDGE('',*,*,#5288,.T.);
#8079 = ORIENTED_EDGE('',*,*,#8080,.T.);
#8080 = EDGE_CURVE('',#5289,#2701,#8081,.T.);
#8081 = SURFACE_CURVE('',#8082,(#8086,#8093),.PCURVE_S1.);
#8082 = LINE('',#8083,#8084);
#8083 = CARTESIAN_POINT('',(88.,118.,-1.));
#8084 = VECTOR('',#8085,1.);
#8085 = DIRECTION('',(0.,0.,1.));
#8086 = PCURVE('',#2715,#8087);
#8087 = DEFINITIONAL_REPRESENTATION('',(#8088),#8092);
#8088 = LINE('',#8089,#8090);
#8089 = CARTESIAN_POINT('',(0.,-3.));
#8090 = VECTOR('',#8091,1.);
#8091 = DIRECTION('',(1.,0.));
#8092 = ( GEOMETRIC_REPRESENTATION_CONTEXT(2) 
PARAMETRIC_REPRESENTATION_CONTEXT() REPRESENTATION_CONTEXT('2D SPACE',''
  ) );
#8093 = PCURVE('',#2743,#8094);
#8094 = DEFINITIONAL_REPRESENTATION('',(#8095),#8099);
#8095 = LINE('',#8096,#8097);
#8096 = CARTESIAN_POINT('',(-0.,0.));
#8097 = VECTOR('',#8098,1.);
#8098 = DIRECTION('',(-0.,1.));
#8099 = ( GEOMETRIC_REPRESENTATION_CONTEXT(2) 
PARAMETRIC_REPRESENTATION_CONTEXT() REPRESENTATION_CONTEXT('2D SPACE',''
  ) );
#8100 = ADVANCED_FACE('',(#8101),#2878,.T.);
#8101 = FACE_BOUND('',#8102,.T.);
#8102 = EDGE_LOOP('',(#8103,#8104,#8105,#8106));
#8103 = ORIENTED_EDGE('',*,*,#5423,.T.);
#8104 = ORIENTED_EDGE('',*,*,#8052,.T.);
#8105 = ORIENTED_EDGE('',*,*,#2865,.F.);
#8106 = ORIENTED_EDGE('',*,*,#8107,.F.);
#8107 = EDGE_CURVE('',#5400,#2837,#8108,.T.);
#8108 = SURFACE_CURVE('',#8109,(#8113,#8120),.PCURVE_S1.);
#8109 = LINE('',#8110,#8111);
#8110 = CARTESIAN_POINT('',(103.,115.,-1.));
#8111 = VECTOR('',#8112,1.);
#8112 = DIRECTION('',(0.,0.,1.));
#8113 = PCURVE('',#2878,#8114);
#8114 = DEFINITIONAL_REPRESENTATION('',(#8115),#8119);
#8115 = LINE('',#8116,#8117);
#8116 = CARTESIAN_POINT('',(0.,15.));
#8117 = VECTOR('',#8118,1.);
#8118 = DIRECTION('',(1.,0.));
#8119 = ( GEOMETRIC_REPRESENTATION_CONTEXT(2) 
PARAMETRIC_REPRESENTATION_CONTEXT() REPRESENTATION_CONTEXT('2D SPACE',''
  ) );
#8120 = PCURVE('',#2853,#8121);
#8121 = DEFINITIONAL_REPRESENTATION('',(#8122),#8126);
#8122 = LINE('',#8123,#8124);
#8123 = CARTESIAN_POINT('',(-1.570796326795,0.));
#8124 = VECTOR('',#8125,1.);
#8125 = DIRECTION('',(-0.,1.));
#8126 = ( GEOMETRIC_REPRESENTATION_CONTEXT(2) 
PARAMETRIC_REPRESENTATION_CONTEXT() REPRESENTATION_CONTEXT('2D SPACE',''
  ) );
#8127 = ADVANCED_FACE('',(#8128),#2743,.F.);
#8128 = FACE_BOUND('',#8129,.T.);
#8129 = EDGE_LOOP('',(#8130,#8131,#8132,#8153));
#8130 = ORIENTED_EDGE('',*,*,#8080,.F.);
#8131 = ORIENTED_EDGE('',*,*,#5309,.F.);
#8132 = ORIENTED_EDGE('',*,*,#8133,.T.);
#8133 = EDGE_CURVE('',#5310,#2727,#8134,.T.);
#8134 = SURFACE_CURVE('',#8135,(#8139,#8146),.PCURVE_S1.);
#8135 = LINE('',#8136,#8137);
#8136 = CARTESIAN_POINT('',(89.,119.,-1.));
#8137 = VECTOR('',#8138,1.);
#8138 = DIRECTION('',(0.,0.,1.));
#8139 = PCURVE('',#2743,#8140);
#8140 = DEFINITIONAL_REPRESENTATION('',(#8141),#8145);
#8141 = LINE('',#8142,#8143);
#8142 = CARTESIAN_POINT('',(-1.570796326795,0.));
#8143 = VECTOR('',#8144,1.);
#8144 = DIRECTION('',(-0.,1.));
#8145 = ( GEOMETRIC_REPRESENTATION_CONTEXT(2) 
PARAMETRIC_REPRESENTATION_CONTEXT() REPRESENTATION_CONTEXT('2D SPACE',''
  ) );
#8146 = PCURVE('',#2770,#8147);
#8147 = DEFINITIONAL_REPRESENTATION('',(#8148),#8152);
#8148 = LINE('',#8149,#8150);
#8149 = CARTESIAN_POINT('',(0.,1.));
#8150 = VECTOR('',#8151,1.);
#8151 = DIRECTION('',(1.,0.));
#8152 = ( GEOMETRIC_REPRESENTATION_CONTEXT(2) 
PARAMETRIC_REPRESENTATION_CONTEXT() REPRESENTATION_CONTEXT('2D SPACE',''
  ) );
#8153 = ORIENTED_EDGE('',*,*,#2726,.T.);
#8154 = ADVANCED_FACE('',(#8155),#2853,.F.);
#8155 = FACE_BOUND('',#8156,.T.);
#8156 = EDGE_LOOP('',(#8157,#8178,#8179,#8180));
#8157 = ORIENTED_EDGE('',*,*,#8158,.F.);
#8158 = EDGE_CURVE('',#5379,#2811,#8159,.T.);
#8159 = SURFACE_CURVE('',#8160,(#8164,#8171),.PCURVE_S1.);
#8160 = LINE('',#8161,#8162);
#8161 = CARTESIAN_POINT('',(104.,116.,-1.));
#8162 = VECTOR('',#8163,1.);
#8163 = DIRECTION('',(0.,0.,1.));
#8164 = PCURVE('',#2853,#8165);
#8165 = DEFINITIONAL_REPRESENTATION('',(#8166),#8170);
#8166 = LINE('',#8167,#8168);
#8167 = CARTESIAN_POINT('',(-0.,0.));
#8168 = VECTOR('',#8169,1.);
#8169 = DIRECTION('',(-0.,1.));
#8170 = ( GEOMETRIC_REPRESENTATION_CONTEXT(2) 
PARAMETRIC_REPRESENTATION_CONTEXT() REPRESENTATION_CONTEXT('2D SPACE',''
  ) );
#8171 = PCURVE('',#2825,#8172);
#8172 = DEFINITIONAL_REPRESENTATION('',(#8173),#8177);
#8173 = LINE('',#8174,#8175);
#8174 = CARTESIAN_POINT('',(0.,-1.));
#8175 = VECTOR('',#8176,1.);
#8176 = DIRECTION('',(1.,0.));
#8177 = ( GEOMETRIC_REPRESENTATION_CONTEXT(2) 
PARAMETRIC_REPRESENTATION_CONTEXT() REPRESENTATION_CONTEXT('2D SPACE',''
  ) );
#8178 = ORIENTED_EDGE('',*,*,#5399,.F.);
#8179 = ORIENTED_EDGE('',*,*,#8107,.T.);
#8180 = ORIENTED_EDGE('',*,*,#2836,.T.);
#8181 = ADVANCED_FACE('',(#8182),#2770,.F.);
#8182 = FACE_BOUND('',#8183,.F.);
#8183 = EDGE_LOOP('',(#8184,#8185,#8186,#8187));
#8184 = ORIENTED_EDGE('',*,*,#5333,.T.);
#8185 = ORIENTED_EDGE('',*,*,#8133,.T.);
#8186 = ORIENTED_EDGE('',*,*,#2755,.F.);
#8187 = ORIENTED_EDGE('',*,*,#8188,.F.);
#8188 = EDGE_CURVE('',#5334,#2756,#8189,.T.);
#8189 = SURFACE_CURVE('',#8190,(#8194,#8201),.PCURVE_S1.);
#8190 = LINE('',#8191,#8192);
#8191 = CARTESIAN_POINT('',(103.,119.,-1.));
#8192 = VECTOR('',#8193,1.);
#8193 = DIRECTION('',(0.,0.,1.));
#8194 = PCURVE('',#2770,#8195);
#8195 = DEFINITIONAL_REPRESENTATION('',(#8196),#8200);
#8196 = LINE('',#8197,#8198);
#8197 = CARTESIAN_POINT('',(0.,15.));
#8198 = VECTOR('',#8199,1.);
#8199 = DIRECTION('',(1.,0.));
#8200 = ( GEOMETRIC_REPRESENTATION_CONTEXT(2) 
PARAMETRIC_REPRESENTATION_CONTEXT() REPRESENTATION_CONTEXT('2D SPACE',''
  ) );
#8201 = PCURVE('',#2798,#8202);
#8202 = DEFINITIONAL_REPRESENTATION('',(#8203),#8207);
#8203 = LINE('',#8204,#8205);
#8204 = CARTESIAN_POINT('',(1.570796326795,0.));
#8205 = VECTOR('',#8206,1.);
#8206 = DIRECTION('',(0.,1.));
#8207 = ( GEOMETRIC_REPRESENTATION_CONTEXT(2) 
PARAMETRIC_REPRESENTATION_CONTEXT() REPRESENTATION_CONTEXT('2D SPACE',''
  ) );
#8208 = ADVANCED_FACE('',(#8209),#2825,.F.);
#8209 = FACE_BOUND('',#8210,.F.);
#8210 = EDGE_LOOP('',(#8211,#8212,#8213,#8214));
#8211 = ORIENTED_EDGE('',*,*,#2810,.F.);
#8212 = ORIENTED_EDGE('',*,*,#8158,.F.);
#8213 = ORIENTED_EDGE('',*,*,#5378,.T.);
#8214 = ORIENTED_EDGE('',*,*,#8215,.T.);
#8215 = EDGE_CURVE('',#5355,#2782,#8216,.T.);
#8216 = SURFACE_CURVE('',#8217,(#8221,#8228),.PCURVE_S1.);
#8217 = LINE('',#8218,#8219);
#8218 = CARTESIAN_POINT('',(104.,118.,-1.));
#8219 = VECTOR('',#8220,1.);
#8220 = DIRECTION('',(0.,0.,1.));
#8221 = PCURVE('',#2825,#8222);
#8222 = DEFINITIONAL_REPRESENTATION('',(#8223),#8227);
#8223 = LINE('',#8224,#8225);
#8224 = CARTESIAN_POINT('',(0.,-3.));
#8225 = VECTOR('',#8226,1.);
#8226 = DIRECTION('',(1.,0.));
#8227 = ( GEOMETRIC_REPRESENTATION_CONTEXT(2) 
PARAMETRIC_REPRESENTATION_CONTEXT() REPRESENTATION_CONTEXT('2D SPACE',''
  ) );
#8228 = PCURVE('',#2798,#8229);
#8229 = DEFINITIONAL_REPRESENTATION('',(#8230),#8234);
#8230 = LINE('',#8231,#8232);
#8231 = CARTESIAN_POINT('',(0.,0.));
#8232 = VECTOR('',#8233,1.);
#8233 = DIRECTION('',(0.,1.));
#8234 = ( GEOMETRIC_REPRESENTATION_CONTEXT(2) 
PARAMETRIC_REPRESENTATION_CONTEXT() REPRESENTATION_CONTEXT('2D SPACE',''
  ) );
#8235 = ADVANCED_FACE('',(#8236),#2798,.F.);
#8236 = FACE_BOUND('',#8237,.F.);
#8237 = EDGE_LOOP('',(#8238,#8239,#8240,#8241));
#8238 = ORIENTED_EDGE('',*,*,#8215,.F.);
#8239 = ORIENTED_EDGE('',*,*,#5354,.T.);
#8240 = ORIENTED_EDGE('',*,*,#8188,.T.);
#8241 = ORIENTED_EDGE('',*,*,#2781,.F.);
#8242 = ADVANCED_FACE('',(#8243),#2910,.F.);
#8243 = FACE_BOUND('',#8244,.F.);
#8244 = EDGE_LOOP('',(#8245,#8266,#8267,#8288));
#8245 = ORIENTED_EDGE('',*,*,#8246,.F.);
#8246 = EDGE_CURVE('',#5445,#2892,#8247,.T.);
#8247 = SURFACE_CURVE('',#8248,(#8252,#8259),.PCURVE_S1.);
#8248 = LINE('',#8249,#8250);
#8249 = CARTESIAN_POINT('',(88.,147.,-1.));
#8250 = VECTOR('',#8251,1.);
#8251 = DIRECTION('',(0.,0.,1.));
#8252 = PCURVE('',#2910,#8253);
#8253 = DEFINITIONAL_REPRESENTATION('',(#8254),#8258);
#8254 = LINE('',#8255,#8256);
#8255 = CARTESIAN_POINT('',(0.,0.));
#8256 = VECTOR('',#8257,1.);
#8257 = DIRECTION('',(0.,1.));
#8258 = ( GEOMETRIC_REPRESENTATION_CONTEXT(2) 
PARAMETRIC_REPRESENTATION_CONTEXT() REPRESENTATION_CONTEXT('2D SPACE',''
  ) );
#8259 = PCURVE('',#2937,#8260);
#8260 = DEFINITIONAL_REPRESENTATION('',(#8261),#8265);
#8261 = LINE('',#8262,#8263);
#8262 = CARTESIAN_POINT('',(0.,-1.));
#8263 = VECTOR('',#8264,1.);
#8264 = DIRECTION('',(1.,0.));
#8265 = ( GEOMETRIC_REPRESENTATION_CONTEXT(2) 
PARAMETRIC_REPRESENTATION_CONTEXT() REPRESENTATION_CONTEXT('2D SPACE',''
  ) );
#8266 = ORIENTED_EDGE('',*,*,#5444,.T.);
#8267 = ORIENTED_EDGE('',*,*,#8268,.T.);
#8268 = EDGE_CURVE('',#5447,#2894,#8269,.T.);
#8269 = SURFACE_CURVE('',#8270,(#8274,#8281),.PCURVE_S1.);
#8270 = LINE('',#8271,#8272);
#8271 = CARTESIAN_POINT('',(89.,146.,-1.));
#8272 = VECTOR('',#8273,1.);
#8273 = DIRECTION('',(0.,0.,1.));
#8274 = PCURVE('',#2910,#8275);
#8275 = DEFINITIONAL_REPRESENTATION('',(#8276),#8280);
#8276 = LINE('',#8277,#8278);
#8277 = CARTESIAN_POINT('',(1.570796326795,0.));
#8278 = VECTOR('',#8279,1.);
#8279 = DIRECTION('',(0.,1.));
#8280 = ( GEOMETRIC_REPRESENTATION_CONTEXT(2) 
PARAMETRIC_REPRESENTATION_CONTEXT() REPRESENTATION_CONTEXT('2D SPACE',''
  ) );
#8281 = PCURVE('',#3100,#8282);
#8282 = DEFINITIONAL_REPRESENTATION('',(#8283),#8287);
#8283 = LINE('',#8284,#8285);
#8284 = CARTESIAN_POINT('',(0.,1.));
#8285 = VECTOR('',#8286,1.);
#8286 = DIRECTION('',(1.,0.));
#8287 = ( GEOMETRIC_REPRESENTATION_CONTEXT(2) 
PARAMETRIC_REPRESENTATION_CONTEXT() REPRESENTATION_CONTEXT('2D SPACE',''
  ) );
#8288 = ORIENTED_EDGE('',*,*,#2891,.F.);
#8289 = ADVANCED_FACE('',(#8290),#3100,.T.);
#8290 = FACE_BOUND('',#8291,.T.);
#8291 = EDGE_LOOP('',(#8292,#8293,#8294,#8295));
#8292 = ORIENTED_EDGE('',*,*,#5605,.T.);
#8293 = ORIENTED_EDGE('',*,*,#8268,.T.);
#8294 = ORIENTED_EDGE('',*,*,#3087,.F.);
#8295 = ORIENTED_EDGE('',*,*,#8296,.F.);
#8296 = EDGE_CURVE('',#5582,#3059,#8297,.T.);
#8297 = SURFACE_CURVE('',#8298,(#8302,#8309),.PCURVE_S1.);
#8298 = LINE('',#8299,#8300);
#8299 = CARTESIAN_POINT('',(103.,146.,-1.));
#8300 = VECTOR('',#8301,1.);
#8301 = DIRECTION('',(0.,0.,1.));
#8302 = PCURVE('',#3100,#8303);
#8303 = DEFINITIONAL_REPRESENTATION('',(#8304),#8308);
#8304 = LINE('',#8305,#8306);
#8305 = CARTESIAN_POINT('',(0.,15.));
#8306 = VECTOR('',#8307,1.);
#8307 = DIRECTION('',(1.,0.));
#8308 = ( GEOMETRIC_REPRESENTATION_CONTEXT(2) 
PARAMETRIC_REPRESENTATION_CONTEXT() REPRESENTATION_CONTEXT('2D SPACE',''
  ) );
#8309 = PCURVE('',#3075,#8310);
#8310 = DEFINITIONAL_REPRESENTATION('',(#8311),#8315);
#8311 = LINE('',#8312,#8313);
#8312 = CARTESIAN_POINT('',(-1.570796326795,0.));
#8313 = VECTOR('',#8314,1.);
#8314 = DIRECTION('',(-0.,1.));
#8315 = ( GEOMETRIC_REPRESENTATION_CONTEXT(2) 
PARAMETRIC_REPRESENTATION_CONTEXT() REPRESENTATION_CONTEXT('2D SPACE',''
  ) );
#8316 = ADVANCED_FACE('',(#8317),#3075,.F.);
#8317 = FACE_BOUND('',#8318,.T.);
#8318 = EDGE_LOOP('',(#8319,#8340,#8341,#8342));
#8319 = ORIENTED_EDGE('',*,*,#8320,.F.);
#8320 = EDGE_CURVE('',#5561,#3033,#8321,.T.);
#8321 = SURFACE_CURVE('',#8322,(#8326,#8333),.PCURVE_S1.);
#8322 = LINE('',#8323,#8324);
#8323 = CARTESIAN_POINT('',(104.,147.,-1.));
#8324 = VECTOR('',#8325,1.);
#8325 = DIRECTION('',(0.,0.,1.));
#8326 = PCURVE('',#3075,#8327);
#8327 = DEFINITIONAL_REPRESENTATION('',(#8328),#8332);
#8328 = LINE('',#8329,#8330);
#8329 = CARTESIAN_POINT('',(-0.,0.));
#8330 = VECTOR('',#8331,1.);
#8331 = DIRECTION('',(-0.,1.));
#8332 = ( GEOMETRIC_REPRESENTATION_CONTEXT(2) 
PARAMETRIC_REPRESENTATION_CONTEXT() REPRESENTATION_CONTEXT('2D SPACE',''
  ) );
#8333 = PCURVE('',#3047,#8334);
#8334 = DEFINITIONAL_REPRESENTATION('',(#8335),#8339);
#8335 = LINE('',#8336,#8337);
#8336 = CARTESIAN_POINT('',(0.,-1.));
#8337 = VECTOR('',#8338,1.);
#8338 = DIRECTION('',(1.,0.));
#8339 = ( GEOMETRIC_REPRESENTATION_CONTEXT(2) 
PARAMETRIC_REPRESENTATION_CONTEXT() REPRESENTATION_CONTEXT('2D SPACE',''
  ) );
#8340 = ORIENTED_EDGE('',*,*,#5581,.F.);
#8341 = ORIENTED_EDGE('',*,*,#8296,.T.);
#8342 = ORIENTED_EDGE('',*,*,#3058,.T.);
#8343 = ADVANCED_FACE('',(#8344),#3047,.F.);
#8344 = FACE_BOUND('',#8345,.F.);
#8345 = EDGE_LOOP('',(#8346,#8347,#8348,#8349));
#8346 = ORIENTED_EDGE('',*,*,#3032,.F.);
#8347 = ORIENTED_EDGE('',*,*,#8320,.F.);
#8348 = ORIENTED_EDGE('',*,*,#5560,.T.);
#8349 = ORIENTED_EDGE('',*,*,#8350,.T.);
#8350 = EDGE_CURVE('',#5537,#3004,#8351,.T.);
#8351 = SURFACE_CURVE('',#8352,(#8356,#8363),.PCURVE_S1.);
#8352 = LINE('',#8353,#8354);
#8353 = CARTESIAN_POINT('',(104.,149.,-1.));
#8354 = VECTOR('',#8355,1.);
#8355 = DIRECTION('',(0.,0.,1.));
#8356 = PCURVE('',#3047,#8357);
#8357 = DEFINITIONAL_REPRESENTATION('',(#8358),#8362);
#8358 = LINE('',#8359,#8360);
#8359 = CARTESIAN_POINT('',(0.,-3.));
#8360 = VECTOR('',#8361,1.);
#8361 = DIRECTION('',(1.,0.));
#8362 = ( GEOMETRIC_REPRESENTATION_CONTEXT(2) 
PARAMETRIC_REPRESENTATION_CONTEXT() REPRESENTATION_CONTEXT('2D SPACE',''
  ) );
#8363 = PCURVE('',#3020,#8364);
#8364 = DEFINITIONAL_REPRESENTATION('',(#8365),#8369);
#8365 = LINE('',#8366,#8367);
#8366 = CARTESIAN_POINT('',(0.,0.));
#8367 = VECTOR('',#8368,1.);
#8368 = DIRECTION('',(0.,1.));
#8369 = ( GEOMETRIC_REPRESENTATION_CONTEXT(2) 
PARAMETRIC_REPRESENTATION_CONTEXT() REPRESENTATION_CONTEXT('2D SPACE',''
  ) );
#8370 = ADVANCED_FACE('',(#8371),#3020,.F.);
#8371 = FACE_BOUND('',#8372,.F.);
#8372 = EDGE_LOOP('',(#8373,#8374,#8375,#8396));
#8373 = ORIENTED_EDGE('',*,*,#8350,.F.);
#8374 = ORIENTED_EDGE('',*,*,#5536,.T.);
#8375 = ORIENTED_EDGE('',*,*,#8376,.T.);
#8376 = EDGE_CURVE('',#5516,#2978,#8377,.T.);
#8377 = SURFACE_CURVE('',#8378,(#8382,#8389),.PCURVE_S1.);
#8378 = LINE('',#8379,#8380);
#8379 = CARTESIAN_POINT('',(103.,150.,-1.));
#8380 = VECTOR('',#8381,1.);
#8381 = DIRECTION('',(0.,0.,1.));
#8382 = PCURVE('',#3020,#8383);
#8383 = DEFINITIONAL_REPRESENTATION('',(#8384),#8388);
#8384 = LINE('',#8385,#8386);
#8385 = CARTESIAN_POINT('',(1.570796326795,0.));
#8386 = VECTOR('',#8387,1.);
#8387 = DIRECTION('',(0.,1.));
#8388 = ( GEOMETRIC_REPRESENTATION_CONTEXT(2) 
PARAMETRIC_REPRESENTATION_CONTEXT() REPRESENTATION_CONTEXT('2D SPACE',''
  ) );
#8389 = PCURVE('',#2992,#8390);
#8390 = DEFINITIONAL_REPRESENTATION('',(#8391),#8395);
#8391 = LINE('',#8392,#8393);
#8392 = CARTESIAN_POINT('',(0.,15.));
#8393 = VECTOR('',#8394,1.);
#8394 = DIRECTION('',(1.,0.));
#8395 = ( GEOMETRIC_REPRESENTATION_CONTEXT(2) 
PARAMETRIC_REPRESENTATION_CONTEXT() REPRESENTATION_CONTEXT('2D SPACE',''
  ) );
#8396 = ORIENTED_EDGE('',*,*,#3003,.F.);
#8397 = ADVANCED_FACE('',(#8398),#2992,.F.);
#8398 = FACE_BOUND('',#8399,.F.);
#8399 = EDGE_LOOP('',(#8400,#8401,#8422,#8423));
#8400 = ORIENTED_EDGE('',*,*,#5515,.T.);
#8401 = ORIENTED_EDGE('',*,*,#8402,.T.);
#8402 = EDGE_CURVE('',#5492,#2949,#8403,.T.);
#8403 = SURFACE_CURVE('',#8404,(#8408,#8415),.PCURVE_S1.);
#8404 = LINE('',#8405,#8406);
#8405 = CARTESIAN_POINT('',(89.,150.,-1.));
#8406 = VECTOR('',#8407,1.);
#8407 = DIRECTION('',(0.,0.,1.));
#8408 = PCURVE('',#2992,#8409);
#8409 = DEFINITIONAL_REPRESENTATION('',(#8410),#8414);
#8410 = LINE('',#8411,#8412);
#8411 = CARTESIAN_POINT('',(0.,1.));
#8412 = VECTOR('',#8413,1.);
#8413 = DIRECTION('',(1.,0.));
#8414 = ( GEOMETRIC_REPRESENTATION_CONTEXT(2) 
PARAMETRIC_REPRESENTATION_CONTEXT() REPRESENTATION_CONTEXT('2D SPACE',''
  ) );
#8415 = PCURVE('',#2965,#8416);
#8416 = DEFINITIONAL_REPRESENTATION('',(#8417),#8421);
#8417 = LINE('',#8418,#8419);
#8418 = CARTESIAN_POINT('',(-1.570796326795,0.));
#8419 = VECTOR('',#8420,1.);
#8420 = DIRECTION('',(-0.,1.));
#8421 = ( GEOMETRIC_REPRESENTATION_CONTEXT(2) 
PARAMETRIC_REPRESENTATION_CONTEXT() REPRESENTATION_CONTEXT('2D SPACE',''
  ) );
#8422 = ORIENTED_EDGE('',*,*,#2977,.F.);
#8423 = ORIENTED_EDGE('',*,*,#8376,.F.);
#8424 = ADVANCED_FACE('',(#8425),#2965,.F.);
#8425 = FACE_BOUND('',#8426,.T.);
#8426 = EDGE_LOOP('',(#8427,#8448,#8449,#8450));
#8427 = ORIENTED_EDGE('',*,*,#8428,.F.);
#8428 = EDGE_CURVE('',#5471,#2923,#8429,.T.);
#8429 = SURFACE_CURVE('',#8430,(#8434,#8441),.PCURVE_S1.);
#8430 = LINE('',#8431,#8432);
#8431 = CARTESIAN_POINT('',(88.,149.,-1.));
#8432 = VECTOR('',#8433,1.);
#8433 = DIRECTION('',(0.,0.,1.));
#8434 = PCURVE('',#2965,#8435);
#8435 = DEFINITIONAL_REPRESENTATION('',(#8436),#8440);
#8436 = LINE('',#8437,#8438);
#8437 = CARTESIAN_POINT('',(-0.,0.));
#8438 = VECTOR('',#8439,1.);
#8439 = DIRECTION('',(-0.,1.));
#8440 = ( GEOMETRIC_REPRESENTATION_CONTEXT(2) 
PARAMETRIC_REPRESENTATION_CONTEXT() REPRESENTATION_CONTEXT('2D SPACE',''
  ) );
#8441 = PCURVE('',#2937,#8442);
#8442 = DEFINITIONAL_REPRESENTATION('',(#8443),#8447);
#8443 = LINE('',#8444,#8445);
#8444 = CARTESIAN_POINT('',(0.,-3.));
#8445 = VECTOR('',#8446,1.);
#8446 = DIRECTION('',(1.,0.));
#8447 = ( GEOMETRIC_REPRESENTATION_CONTEXT(2) 
PARAMETRIC_REPRESENTATION_CONTEXT() REPRESENTATION_CONTEXT('2D SPACE',''
  ) );
#8448 = ORIENTED_EDGE('',*,*,#5491,.F.);
#8449 = ORIENTED_EDGE('',*,*,#8402,.T.);
#8450 = ORIENTED_EDGE('',*,*,#2948,.T.);
#8451 = ADVANCED_FACE('',(#8452),#2937,.T.);
#8452 = FACE_BOUND('',#8453,.T.);
#8453 = EDGE_LOOP('',(#8454,#8455,#8456,#8457));
#8454 = ORIENTED_EDGE('',*,*,#2922,.F.);
#8455 = ORIENTED_EDGE('',*,*,#8246,.F.);
#8456 = ORIENTED_EDGE('',*,*,#5470,.T.);
#8457 = ORIENTED_EDGE('',*,*,#8428,.T.);
#8458 = ADVANCED_FACE('',(#8459),#3134,.F.);
#8459 = FACE_BOUND('',#8460,.T.);
#8460 = EDGE_LOOP('',(#8461,#8462,#8483,#8484));
#8461 = ORIENTED_EDGE('',*,*,#5626,.T.);
#8462 = ORIENTED_EDGE('',*,*,#8463,.T.);
#8463 = EDGE_CURVE('',#5627,#3114,#8464,.T.);
#8464 = SEAM_CURVE('',#8465,(#8469,#8476),.PCURVE_S1.);
#8465 = LINE('',#8466,#8467);
#8466 = CARTESIAN_POINT('',(109.7,168.,-1.));
#8467 = VECTOR('',#8468,1.);
#8468 = DIRECTION('',(0.,0.,1.));
#8469 = PCURVE('',#3134,#8470);
#8470 = DEFINITIONAL_REPRESENTATION('',(#8471),#8475);
#8471 = LINE('',#8472,#8473);
#8472 = CARTESIAN_POINT('',(-6.28318530718,0.));
#8473 = VECTOR('',#8474,1.);
#8474 = DIRECTION('',(-0.,-1.));
#8475 = ( GEOMETRIC_REPRESENTATION_CONTEXT(2) 
PARAMETRIC_REPRESENTATION_CONTEXT() REPRESENTATION_CONTEXT('2D SPACE',''
  ) );
#8476 = PCURVE('',#3134,#8477);
#8477 = DEFINITIONAL_REPRESENTATION('',(#8478),#8482);
#8478 = LINE('',#8479,#8480);
#8479 = CARTESIAN_POINT('',(-0.,0.));
#8480 = VECTOR('',#8481,1.);
#8481 = DIRECTION('',(-0.,-1.));
#8482 = ( GEOMETRIC_REPRESENTATION_CONTEXT(2) 
PARAMETRIC_REPRESENTATION_CONTEXT() REPRESENTATION_CONTEXT('2D SPACE',''
  ) );
#8483 = ORIENTED_EDGE('',*,*,#3113,.F.);
#8484 = ORIENTED_EDGE('',*,*,#8463,.F.);
#8485 = ( GEOMETRIC_REPRESENTATION_CONTEXT(3) 
GLOBAL_UNCERTAINTY_ASSIGNED_CONTEXT((#8489)) 
GLOBAL_UNIT_ASSIGNED_CONTEXT((#8486,#8487,#8488)) REPRESENTATION_CONTEXT
('Context #1','3D Context with UNIT and UNCERTAINTY') );
#8486 = ( LENGTH_UNIT() NAMED_UNIT(*) SI_UNIT(.MILLI.,.METRE.) );
#8487 = ( NAMED_UNIT(*) PLANE_ANGLE_UNIT() SI_UNIT($,.RADIAN.) );
#8488 = ( NAMED_UNIT(*) SI_UNIT($,.STERADIAN.) SOLID_ANGLE_UNIT() );
#8489 = UNCERTAINTY_MEASURE_WITH_UNIT(LENGTH_MEASURE(1.E-07),#8486,
  'distance_accuracy_value','confusion accuracy');
#8490 = PRODUCT_RELATED_PRODUCT_CATEGORY('part',$,(#7));
ENDSEC;
END-ISO-10303-21;
